{
"type": "FeatureCollection",
"name": "mandya_mysuru_aoi",
"crs": { "type": "name", "properties": { "name": "urn:ogc:def:crs:OGC:1.3:CRS84" } },
"features": [
{ "type": "Feature", "properties": { "aoi_name": "Mandya_Mysuru_AOI", "districts": "Mandya, Mysuru", "area_sq_km": 11266.086650202444 }, "geometry": { "type": "Polygon", "coordinates": [ [ [ 76.303696585269023, 12.621797650204931 ], [ 76.303714147110171, 12.621798963053148 ], [ 76.303722272971953, 12.621825510682177 ], [ 76.303728508006785, 12.621845879991671 ], [ 76.303867030785099, 12.622298432662539 ], [ 76.304079676622138, 12.622805707118369 ], [ 76.304358379279606, 12.623130263142816 ], [ 76.304576511154181, 12.623517907120386 ], [ 76.304652580157935, 12.624109570195605 ], [ 76.30468472386579, 12.625045306309527 ], [ 76.304678052441744, 12.62510923595981 ], [ 76.304675826844175, 12.625130556098226 ], [ 76.304671371343531, 12.625173255161528 ], [ 76.304667986006109, 12.625205691256875 ], [ 76.304659199598063, 12.625289880917965 ], [ 76.304736297604137, 12.62534391809136 ], [ 76.304803623964744, 12.625391106664486 ], [ 76.304877936993009, 12.625373905656271 ], [ 76.304891759828337, 12.625370706321425 ], [ 76.305698853377876, 12.625183888809678 ], [ 76.305871412390673, 12.625144422946695 ], [ 76.305873381063904, 12.625143973024832 ], [ 76.305930515316319, 12.625131182739258 ], [ 76.305953670914391, 12.624896641477216 ], [ 76.306015418991535, 12.624761917461255 ], [ 76.306100026412452, 12.62465960506456 ], [ 76.30612873910178, 12.624570696205012 ], [ 76.306243758832423, 12.624441414393459 ], [ 76.306270295124364, 12.62441162605611 ], [ 76.306321926130423, 12.624353693726093 ], [ 76.30633420795651, 12.62432856699356 ], [ 76.306426922415397, 12.624272288732412 ], [ 76.306595431641682, 12.624170002167826 ], [ 76.307480239044267, 12.623888379528715 ], [ 76.307675562537042, 12.623830785419248 ], [ 76.308235599192088, 12.62366564775045 ], [ 76.308514217896743, 12.623544946629826 ], [ 76.308897900556474, 12.62336984489899 ], [ 76.308418398826859, 12.623209216906265 ], [ 76.308251434919924, 12.62315283671364 ], [ 76.308332482822877, 12.623084378284954 ], [ 76.30841052503628, 12.623018457864351 ], [ 76.308528679076787, 12.622918656466107 ], [ 76.308643082164721, 12.622822023237873 ], [ 76.309057885112864, 12.622484485061289 ], [ 76.309278309049787, 12.622311570410689 ], [ 76.309246959300353, 12.622242081791518 ], [ 76.309220863196344, 12.622184352116109 ], [ 76.30919498643452, 12.622127211727003 ], [ 76.30913244573587, 12.621989569908614 ], [ 76.309122910979482, 12.621925931278662 ], [ 76.309112166966756, 12.621854216078958 ], [ 76.309087892395169, 12.621691589391732 ], [ 76.309069969867792, 12.621570991283596 ], [ 76.308992280733818, 12.621023240442945 ], [ 76.308514735948592, 12.621166742423297 ], [ 76.308414188992188, 12.620555433269091 ], [ 76.308535982439224, 12.620522945696939 ], [ 76.308618931180177, 12.620500819418558 ], [ 76.308646380959971, 12.620493497403212 ], [ 76.308641600107364, 12.620453572126683 ], [ 76.30884193559227, 12.620385044184648 ], [ 76.309092845568543, 12.620293525005023 ], [ 76.309256641526858, 12.620233781003154 ], [ 76.30924043662138, 12.620088694619975 ], [ 76.309187322229718, 12.619314982469648 ], [ 76.309124816411583, 12.619177517586975 ], [ 76.309078666886435, 12.61907587180945 ], [ 76.30881845828155, 12.618499676256361 ], [ 76.308809619001039, 12.618396581797219 ], [ 76.308792768232465, 12.618198761529056 ], [ 76.308785433189328, 12.618112337311315 ], [ 76.308769735247623, 12.617925251890155 ], [ 76.30876371869914, 12.617853548719012 ], [ 76.308761480365305, 12.617826644233585 ], [ 76.308755633937935, 12.617756353309328 ], [ 76.308716487477227, 12.617278607079367 ], [ 76.308714645014788, 12.617255692178244 ], [ 76.308711140530207, 12.617210589278296 ], [ 76.308513028897096, 12.617228245909642 ], [ 76.308512347495295, 12.617228388477498 ], [ 76.308464813739789, 12.617238469579435 ], [ 76.308404899584858, 12.617250917652122 ], [ 76.308382988811331, 12.617255470388329 ], [ 76.308323646514737, 12.617092353526209 ], [ 76.30819485952496, 12.616777969321783 ], [ 76.308072979703581, 12.616501101383616 ], [ 76.307956514820887, 12.6162398257836 ], [ 76.307956493400994, 12.616239777068005 ], [ 76.307931368639828, 12.616183510632048 ], [ 76.307879263184333, 12.616066959146885 ], [ 76.307878957773923, 12.616066275347352 ], [ 76.307825194372114, 12.615945896843801 ], [ 76.307797233590236, 12.615883124931184 ], [ 76.307703283176735, 12.615666667333933 ], [ 76.307612223392113, 12.615453102161007 ], [ 76.30751691707431, 12.615231327856728 ], [ 76.307470608279814, 12.615124128641115 ], [ 76.307442939182778, 12.615060386969738 ], [ 76.307419866703071, 12.615007233117829 ], [ 76.30736880105168, 12.614889593296967 ], [ 76.307286295465715, 12.614700505731054 ], [ 76.307255557478797, 12.61463025066246 ], [ 76.307144481754946, 12.614442337141925 ], [ 76.307058754269661, 12.614297633153337 ], [ 76.306920792655518, 12.614065249907602 ], [ 76.306920235522199, 12.614064301537486 ], [ 76.306879809438271, 12.613996296159375 ], [ 76.306862164728273, 12.613937527534841 ], [ 76.306849679355196, 12.613895943806151 ], [ 76.306782165336273, 12.613671079475315 ], [ 76.306699000051722, 12.613394395450579 ], [ 76.306594045216912, 12.613045505704402 ], [ 76.306522299985346, 12.612807200137162 ], [ 76.306522068777696, 12.612806443645573 ], [ 76.306484451275779, 12.612681557544517 ], [ 76.30651353871616, 12.612429487713722 ], [ 76.306476584954325, 12.612331099775103 ], [ 76.306431524563607, 12.612211196300072 ], [ 76.306419349215119, 12.612178798319089 ], [ 76.306389578039997, 12.612099578885385 ], [ 76.306253855276353, 12.611738815931982 ], [ 76.306150682365583, 12.611464956136468 ], [ 76.306091243063904, 12.611307338473653 ], [ 76.306091144216524, 12.611307087621476 ], [ 76.306054586164223, 12.611210240019815 ], [ 76.306054388741615, 12.611019085906667 ], [ 76.306054279135751, 12.610817830026745 ], [ 76.306054273954643, 12.610795738750051 ], [ 76.306321505471701, 12.610744552055086 ], [ 76.306299919736617, 12.610353868057411 ], [ 76.306289564617089, 12.610162247382652 ], [ 76.306285155389205, 12.610079632014543 ], [ 76.306282952342698, 12.609996409163257 ], [ 76.306275718033532, 12.609706390759751 ], [ 76.306269529595781, 12.609420752948722 ], [ 76.306269246809322, 12.609405823377303 ], [ 76.306282704612272, 12.609411593446191 ], [ 76.306291916949817, 12.60941554265103 ], [ 76.30635297589663, 12.609400990325328 ], [ 76.306353008559768, 12.60943758117268 ], [ 76.306384218609566, 12.609452430949824 ], [ 76.306402322711961, 12.609461008982292 ], [ 76.306446133345943, 12.609481765904974 ], [ 76.307167701791499, 12.609823640184437 ], [ 76.307204880811014, 12.609841255176795 ], [ 76.307560053433534, 12.609980283062251 ], [ 76.3076493069305, 12.609999987415923 ], [ 76.307814441276136, 12.610036444562025 ], [ 76.308154575134012, 12.61011149811398 ], [ 76.308743700541413, 12.610241493295076 ], [ 76.308828137162152, 12.610260125084018 ], [ 76.309293624328603, 12.610362836398348 ], [ 76.310084569502209, 12.610537297568149 ], [ 76.311356649581995, 12.610425972367862 ], [ 76.311469099174559, 12.610437622794519 ], [ 76.311768157060982, 12.610468607536504 ], [ 76.312537475213176, 12.61054860224132 ], [ 76.312833877611851, 12.610579421611064 ], [ 76.312925697696087, 12.610578835679929 ], [ 76.312995510801514, 12.610578422968437 ], [ 76.314723056279831, 12.610574643712843 ], [ 76.314831630653245, 12.610574405923373 ], [ 76.31485533659621, 12.610574354347071 ], [ 76.314878341748127, 12.610574609989115 ], [ 76.316268463561741, 12.610589808834019 ], [ 76.316272027102457, 12.610589848233898 ], [ 76.317088250549318, 12.610598803604825 ], [ 76.317524706234309, 12.610603602105698 ], [ 76.317547687421069, 12.610603854923145 ], [ 76.317576697444295, 12.610604174742271 ], [ 76.318040021695978, 12.610762763199981 ], [ 76.318416453033606, 12.610891341962322 ], [ 76.318585457711094, 12.610949010895169 ], [ 76.318584498191086, 12.611051847526904 ], [ 76.31858411432691, 12.61112740340759 ], [ 76.318584093529537, 12.611221922387012 ], [ 76.318650034614521, 12.611254546110162 ], [ 76.318651451176677, 12.611255241588228 ], [ 76.318693748434853, 12.611276134034641 ], [ 76.318726561504008, 12.61129234133554 ], [ 76.318764520915963, 12.611311006735319 ], [ 76.318927059954945, 12.611390933240116 ], [ 76.319360155332959, 12.611602556203643 ], [ 76.319655050388945, 12.611746452133733 ], [ 76.319878240369121, 12.611855273828317 ], [ 76.320204060837995, 12.612014047520798 ], [ 76.320580065529782, 12.612197158226968 ], [ 76.320731043095449, 12.612270661140586 ], [ 76.320750912715539, 12.612262232711913 ], [ 76.320968418481485, 12.612169973572042 ], [ 76.321289103787691, 12.612033706875122 ], [ 76.321582161263478, 12.611908974234002 ], [ 76.321923575317385, 12.611763231694971 ], [ 76.322268271008952, 12.611615413019036 ], [ 76.322537968160447, 12.611499089964001 ], [ 76.322902644883072, 12.611341234882815 ], [ 76.323145810298811, 12.61123319020618 ], [ 76.323267440975613, 12.611179114213448 ], [ 76.323364530256711, 12.611135924605533 ], [ 76.323439296314262, 12.611102664752025 ], [ 76.323500537582049, 12.611075406255623 ], [ 76.323617751883461, 12.61102320897346 ], [ 76.323889302079948, 12.61090213630397 ], [ 76.324262736911223, 12.610711192954419 ], [ 76.32443992732658, 12.610620493498153 ], [ 76.324439981501058, 12.610620467011307 ], [ 76.324672493240101, 12.610509735425769 ], [ 76.324790417522195, 12.610453574290455 ], [ 76.325103116395567, 12.610307977644887 ], [ 76.32524630429748, 12.610241297738215 ], [ 76.32539754759739, 12.610169254587756 ], [ 76.325675048796214, 12.610036887733228 ], [ 76.325768148342092, 12.60998899964455 ], [ 76.325831766991143, 12.609961966634899 ], [ 76.326017726081844, 12.609880761638903 ], [ 76.326122243097686, 12.609898612842656 ], [ 76.326147595216653, 12.609902943204681 ], [ 76.326264685527022, 12.609923468584674 ], [ 76.326413228625299, 12.609950725025397 ], [ 76.32643207537312, 12.609929104462745 ], [ 76.326555204517689, 12.609946097333898 ], [ 76.326631625383683, 12.60995675576355 ], [ 76.326896938283966, 12.609993758459675 ], [ 76.327031755514653, 12.610012767009959 ], [ 76.327058454186059, 12.610110555030428 ], [ 76.32715911084297, 12.610125041025203 ], [ 76.327207922729698, 12.610313368307166 ], [ 76.327214021385572, 12.610336827750219 ], [ 76.327291627814375, 12.610635375396534 ], [ 76.327361764875178, 12.610904519734476 ], [ 76.327372261758029, 12.610944768635479 ], [ 76.327421817789215, 12.611134703206256 ], [ 76.327424890389977, 12.61114647891514 ], [ 76.327441845945216, 12.611211442122096 ], [ 76.327493625284021, 12.611409799755334 ], [ 76.327540576882029, 12.611589633310972 ], [ 76.327552565747851, 12.611635551484168 ], [ 76.327595840331327, 12.61180134308394 ], [ 76.327631136028955, 12.611936611090899 ], [ 76.327649930676884, 12.612044941849719 ], [ 76.327675796220475, 12.612194784327082 ], [ 76.32770938365492, 12.612391170087093 ], [ 76.327715106867586, 12.61242463679392 ], [ 76.32775052382614, 12.612634490523581 ], [ 76.327781918885563, 12.612823406821409 ], [ 76.327801008402446, 12.612939980363663 ], [ 76.327839901246008, 12.613182837291514 ], [ 76.327852643883318, 12.613264420237899 ], [ 76.327873532646635, 12.613351075240681 ], [ 76.327909053661799, 12.613498361745583 ], [ 76.327930934739896, 12.613589112698655 ], [ 76.327950203657025, 12.61366902409503 ], [ 76.327951232776783, 12.613675983083366 ], [ 76.327962081521221, 12.613749444163888 ], [ 76.327980529502369, 12.613874388093215 ], [ 76.32800940749263, 12.61406994462026 ], [ 76.328117001386644, 12.613991470965543 ], [ 76.328261776406691, 12.613879982630204 ], [ 76.328466750893938, 12.613723103987176 ], [ 76.328474186009956, 12.613771841045619 ], [ 76.328513399122173, 12.614029873836545 ], [ 76.328554867769981, 12.61430274756243 ], [ 76.328570477393768, 12.614496275232229 ], [ 76.328635152463093, 12.614888836297959 ], [ 76.328644172545495, 12.614943587511155 ], [ 76.328644335983483, 12.614944577566092 ], [ 76.32872192479789, 12.615415521961976 ], [ 76.328723899486775, 12.615427506521547 ], [ 76.328748382685689, 12.615576111635866 ], [ 76.328762241342403, 12.615667301979892 ], [ 76.328771707241714, 12.615729588248728 ], [ 76.328787876679556, 12.615835988124076 ], [ 76.328794345317931, 12.615900056773407 ], [ 76.328795909133504, 12.615915547576451 ], [ 76.328796910929327, 12.615949144404656 ], [ 76.328805037844504, 12.616201187626167 ], [ 76.32880330722071, 12.616287193804494 ], [ 76.328802668293093, 12.616318941822536 ], [ 76.328798792307438, 12.616511555624562 ], [ 76.328796006646201, 12.616650001680084 ], [ 76.328786637788127, 12.617115613335406 ], [ 76.328856126633553, 12.618044977235076 ], [ 76.328862556047071, 12.618131391212938 ], [ 76.328869520657449, 12.618225009822922 ], [ 76.328858210654644, 12.618579818444612 ], [ 76.328851834376295, 12.618779872551215 ], [ 76.328837480314277, 12.618856232665786 ], [ 76.328773494158156, 12.61919666102577 ], [ 76.328723289568316, 12.619463970517726 ], [ 76.328680519178405, 12.619691656216325 ], [ 76.328659571365748, 12.619803028759256 ], [ 76.328654958737573, 12.619827519636981 ], [ 76.328619132940133, 12.62001667610313 ], [ 76.328618358482998, 12.620020726603029 ], [ 76.328602847223692, 12.620101911197265 ], [ 76.328587267345071, 12.620183357410609 ], [ 76.328579501106674, 12.620223946595857 ], [ 76.328382206878345, 12.621076401062881 ], [ 76.328382832688277, 12.621085468546822 ], [ 76.328407537723137, 12.621440195570953 ], [ 76.328415670738238, 12.621567211271147 ], [ 76.328429689866809, 12.621785051015975 ], [ 76.328438342906807, 12.621918821188464 ], [ 76.3284412950525, 12.621964299615009 ], [ 76.328472235324995, 12.622439981758491 ], [ 76.328476681017762, 12.622568666636818 ], [ 76.328477346583952, 12.622587933709024 ], [ 76.328479584671726, 12.622652731273941 ], [ 76.328482188504822, 12.622728108326111 ], [ 76.328504071937658, 12.623361532605104 ], [ 76.328509385781359, 12.62431626479805 ], [ 76.328509680409908, 12.624508732091805 ], [ 76.328509800578232, 12.624587130259808 ], [ 76.328510336019193, 12.624937726488071 ], [ 76.328518196053437, 12.625532045936085 ], [ 76.328518231240253, 12.625538506288159 ], [ 76.328518232686832, 12.625538786544537 ], [ 76.328518590844993, 12.625604786831381 ], [ 76.328486467084375, 12.625797503190944 ], [ 76.328456865856282, 12.625974027646553 ], [ 76.328435496664056, 12.626100849320563 ], [ 76.328425147313339, 12.626161972984193 ], [ 76.328406487203168, 12.626272179622989 ], [ 76.328397677078613, 12.626324214180062 ], [ 76.328643352339711, 12.626439386323712 ], [ 76.328868540747138, 12.626546777606414 ], [ 76.328870869500676, 12.626547967526099 ], [ 76.328957836487874, 12.626592419070999 ], [ 76.3287568440916, 12.626886507834165 ], [ 76.328340572452632, 12.627403346799353 ], [ 76.328127301448319, 12.627681646064863 ], [ 76.327772795737133, 12.628083625024605 ], [ 76.32748629496264, 12.628408490204057 ], [ 76.327178057676321, 12.628758002606217 ], [ 76.326885522284826, 12.629036702601521 ], [ 76.326639336514702, 12.629271244590861 ], [ 76.326567257074188, 12.629339914114533 ], [ 76.325651212114849, 12.630243875496703 ], [ 76.325287759299727, 12.630614055561042 ], [ 76.323841690706899, 12.63265447189384 ], [ 76.323746518262524, 12.632605615993512 ], [ 76.323644194718327, 12.632607762895343 ], [ 76.323186321206208, 12.632618094592702 ], [ 76.323032608341293, 12.632583436251497 ], [ 76.323014841217841, 12.632655294565353 ], [ 76.322839673054787, 12.633363751341353 ], [ 76.322679148085001, 12.633995036616739 ], [ 76.322676395565864, 12.634005794323897 ], [ 76.322649342655254, 12.634111406300287 ], [ 76.32262245700764, 12.634216249883993 ], [ 76.322677335407306, 12.6342182713614 ], [ 76.322670765075941, 12.63424423288739 ], [ 76.322733313466344, 12.634247233399963 ], [ 76.322861761146754, 12.634253394054392 ], [ 76.322870636144415, 12.634253824672525 ], [ 76.32291997535944, 12.634256220740674 ], [ 76.322935675579558, 12.634256982747351 ], [ 76.32302082332771, 12.634325199710787 ], [ 76.323418111786239, 12.634643454445106 ], [ 76.323490197632225, 12.634701178239659 ], [ 76.323567483344405, 12.63476306569722 ], [ 76.323875870388733, 12.635010010573724 ], [ 76.324029417748022, 12.635132924179924 ], [ 76.324118818054657, 12.635204480977311 ], [ 76.324199915261275, 12.635269385185238 ], [ 76.324326017666408, 12.635370289510123 ], [ 76.324445502988084, 12.635465860030553 ], [ 76.324607306851561, 12.635595199101159 ], [ 76.324717948368033, 12.63568349581185 ], [ 76.324848067763156, 12.635786896841944 ], [ 76.324983312429154, 12.635893540568016 ], [ 76.325148141401883, 12.636023309933584 ], [ 76.325258531511935, 12.63611009149537 ], [ 76.32531233058215, 12.636152339209334 ], [ 76.325395857388699, 12.636217864674155 ], [ 76.32544495763598, 12.636256347632299 ], [ 76.3255314510007, 12.63632407148067 ], [ 76.32553322389569, 12.636325461273609 ], [ 76.325583413563194, 12.636364716292098 ], [ 76.325677341831295, 12.63643815033751 ], [ 76.325709994939785, 12.636463678227392 ], [ 76.325841187952676, 12.636566249740492 ], [ 76.325944330102061, 12.636646874992044 ], [ 76.326083884758972, 12.636755962954314 ], [ 76.326211650448613, 12.636855822798196 ], [ 76.326391602333402, 12.636996423726327 ], [ 76.326440767813679, 12.637034824779338 ], [ 76.326525291067114, 12.637100843020459 ], [ 76.326646100005846, 12.637195169028018 ], [ 76.326726679846175, 12.637258051590406 ], [ 76.326759044670979, 12.637284228083299 ], [ 76.326802377444039, 12.637319276838301 ], [ 76.326911741406477, 12.637321170894415 ], [ 76.327101541372684, 12.637324519727235 ], [ 76.327151917090191, 12.637325360206992 ], [ 76.327350875164186, 12.637328502351606 ], [ 76.327376597248886, 12.637328886006632 ], [ 76.327428454672983, 12.637359950442489 ], [ 76.327428576568892, 12.637360023065748 ], [ 76.327506454550132, 12.637406662636552 ], [ 76.327535332347395, 12.637423955762786 ], [ 76.327562399227702, 12.637440164874814 ], [ 76.327603410500558, 12.637464725111602 ], [ 76.327641954228511, 12.637487799574979 ], [ 76.327666286724764, 12.637502370544636 ], [ 76.327742598517716, 12.637548059516572 ], [ 76.3277889483075, 12.637575798084217 ], [ 76.327789546129409, 12.637576042823765 ], [ 76.327873590707782, 12.637626464050731 ], [ 76.327959173214822, 12.637677689447729 ], [ 76.328065704647912, 12.63774145034481 ], [ 76.328131792670035, 12.637780987255189 ], [ 76.328141386278332, 12.637839066991537 ], [ 76.328160549931383, 12.637955295288334 ], [ 76.32817659382637, 12.638052846460965 ], [ 76.328182864251161, 12.638091006982471 ], [ 76.328199355216043, 12.638191515866636 ], [ 76.328208022708537, 12.638244424378499 ], [ 76.328215172205432, 12.638288084528964 ], [ 76.328223078567945, 12.638336400512371 ], [ 76.328237112353634, 12.638422278323411 ], [ 76.32824422725507, 12.638465832867151 ], [ 76.328251035458308, 12.638507400876788 ], [ 76.328258868113096, 12.638555167546563 ], [ 76.328266701659601, 12.638602927882674 ], [ 76.328274051294102, 12.638647722549987 ], [ 76.328281225779151, 12.63869140246047 ], [ 76.328288313171981, 12.638734618109627 ], [ 76.328298309755994, 12.638796550798775 ], [ 76.328305009004382, 12.638838764856976 ], [ 76.328307214642933, 12.638852810429507 ], [ 76.328331069693263, 12.638888978441033 ], [ 76.328376738633011, 12.638958252578366 ], [ 76.328402450566799, 12.638997266398546 ], [ 76.3284331526919, 12.639043845964981 ], [ 76.328458940744412, 12.63908297783242 ], [ 76.328491758517558, 12.639132772587647 ], [ 76.328525018044175, 12.639183249520956 ], [ 76.328553805155408, 12.639226945571382 ], [ 76.328573083120062, 12.639256197586787 ], [ 76.328586421674544, 12.639276446585427 ], [ 76.328601336672619, 12.639299077197274 ], [ 76.328614977724271, 12.6393197848607 ], [ 76.328628911971421, 12.639340933154681 ], [ 76.328640383549342, 12.639358338193242 ], [ 76.328659898202389, 12.639387959691389 ], [ 76.328672342265364, 12.639406848893014 ], [ 76.328693314649811, 12.639438681722858 ], [ 76.328709332990158, 12.63946299654379 ], [ 76.328731721321915, 12.639496971298749 ], [ 76.32875410508025, 12.639530950594363 ], [ 76.328775792864292, 12.639563862931627 ], [ 76.328801552314488, 12.639602961446354 ], [ 76.328837427703391, 12.639657405026782 ], [ 76.328858099483014, 12.639688780067535 ], [ 76.328871696940666, 12.639709416508689 ], [ 76.328871969722684, 12.639709826503054 ], [ 76.328876063644671, 12.639716044213037 ], [ 76.328891123454284, 12.639738895579624 ], [ 76.328899265826621, 12.639751260707547 ], [ 76.328919590598503, 12.639782111300066 ], [ 76.32894042199446, 12.639813727828628 ], [ 76.328969241656594, 12.639857458915492 ], [ 76.328988040966522, 12.63988599272907 ], [ 76.32901459290072, 12.639926291493209 ], [ 76.3290505027406, 12.639980791820111 ], [ 76.329071933579016, 12.640013314845676 ], [ 76.329080488847026, 12.640026299007069 ], [ 76.329112804004509, 12.64007534126303 ], [ 76.329153076933835, 12.640136471096596 ], [ 76.329185356819636, 12.640185452039509 ], [ 76.329214557067218, 12.640229771553972 ], [ 76.329231298117207, 12.640239470167463 ], [ 76.329235947378905, 12.640242162825356 ], [ 76.329274463771654, 12.640264470475506 ], [ 76.329289994249919, 12.640273465422668 ], [ 76.329310311563802, 12.640285230089658 ], [ 76.329375948011034, 12.640323264475571 ], [ 76.329446248331834, 12.640363964302026 ], [ 76.329519509146365, 12.640406395110556 ], [ 76.329604389919936, 12.64045555482712 ], [ 76.329671002357728, 12.640494132132773 ], [ 76.329727670882178, 12.640526962096756 ], [ 76.329809352033237, 12.640574240048187 ], [ 76.329826075578069, 12.640583927858236 ], [ 76.329851101298971, 12.640598417376902 ], [ 76.329870466640969, 12.640609629835284 ], [ 76.329924798002708, 12.640641085465777 ], [ 76.32996964798869, 12.640667049124461 ], [ 76.330026003430248, 12.640699673546349 ], [ 76.330078829649935, 12.64073024794628 ], [ 76.330113218538187, 12.640750149519592 ], [ 76.330115246534376, 12.640753858762727 ], [ 76.330115468677121, 12.640754267200014 ], [ 76.330127696027461, 12.64076130859624 ], [ 76.330163020733238, 12.640781653913608 ], [ 76.330165125981409, 12.640785347401499 ], [ 76.330165745687495, 12.640786439143351 ], [ 76.330312166232176, 12.641043269317763 ], [ 76.330375284400944, 12.641265813166559 ], [ 76.330377632557017, 12.641274103561992 ], [ 76.330430798978938, 12.641461982406037 ], [ 76.33043771978349, 12.641486437428377 ], [ 76.330482850348901, 12.641489732627715 ], [ 76.33050863582352, 12.641491615483206 ], [ 76.330580643215086, 12.641496872149897 ], [ 76.330577784979923, 12.641507959520073 ], [ 76.330570942193518, 12.641534505657646 ], [ 76.330570786064428, 12.641535112166807 ], [ 76.330519055439964, 12.641734917679146 ], [ 76.330506071436716, 12.64178482230086 ], [ 76.330502551934316, 12.641798351259906 ], [ 76.330484844035269, 12.641866191885846 ], [ 76.33061194928608, 12.641928527970361 ], [ 76.330816595524027, 12.642028918979793 ], [ 76.330890339273736, 12.642065094351507 ], [ 76.330898094289438, 12.642033730362595 ], [ 76.330909957402298, 12.64198552375248 ], [ 76.330928113445992, 12.641911264656565 ], [ 76.331035134405724, 12.641929695909745 ], [ 76.331071457089124, 12.641935955144783 ], [ 76.331145140936826, 12.641948652844277 ], [ 76.331178966522785, 12.6419544878673 ], [ 76.331283991866911, 12.641972617982232 ], [ 76.331408015828984, 12.641994045239231 ], [ 76.33154373235709, 12.642017535885836 ], [ 76.331668302247948, 12.642039133872318 ], [ 76.331691582875507, 12.642043174489169 ], [ 76.331804138153984, 12.642062736794436 ], [ 76.331912355337479, 12.64208156853898 ], [ 76.332033164476101, 12.642102628232221 ], [ 76.332120911722356, 12.64211795131734 ], [ 76.332196492118157, 12.642131177161016 ], [ 76.332287664689517, 12.642147143042644 ], [ 76.332292755799955, 12.642148037037463 ], [ 76.332348163649655, 12.642157762743791 ], [ 76.332351233058915, 12.642158301597686 ], [ 76.332395171441817, 12.642166021530807 ], [ 76.332387961891243, 12.642220525296972 ], [ 76.332372256062769, 12.642339184823127 ], [ 76.332366532135438, 12.642382448047215 ], [ 76.332356844757584, 12.642455522119358 ], [ 76.332341681119473, 12.642569910802354 ], [ 76.332326905075931, 12.642681993967621 ], [ 76.332310603307718, 12.642807352944223 ], [ 76.33229704068674, 12.642912873700622 ], [ 76.332293445162406, 12.64294102463794 ], [ 76.332274783694018, 12.643088209802057 ], [ 76.33226011435778, 12.643205078597557 ], [ 76.332247073063783, 12.643309764094557 ], [ 76.33223595891036, 12.643399403404988 ], [ 76.332230861641477, 12.643440661875722 ], [ 76.332304097965718, 12.643462841559789 ], [ 76.332434693307334, 12.643502390110315 ], [ 76.33255080919335, 12.643537546676013 ], [ 76.33272469452119, 12.643590205568229 ], [ 76.332887574775029, 12.643639516447948 ], [ 76.333075483192658, 12.643696409255936 ], [ 76.333187522656274, 12.643730322926993 ], [ 76.333338286868596, 12.643775961205622 ], [ 76.333348299761482, 12.643778991287681 ], [ 76.33348475791334, 12.643820300928317 ], [ 76.333680792770096, 12.64387963249375 ], [ 76.333830359305622, 12.643924900375911 ], [ 76.334039078481624, 12.643988070155675 ], [ 76.334187071120482, 12.644032860216564 ], [ 76.334242599973891, 12.644049670095708 ], [ 76.33433390288981, 12.644077297085587 ], [ 76.334376867378097, 12.644090293179017 ], [ 76.334605836609029, 12.644159575689486 ], [ 76.334773244808844, 12.644210235051572 ], [ 76.334959182291669, 12.644266486292015 ], [ 76.335121833530508, 12.644315698324464 ], [ 76.33533897361383, 12.644381391496214 ], [ 76.335420042454004, 12.644405913254403 ], [ 76.335464322882444, 12.64441931301616 ], [ 76.335635703622415, 12.644471155215591 ], [ 76.335882929692218, 12.644545934032983 ], [ 76.336077214276528, 12.644604701126022 ], [ 76.336348149242383, 12.644686644725644 ], [ 76.336673400878922, 12.644785020127157 ], [ 76.336992729177169, 12.644881593175858 ], [ 76.337257174930997, 12.644961564023751 ], [ 76.337611438755971, 12.64506869230086 ], [ 76.338149630164494, 12.645231410935899 ], [ 76.338525713068137, 12.645345122098044 ], [ 76.338739473047426, 12.645409737186588 ], [ 76.338738626359515, 12.645424285235839 ], [ 76.338736874734124, 12.645454570480759 ], [ 76.338735679633473, 12.645475224570021 ], [ 76.338706510877174, 12.645978122462203 ], [ 76.338617041435057, 12.647524045649874 ], [ 76.338534451943559, 12.649016967354813 ], [ 76.338465994839098, 12.65025111981646 ], [ 76.33852165414396, 12.650335945774215 ], [ 76.33948197417817, 12.65179926603196 ], [ 76.339741959069414, 12.652220067153069 ], [ 76.33985137672056, 12.652397175629821 ], [ 76.339934523405688, 12.65253176217329 ], [ 76.339935238807513, 12.652533006191295 ], [ 76.340110573884161, 12.652837737774904 ], [ 76.340228545284191, 12.653042761372861 ], [ 76.340423314050412, 12.653381265864498 ], [ 76.340605058333111, 12.653697131808361 ], [ 76.340733756503838, 12.653750887229553 ], [ 76.341311784749166, 12.653992323088755 ], [ 76.342452032018357, 12.654468564931539 ], [ 76.342461469808896, 12.654489169012574 ], [ 76.342480338884272, 12.65453036454894 ], [ 76.342532397638166, 12.654644013944317 ], [ 76.34260965570671, 12.65481269445138 ], [ 76.342696168133457, 12.654776372112011 ], [ 76.342745564819268, 12.654883752494696 ], [ 76.3426158239551, 12.654943293246191 ], [ 76.342766222761838, 12.655306081966433 ], [ 76.34285750550562, 12.65552627602187 ], [ 76.342786731686203, 12.655966588323066 ], [ 76.342516055101854, 12.65743073471053 ], [ 76.342299962853758, 12.658777983514048 ], [ 76.342277177730324, 12.658923940147014 ], [ 76.342230467537988, 12.659225697239679 ], [ 76.342200297507517, 12.6594205967329 ], [ 76.342194503249829, 12.659458028198333 ], [ 76.342435789907213, 12.659730550976029 ], [ 76.343347543190518, 12.660788759246273 ], [ 76.344459792162283, 12.662079651617081 ], [ 76.344724026247533, 12.662390224733688 ], [ 76.344819799315047, 12.662502885837801 ], [ 76.344930427502405, 12.662631976495 ], [ 76.344999941884581, 12.662713092573366 ], [ 76.345022957812503, 12.662754252385586 ], [ 76.345595692080821, 12.663778481342506 ], [ 76.345786845933731, 12.664120323634711 ], [ 76.345823862013233, 12.664186519409908 ], [ 76.347089014537772, 12.666142181541664 ], [ 76.347304946891327, 12.666475963678177 ], [ 76.347340722489918, 12.666531265106022 ], [ 76.348450320967999, 12.66782598984944 ], [ 76.348561840899649, 12.667956115516565 ], [ 76.349195648011801, 12.668658144096344 ], [ 76.349220979096501, 12.668686199885629 ], [ 76.349266630996453, 12.668736761491513 ], [ 76.351038094007478, 12.668685643632312 ], [ 76.351172746043119, 12.668681757521364 ], [ 76.352160713027885, 12.668357252526759 ], [ 76.353096119373348, 12.6680467631722 ], [ 76.353188406760864, 12.668016130526039 ], [ 76.352913890925066, 12.67000744352373 ], [ 76.352892718874656, 12.670161019858556 ], [ 76.352678503544666, 12.671983247013085 ], [ 76.352819909146262, 12.671945027140525 ], [ 76.353417297818197, 12.6717835593992 ], [ 76.353557109102042, 12.671788019119612 ], [ 76.35374655139573, 12.671794062294424 ], [ 76.35376062154026, 12.671792412177567 ], [ 76.354021952923659, 12.671761755764679 ], [ 76.354026917797825, 12.671782562845335 ], [ 76.354074609958403, 12.67198242294462 ], [ 76.354096852589592, 12.672075634459972 ], [ 76.354100257300331, 12.672089903150768 ], [ 76.353913710281333, 12.672071090064389 ], [ 76.353864232328974, 12.672066070348091 ], [ 76.353715718324011, 12.672051001606084 ], [ 76.353700823208072, 12.672796088093744 ], [ 76.35369944791006, 12.672862232839227 ], [ 76.353634592937567, 12.67288272812984 ], [ 76.353509020337867, 12.672922423781552 ], [ 76.353501447023021, 12.673146310526404 ], [ 76.353500492905169, 12.673174519485205 ], [ 76.353467018689173, 12.674130429840705 ], [ 76.353445937066198, 12.67471737084538 ], [ 76.353397437867358, 12.674877431904326 ], [ 76.353387819742991, 12.67490915747279 ], [ 76.353573331255532, 12.675011859619724 ], [ 76.353584810687465, 12.675266547548807 ], [ 76.353596892473831, 12.67553521104759 ], [ 76.353598923603656, 12.675580365955748 ], [ 76.353601978547502, 12.675648177833224 ], [ 76.353427742276196, 12.676652661304656 ], [ 76.353366120393318, 12.677012912869111 ], [ 76.353365715832055, 12.677015287193532 ], [ 76.353358406908626, 12.677058177052475 ], [ 76.353407830496167, 12.677658802768455 ], [ 76.353487331580666, 12.678610690480502 ], [ 76.353490627269309, 12.678650149664106 ], [ 76.353699722215012, 12.679107044931671 ], [ 76.353802926424137, 12.679333714238325 ], [ 76.35381879749977, 12.679368573671008 ], [ 76.353821635954162, 12.679374629100034 ], [ 76.353818957605995, 12.679821158170276 ], [ 76.353818952292855, 12.679821372460506 ], [ 76.353817045080973, 12.680135877121211 ], [ 76.353856018324961, 12.681021010378632 ], [ 76.353925967974604, 12.681184688303599 ], [ 76.353941638453605, 12.681222853087235 ], [ 76.354020270491361, 12.681420406314054 ], [ 76.353947154779689, 12.681492583186778 ], [ 76.353918524122022, 12.681520725193263 ], [ 76.353904486062262, 12.681535167709365 ], [ 76.353825528617335, 12.681615469303118 ], [ 76.353739425720988, 12.681703037979299 ], [ 76.353746568009214, 12.681745194261467 ], [ 76.35375495809474, 12.681794525166703 ], [ 76.353967502059575, 12.683044274356819 ], [ 76.353968916099362, 12.683052587250929 ], [ 76.354029553722569, 12.683407863730514 ], [ 76.354072344282159, 12.683658281979387 ], [ 76.35423419233507, 12.684334662310844 ], [ 76.354241842552398, 12.684333176817875 ], [ 76.354262434282532, 12.68442069461401 ], [ 76.354259987673743, 12.684442094516525 ], [ 76.354226879872741, 12.68473163412841 ], [ 76.354226324979635, 12.684736399563585 ], [ 76.354244403864968, 12.684909931923238 ], [ 76.354247145103642, 12.684936246090411 ], [ 76.354249924841369, 12.684962875579414 ], [ 76.354250045103981, 12.684964026743405 ], [ 76.354252852942977, 12.684964275514258 ], [ 76.354277706207696, 12.684966481319108 ], [ 76.354927095986767, 12.685024106178323 ], [ 76.356415788615763, 12.685149435537138 ], [ 76.356489910015128, 12.685155675762319 ], [ 76.359679633554819, 12.686572562258561 ], [ 76.359699409735157, 12.686581347063436 ], [ 76.359674446405336, 12.686666488262247 ], [ 76.359307102935929, 12.687920476377149 ], [ 76.359096224241526, 12.688627828290759 ], [ 76.359088205425437, 12.688705607776091 ], [ 76.358969819354087, 12.690262034012299 ], [ 76.358994176292896, 12.690268996320846 ], [ 76.358991269351776, 12.690312538145655 ], [ 76.359486661527811, 12.690486120313292 ], [ 76.360565180387809, 12.690812906717223 ], [ 76.361082784143591, 12.690969905345566 ], [ 76.361662837168652, 12.691220982919354 ], [ 76.361671077001617, 12.691224549681246 ], [ 76.361670592921996, 12.6913480305729 ], [ 76.361628905228329, 12.691645528384814 ], [ 76.361624647035597, 12.691675916710299 ], [ 76.361637806064664, 12.691676420605717 ], [ 76.361601196441157, 12.692326190329471 ], [ 76.361600480945455, 12.692418625152802 ], [ 76.361597284488326, 12.692833670438436 ], [ 76.361596982962482, 12.692872885611326 ], [ 76.361608884664733, 12.693074440933943 ], [ 76.361612170489437, 12.693130081667878 ], [ 76.361613296619012, 12.693160025610705 ], [ 76.361575314557399, 12.693861791230354 ], [ 76.361590059369703, 12.693939675467773 ], [ 76.361629028076024, 12.694145516437645 ], [ 76.361636288159374, 12.694183852052197 ], [ 76.361641029067883, 12.694208888295206 ], [ 76.361651372279582, 12.694277735506681 ], [ 76.361654991195792, 12.694301821007038 ], [ 76.36169319617359, 12.694556197640038 ], [ 76.361781582249066, 12.694959172224186 ], [ 76.361794539165871, 12.695018223176586 ], [ 76.361812914794811, 12.695101971479613 ], [ 76.361821403346795, 12.695140660595992 ], [ 76.361829169804523, 12.695346994225948 ], [ 76.361834659596454, 12.695492852470847 ], [ 76.36183626047962, 12.695533440183084 ], [ 76.361854682428074, 12.696000495332299 ], [ 76.361858010940779, 12.696084891268699 ], [ 76.361861259656351, 12.696167268847146 ], [ 76.361861377769273, 12.696170257064452 ], [ 76.361839555577603, 12.696326878113309 ], [ 76.361995849269221, 12.696416723702562 ], [ 76.362207157113517, 12.696641664475591 ], [ 76.362379441731932, 12.696901819560784 ], [ 76.362415301880546, 12.697174189723489 ], [ 76.362436565590272, 12.697177861368246 ], [ 76.362469268702029, 12.697190543827583 ], [ 76.362510877009854, 12.697206680190753 ], [ 76.362578964824721, 12.697233457927254 ], [ 76.362777636989918, 12.697277453919462 ], [ 76.3627532562585, 12.697437853530625 ], [ 76.362750713658542, 12.697454582650714 ], [ 76.362736997090963, 12.697544822191267 ], [ 76.36272725455882, 12.697608914903768 ], [ 76.362723024774922, 12.697635453598263 ], [ 76.362509081472552, 12.6986370939215 ], [ 76.362336412147329, 12.699430050618663 ], [ 76.362315404361041, 12.699526525809132 ], [ 76.362128100846661, 12.700386682195392 ], [ 76.362123248597356, 12.700538789862689 ], [ 76.362095259508351, 12.701416157271805 ], [ 76.362090868476017, 12.701580515286723 ], [ 76.362073224663874, 12.702240957356013 ], [ 76.362002245430119, 12.704897823461859 ], [ 76.361949005861078, 12.706890670356866 ], [ 76.361935851078826, 12.707383100468483 ], [ 76.361896471266192, 12.709083969611168 ], [ 76.36188355266232, 12.709641946373161 ], [ 76.361837350322858, 12.711637522134424 ], [ 76.36182270935754, 12.711636126420418 ], [ 76.359323037951327, 12.711397876350599 ], [ 76.357039702266306, 12.710470199300779 ], [ 76.356990241064679, 12.710450148992656 ], [ 76.356984290832003, 12.710530362417485 ], [ 76.356647566669309, 12.710383572363872 ], [ 76.355856470880767, 12.710647144300077 ], [ 76.354991541279418, 12.710939822372881 ], [ 76.354924890096427, 12.710962303392954 ], [ 76.354829054411141, 12.710994628659146 ], [ 76.354774015702205, 12.711013179123547 ], [ 76.354772868505989, 12.711013565594277 ], [ 76.354769021548606, 12.711014863590711 ], [ 76.354672455693631, 12.711047386003404 ], [ 76.353787492661411, 12.711344311478095 ], [ 76.353632234059233, 12.711396163672189 ], [ 76.353335782189177, 12.711609983119654 ], [ 76.350497490738334, 12.713658936050631 ], [ 76.350256865391188, 12.713832639652704 ], [ 76.350173238702823, 12.713893008530976 ], [ 76.350161880503421, 12.713901190283169 ], [ 76.34840978921082, 12.716382173925011 ], [ 76.348254866333136, 12.716635625101375 ], [ 76.348174218329788, 12.716840671886485 ], [ 76.348159680026441, 12.716877634334718 ], [ 76.347903749397929, 12.717208589125125 ], [ 76.347811297792404, 12.717262116929001 ], [ 76.347705879960415, 12.71732315197892 ], [ 76.347159176886635, 12.71764074784217 ], [ 76.347085328427667, 12.717593422948434 ], [ 76.346729388661316, 12.717365321862918 ], [ 76.346620898374141, 12.717295505230039 ], [ 76.346500280268202, 12.717217883892882 ], [ 76.346421686105415, 12.717167305664274 ], [ 76.34607967566339, 12.716949279145018 ], [ 76.34607964534716, 12.716983374274911 ], [ 76.346079555983181, 12.717082639177299 ], [ 76.346078408286829, 12.718358377266025 ], [ 76.346077108493333, 12.718433445604122 ], [ 76.346074623286853, 12.718576976605576 ], [ 76.346073966399231, 12.718645950093167 ], [ 76.346071088639832, 12.718947931178182 ], [ 76.346112005813836, 12.71917801290412 ], [ 76.346117104415086, 12.719205540169703 ], [ 76.346312834677732, 12.719520369875625 ], [ 76.346281564999401, 12.71953811005767 ], [ 76.346251265811475, 12.719555300155912 ], [ 76.346251519244504, 12.719556558229744 ], [ 76.345983129191524, 12.720160791195248 ], [ 76.345961659155719, 12.720207438748922 ], [ 76.345767710167664, 12.720628832552711 ], [ 76.345752614350403, 12.720661630008111 ], [ 76.345480050822786, 12.721237615554891 ], [ 76.345615047627234, 12.721354154646557 ], [ 76.344959472829814, 12.722096704660043 ], [ 76.344654178552716, 12.722442500148137 ], [ 76.344423859836624, 12.72266341983061 ], [ 76.344325149940147, 12.72274917033741 ], [ 76.344218988850983, 12.722841393747037 ], [ 76.344225177637995, 12.723713296388862 ], [ 76.34422603209471, 12.7238336148966 ], [ 76.344215924173398, 12.723948206627592 ], [ 76.344172866919976, 12.7244359635383 ], [ 76.344160260742228, 12.724578760287665 ], [ 76.344146663929848, 12.724732805911845 ], [ 76.344176809349605, 12.725184426596456 ], [ 76.344184627687554, 12.725301558189456 ], [ 76.344249596547499, 12.726275097457224 ], [ 76.344253628783022, 12.726335511884114 ], [ 76.344255363522279, 12.726396142288415 ], [ 76.34428541154297, 12.727449404543584 ], [ 76.344288006938342, 12.727540374584006 ], [ 76.344283665686973, 12.727565384951783 ], [ 76.344219422190136, 12.727935556436339 ], [ 76.344210991414997, 12.728765884525737 ], [ 76.344210310836147, 12.728833553564755 ], [ 76.344209638756809, 12.728900388109153 ], [ 76.344219171339489, 12.728919439888625 ], [ 76.344263257019421, 12.729009564674422 ], [ 76.344358614446875, 12.729196960524295 ], [ 76.344483244929179, 12.729481890924824 ], [ 76.3446875405497, 12.729948733876066 ], [ 76.344767530156417, 12.730273696666123 ], [ 76.343167789821976, 12.731072626936017 ], [ 76.342389329864446, 12.731461395001681 ], [ 76.342382355433088, 12.731464877557729 ], [ 76.340870478119058, 12.732219829929996 ], [ 76.339407879148638, 12.733070451045386 ], [ 76.339454948542169, 12.73312349582447 ], [ 76.340357360057425, 12.734315491563502 ], [ 76.340624347949785, 12.734666569505881 ], [ 76.340626722940229, 12.734669692775837 ], [ 76.342115336177486, 12.735095014248417 ], [ 76.342151488487701, 12.735105343416492 ], [ 76.343363819151335, 12.736106646752765 ], [ 76.34417952099993, 12.736786957899755 ], [ 76.344282769366814, 12.736873069055264 ], [ 76.345495422912748, 12.73788443233366 ], [ 76.345900141067375, 12.738222649370465 ], [ 76.345239304937394, 12.739769809089708 ], [ 76.344868518334181, 12.740806223165803 ], [ 76.344779640847293, 12.741053808673106 ], [ 76.34472460123979, 12.741274371520401 ], [ 76.34469928073446, 12.74137583844978 ], [ 76.34457014177724, 12.741893340405223 ], [ 76.34454762444102, 12.741983416351086 ], [ 76.344487537713178, 12.741960565012787 ], [ 76.344422065339273, 12.742207774763193 ], [ 76.344751596106633, 12.742312437816217 ], [ 76.34482410912122, 12.742333764052727 ], [ 76.345436006587576, 12.742513724963745 ], [ 76.346533853140826, 12.742909722582295 ], [ 76.346498463584737, 12.74296104370263 ], [ 76.346502744580093, 12.742963357108 ], [ 76.345790712138353, 12.744014364636888 ], [ 76.346904137629849, 12.744614229054159 ], [ 76.346953437077616, 12.744585570594053 ], [ 76.347102671293229, 12.744498819005001 ], [ 76.348335403913282, 12.743777942043597 ], [ 76.348407310687264, 12.743735728335601 ], [ 76.348421201200566, 12.743727573415637 ], [ 76.348662472531046, 12.743585820716293 ], [ 76.348692076874528, 12.743568427531335 ], [ 76.348780731097662, 12.743514437028805 ], [ 76.350166349260263, 12.742709561321405 ], [ 76.351219096851111, 12.742093037129743 ], [ 76.351230084148298, 12.742086602867877 ], [ 76.352661092382931, 12.742799278201506 ], [ 76.35274811646886, 12.742842716349591 ], [ 76.354233852793612, 12.743515471203462 ], [ 76.354314247312658, 12.743550441846834 ], [ 76.354532641903035, 12.743645439757172 ], [ 76.354606018850546, 12.743677342597332 ], [ 76.354631112941533, 12.743688252673468 ], [ 76.355039660621458, 12.743865775329326 ], [ 76.355106131968611, 12.743952050076382 ], [ 76.356338711167069, 12.745551155150737 ], [ 76.35747183761238, 12.74702370689684 ], [ 76.35746935564589, 12.74705727376606 ], [ 76.357463699242757, 12.747133767159658 ], [ 76.357451773661154, 12.747295168451343 ], [ 76.357286863703166, 12.749534447265878 ], [ 76.357286399924163, 12.749540748221101 ], [ 76.356786157509248, 12.749768198103485 ], [ 76.355734305624452, 12.750247095610456 ], [ 76.355717928289025, 12.750254552178363 ], [ 76.354786220825389, 12.750812063795376 ], [ 76.354664086895582, 12.750885112826081 ], [ 76.354560378964521, 12.750947127391564 ], [ 76.354554038604661, 12.750950918950918 ], [ 76.35455140631889, 12.750950913450605 ], [ 76.354517888603397, 12.750950877222534 ], [ 76.353976474195463, 12.750950136128861 ], [ 76.352032279214953, 12.752000103574163 ], [ 76.351379339070817, 12.75235343057548 ], [ 76.351167807296065, 12.752682600612918 ], [ 76.351139099966289, 12.752709162159844 ], [ 76.351000452885188, 12.752837446264955 ], [ 76.350397925512794, 12.753399707701076 ], [ 76.349656073610589, 12.7540924852876 ], [ 76.346622993672, 12.757031911041786 ], [ 76.346512131821754, 12.757139348608886 ], [ 76.343782247650552, 12.759784853429441 ], [ 76.343647009066459, 12.759915910545645 ], [ 76.342532975155535, 12.762467895221269 ], [ 76.342728088788391, 12.764736261179202 ], [ 76.342732102138186, 12.764782919323928 ], [ 76.342736651766231, 12.76484148847539 ], [ 76.343172233966271, 12.766543705816035 ], [ 76.343268473869443, 12.766919797964833 ], [ 76.343275597050265, 12.766947633966652 ], [ 76.344642329165396, 12.767316504601633 ], [ 76.348033385457313, 12.768231690460405 ], [ 76.349980645988296, 12.770235604596825 ], [ 76.350104785610029, 12.770450693826817 ], [ 76.350622584924054, 12.773392919026826 ], [ 76.349543689521738, 12.776110262454107 ], [ 76.348049681808121, 12.778216591789199 ], [ 76.348329930144686, 12.779775481748409 ], [ 76.348380260519974, 12.78005544591047 ], [ 76.348743046136804, 12.782073410107934 ], [ 76.350158263848087, 12.78486257795273 ], [ 76.350164571544269, 12.78487500991878 ], [ 76.350094291968716, 12.785049657688559 ], [ 76.349657656446439, 12.786134710517112 ], [ 76.34864374694439, 12.786813787302556 ], [ 76.34851252992911, 12.786804100499094 ], [ 76.346325503018733, 12.786642630844323 ], [ 76.345876606933217, 12.786573844012754 ], [ 76.344922783505496, 12.786427681284977 ], [ 76.341571919028709, 12.785914170936957 ], [ 76.33880787728009, 12.785841749230503 ], [ 76.338160620624919, 12.785824785781571 ], [ 76.335757148855791, 12.786584324277324 ], [ 76.334895664962275, 12.787820401331153 ], [ 76.334682376300037, 12.788408002989891 ], [ 76.334545706832031, 12.788784522055298 ], [ 76.334370798396392, 12.79083737191903 ], [ 76.33324256320526, 12.793237671595602 ], [ 76.331974932584629, 12.795481196372716 ], [ 76.331023616828418, 12.798434652024818 ], [ 76.330816187811124, 12.799078630353799 ], [ 76.330712929806623, 12.799399200508706 ], [ 76.330343495704739, 12.800546121236914 ], [ 76.330197094178203, 12.80100062835159 ], [ 76.329896536046235, 12.803224189078598 ], [ 76.329852603885101, 12.803549201343159 ], [ 76.330088040769994, 12.808104475592771 ], [ 76.330113609029141, 12.808599146838944 ], [ 76.331841887861586, 12.811871451427018 ], [ 76.33620140028863, 12.812366339111918 ], [ 76.336787186692064, 12.812432831176411 ], [ 76.33713834536259, 12.812359193743825 ], [ 76.339937195396644, 12.811630227795625 ], [ 76.342146479861867, 12.811899843585337 ], [ 76.342522545936987, 12.811945735286852 ], [ 76.34382254617681, 12.812104373059309 ], [ 76.344368623560371, 12.811780404337119 ], [ 76.344946218826095, 12.811021112219853 ], [ 76.347760074811362, 12.809581198837302 ], [ 76.351205783361053, 12.808680887219602 ], [ 76.354054609328031, 12.8093692621502 ], [ 76.354419437780507, 12.809457415090913 ], [ 76.358307414691794, 12.809116546588173 ], [ 76.359208798359475, 12.809037512016143 ], [ 76.359740211050735, 12.809080284539814 ], [ 76.360569858353486, 12.80914705993542 ], [ 76.362543894372308, 12.809305932972867 ], [ 76.365307748154706, 12.808852562453996 ], [ 76.365371470678156, 12.808842109348779 ], [ 76.365694913084468, 12.808790687340737 ], [ 76.366850240376266, 12.808605173878556 ], [ 76.36692215015934, 12.808593627400104 ], [ 76.367984302540066, 12.808414305517022 ], [ 76.369604232953691, 12.809821863065222 ], [ 76.370753855526374, 12.811714160526792 ], [ 76.370806647716037, 12.813606382580812 ], [ 76.370848867119292, 12.815188602929689 ], [ 76.370851540829037, 12.81528880017952 ], [ 76.370839428156188, 12.815325383257781 ], [ 76.370151929122102, 12.817386526321998 ], [ 76.368398554125164, 12.819955353585685 ], [ 76.368150740542049, 12.820257226453103 ], [ 76.367943111886362, 12.820510148318286 ], [ 76.367174868017969, 12.822806430356069 ], [ 76.367502479980587, 12.824984967066648 ], [ 76.369079493786046, 12.827312522003906 ], [ 76.370146432068665, 12.828912148627053 ], [ 76.37031813699889, 12.829156605358984 ], [ 76.370868651164614, 12.829918092220172 ], [ 76.370884487960367, 12.829917194186157 ], [ 76.370890503051328, 12.829916846402751 ], [ 76.371085079406029, 12.829905598762112 ], [ 76.371188584353519, 12.829552379674537 ], [ 76.371205665485405, 12.829401236741511 ], [ 76.371205258431061, 12.829325575430778 ], [ 76.37120316997914, 12.828937443044701 ], [ 76.37130621232086, 12.829033135244053 ], [ 76.371619441966857, 12.829305182040118 ], [ 76.371729794185796, 12.82940037122321 ], [ 76.371940179466137, 12.829521050530836 ], [ 76.372203545138575, 12.829624113479612 ], [ 76.372429462056488, 12.829712521750539 ], [ 76.372442800103201, 12.829717709159477 ], [ 76.372924972982773, 12.829895448751957 ], [ 76.373047594678397, 12.829927940796622 ], [ 76.373131608267229, 12.829909067554993 ], [ 76.373200008395145, 12.829893878473944 ], [ 76.373416536099654, 12.829814193763657 ], [ 76.373637034220522, 12.829815458263351 ], [ 76.373881960745848, 12.829826799805176 ], [ 76.373875126771907, 12.829912388249651 ], [ 76.373874852261778, 12.829915789807007 ], [ 76.373821359245696, 12.830199292985229 ], [ 76.373806099177628, 12.830349064922643 ], [ 76.373833224209235, 12.830462846716365 ], [ 76.3740534037277, 12.830726772608207 ], [ 76.374266188535316, 12.830960167468731 ], [ 76.374380305996795, 12.831022791783434 ], [ 76.374436973330958, 12.831073895109082 ], [ 76.374831809546734, 12.831299728912324 ], [ 76.375030683754318, 12.831410816745029 ], [ 76.375053025173301, 12.83142318386261 ], [ 76.375074571584619, 12.831408600070839 ], [ 76.375464726959351, 12.831157728060177 ], [ 76.375625235982326, 12.831044088412341 ], [ 76.375694966252027, 12.83089509819907 ], [ 76.375880586954381, 12.830485723588984 ], [ 76.376075810926508, 12.829965047534834 ], [ 76.376474790472002, 12.82881182805685 ], [ 76.376573500909316, 12.828473446395755 ], [ 76.376693669276449, 12.828158872532239 ], [ 76.376848572221405, 12.828068362805624 ], [ 76.377244569176881, 12.828048348931222 ], [ 76.377839361208018, 12.828164830770252 ], [ 76.378344049402585, 12.828520979713323 ], [ 76.378840095371785, 12.829024277403354 ], [ 76.379222692841097, 12.829452823262502 ], [ 76.379730034567174, 12.829959648692434 ], [ 76.380236088089774, 12.830229675869827 ], [ 76.380645122055824, 12.830141416787601 ], [ 76.381032061002884, 12.830024570640871 ], [ 76.381756512956485, 12.830114050481457 ], [ 76.381954320089562, 12.830431879049559 ], [ 76.382226244172301, 12.830589126430622 ], [ 76.382991667985692, 12.83145715541144 ], [ 76.383628604853612, 12.832383890382461 ], [ 76.384130915600124, 12.832797989125666 ], [ 76.384361670436633, 12.833356901246276 ], [ 76.384356639883165, 12.833436351597882 ], [ 76.38435103187183, 12.833524933119971 ], [ 76.384337126711443, 12.833744565122849 ], [ 76.384284685952679, 12.834595226397813 ], [ 76.384709811084122, 12.834893916613614 ], [ 76.385438861804602, 12.835252778090474 ], [ 76.385569815827068, 12.835317237533598 ], [ 76.385643775447406, 12.835337707457924 ], [ 76.386506252103331, 12.836484796745799 ], [ 76.386535769324169, 12.836749613206898 ], [ 76.386507501826159, 12.838646042496071 ], [ 76.386505582623499, 12.838774783771418 ], [ 76.386733037397008, 12.8388823260479 ], [ 76.386735141029476, 12.838912119417801 ], [ 76.386748846249489, 12.839106160370317 ], [ 76.388029042041239, 12.840778721942872 ], [ 76.387845973344255, 12.841260781490883 ], [ 76.387801084313779, 12.841378984385191 ], [ 76.387466610526403, 12.842259719787794 ], [ 76.386970468362392, 12.842554994894201 ], [ 76.386849377279944, 12.842627060876247 ], [ 76.386550874187151, 12.842827752194243 ], [ 76.386156824217068, 12.843127933824398 ], [ 76.386068817024707, 12.843194976500055 ], [ 76.386054600258674, 12.843205806017505 ], [ 76.38606422154939, 12.843210805222958 ], [ 76.385665094426642, 12.844585753266196 ], [ 76.385683357203177, 12.844835051491845 ], [ 76.385827296819457, 12.84507827129303 ], [ 76.386691369168389, 12.845281809574882 ], [ 76.387401893326654, 12.845314982180179 ], [ 76.38872548681087, 12.845391634061235 ], [ 76.389729425700551, 12.844760639665406 ], [ 76.390661193657635, 12.844363173476406 ], [ 76.391146254293844, 12.8444165817239 ], [ 76.391225348487566, 12.844425270936854 ], [ 76.391618021559196, 12.844846897005674 ], [ 76.391631221361706, 12.844861078349719 ], [ 76.39170704563152, 12.844942538285588 ], [ 76.391718997908967, 12.844955541038598 ], [ 76.391720822960707, 12.844957526583558 ], [ 76.391721689402033, 12.844958265112902 ], [ 76.392290672192544, 12.845570076847229 ], [ 76.392367220229829, 12.845642183126371 ], [ 76.392473525488469, 12.845742318648252 ], [ 76.392996007312632, 12.846234476777383 ], [ 76.394363727692692, 12.846625326531093 ], [ 76.394616903206483, 12.84674547759473 ], [ 76.395398025304431, 12.847207684226825 ], [ 76.395905291408539, 12.847331989020883 ], [ 76.396325516805661, 12.847352823799978 ], [ 76.397450753128751, 12.847466372773342 ], [ 76.397723827959865, 12.847098426651813 ], [ 76.397867451372534, 12.846904993447906 ], [ 76.398072695796017, 12.846758995130063 ], [ 76.398475526081427, 12.846472232565088 ], [ 76.39896408863639, 12.846517685964544 ], [ 76.399307720403257, 12.846795909500235 ], [ 76.39967886657567, 12.846760036214185 ], [ 76.39975092689852, 12.846684830315196 ], [ 76.399860595657842, 12.846570374002525 ], [ 76.400064498362809, 12.846357569435689 ], [ 76.400297761331728, 12.846576270616373 ], [ 76.400666914198752, 12.846844069976965 ], [ 76.401044554865095, 12.846788791132781 ], [ 76.401503269177894, 12.846374892389907 ], [ 76.401852279744872, 12.845738196605261 ], [ 76.402330009357328, 12.845426157868602 ], [ 76.402715449205601, 12.845581273211867 ], [ 76.402954360897951, 12.846155868981713 ], [ 76.403368056533807, 12.846337618833044 ], [ 76.403858205603825, 12.846471718818554 ], [ 76.404362431535432, 12.846477474320626 ], [ 76.40585386616327, 12.845910673736512 ], [ 76.405920326624624, 12.845885413539897 ], [ 76.406501766538952, 12.845664420081626 ], [ 76.407260288652949, 12.845376106771525 ], [ 76.407297729990191, 12.845361872785251 ], [ 76.407298877233387, 12.845369022073351 ], [ 76.407303662895885, 12.84539885760335 ], [ 76.407314789467961, 12.845468132930737 ], [ 76.407319001133146, 12.845494325563322 ], [ 76.407652991814032, 12.846396148867973 ], [ 76.407664980225633, 12.846428895634844 ], [ 76.407732731016466, 12.84661336592352 ], [ 76.407756360972442, 12.846677447393439 ], [ 76.407763904355036, 12.846697860734382 ], [ 76.407776094242024, 12.84673981310144 ], [ 76.407902466471683, 12.847174716570473 ], [ 76.408113330398209, 12.847780820340882 ], [ 76.408126003548247, 12.847817212081818 ], [ 76.408024996179989, 12.847816194334285 ], [ 76.40777772826948, 12.847813277656796 ], [ 76.407739366124574, 12.847812775491079 ], [ 76.407734619553551, 12.847813309008716 ], [ 76.407729024956012, 12.847813938380664 ], [ 76.407685670045637, 12.847813273129848 ], [ 76.407687591201565, 12.847818593921538 ], [ 76.407760914293604, 12.84802117101122 ], [ 76.407773176259468, 12.848055040008566 ], [ 76.407825706613977, 12.849294790842615 ], [ 76.407894189306987, 12.850888577055105 ], [ 76.407898267766541, 12.850923071211335 ], [ 76.407900007282606, 12.85093778860074 ], [ 76.407945090472154, 12.85135324165501 ], [ 76.407947294930679, 12.851373849044727 ], [ 76.40794920157623, 12.85139160670764 ], [ 76.407953164189664, 12.851408115719298 ], [ 76.408088979191561, 12.851973132695681 ], [ 76.408126752673766, 12.852130279007021 ], [ 76.408363711442775, 12.853116491276827 ], [ 76.408465797794861, 12.853541918829375 ], [ 76.408465057751442, 12.853554942698413 ], [ 76.408446304563114, 12.853884900027104 ], [ 76.408446243537398, 12.853888497505748 ], [ 76.40843161208285, 12.854750216204341 ], [ 76.40842968513077, 12.854786675385883 ], [ 76.408373645654706, 12.855846248942726 ], [ 76.407993130298593, 12.856029733360774 ], [ 76.40804279272804, 12.856371442121935 ], [ 76.408104293701456, 12.856795547867071 ], [ 76.408105824928228, 12.856806106901647 ], [ 76.40811202071778, 12.85684023257123 ], [ 76.408230829654414, 12.857505708748784 ], [ 76.408231067705628, 12.857546091565158 ], [ 76.408218094746033, 12.859465116564612 ], [ 76.408217294003208, 12.859583579108412 ], [ 76.408204061090672, 12.859836069907223 ], [ 76.408164624562815, 12.860588515357341 ], [ 76.40816210571721, 12.860593020118571 ], [ 76.408162085648812, 12.860593056387644 ], [ 76.407989538102186, 12.860606922971767 ], [ 76.407928815330479, 12.860601435971875 ], [ 76.407854371788446, 12.860840150581277 ], [ 76.407794605550293, 12.86094327626753 ], [ 76.407779111015387, 12.860974611874651 ], [ 76.407749988911121, 12.861033523135083 ], [ 76.407641852633901, 12.86125227575895 ], [ 76.407586985136021, 12.861463800414262 ], [ 76.407579294368645, 12.861496880505401 ], [ 76.407475239157691, 12.861945148981858 ], [ 76.407472333979356, 12.861957213534199 ], [ 76.407359554488067, 12.862425618244639 ], [ 76.407324638242045, 12.86255343438455 ], [ 76.407376162542278, 12.862675840709981 ], [ 76.407403105479375, 12.862769108127736 ], [ 76.407545192498148, 12.863198561676088 ], [ 76.407857237075063, 12.86357436594367 ], [ 76.407180633724835, 12.864706066921125 ], [ 76.406893870430864, 12.86533234538989 ], [ 76.406869406214511, 12.865385773056245 ], [ 76.406811684878704, 12.865511833843874 ], [ 76.406878760410521, 12.865693098867249 ], [ 76.40688352956775, 12.865705980168261 ], [ 76.406889896541074, 12.865723175081346 ], [ 76.406891172563093, 12.865726622547758 ], [ 76.406897219606876, 12.865742954920879 ], [ 76.40691312116202, 12.865785902509407 ], [ 76.40692405905213, 12.865823721929587 ], [ 76.407005430653498, 12.865809139886039 ], [ 76.407005461889909, 12.865809123445812 ], [ 76.407005537433392, 12.865809121232381 ], [ 76.407046754798074, 12.865808426342888 ], [ 76.4070856808233, 12.865807769959961 ], [ 76.407148690310763, 12.865806707692951 ], [ 76.407174038754519, 12.865806280559195 ], [ 76.407299355666211, 12.865804166968042 ], [ 76.407476870213557, 12.865801160201093 ], [ 76.408067703700468, 12.865632834729702 ], [ 76.408578549163281, 12.86562163467126 ], [ 76.408691474160619, 12.865623705767405 ], [ 76.408841574430156, 12.86562643952441 ], [ 76.409001247509551, 12.865235537418181 ], [ 76.409170774152471, 12.865033704195076 ], [ 76.409902709276338, 12.865135014558168 ], [ 76.410481388732904, 12.864859222761995 ], [ 76.411196289693706, 12.864530074851082 ], [ 76.411640722177808, 12.86466163049392 ], [ 76.411967871373236, 12.864745979120643 ], [ 76.412634415569215, 12.864488845397043 ], [ 76.413082787158743, 12.864452942510706 ], [ 76.413508466434322, 12.864718543590234 ], [ 76.413563652661821, 12.864995708730213 ], [ 76.413730871254742, 12.865253135119655 ], [ 76.414044841848153, 12.865595878080075 ], [ 76.414332773478463, 12.865642163785557 ], [ 76.414684276544818, 12.865721593303915 ], [ 76.414854844284278, 12.865706321498546 ], [ 76.415253467235857, 12.865493681151884 ], [ 76.415350118808831, 12.865394997097125 ], [ 76.415352433828744, 12.865377986110509 ], [ 76.415390029269219, 12.865101784389903 ], [ 76.415418342018228, 12.865125073986274 ], [ 76.415445906937734, 12.865149247237721 ], [ 76.415449864519132, 12.865153215362627 ], [ 76.415497560503042, 12.865010473609786 ], [ 76.415557802764368, 12.864830186625593 ], [ 76.415816387938335, 12.864822622388802 ], [ 76.415900316083594, 12.864820166799637 ], [ 76.416047635758559, 12.864815857330642 ], [ 76.416127994033985, 12.864813506829552 ], [ 76.416176672407914, 12.864831170866724 ], [ 76.416207456307987, 12.864716487450488 ], [ 76.41622726705728, 12.864642677561731 ], [ 76.41633696178377, 12.864234019300136 ], [ 76.416264159804257, 12.863996362265734 ], [ 76.416240038066519, 12.863917466705228 ], [ 76.41610158930952, 12.86359194970807 ], [ 76.416046835666151, 12.863597154249927 ], [ 76.416031218869804, 12.863598638917976 ], [ 76.415965631984776, 12.863604936148954 ], [ 76.415898803338067, 12.863611449803344 ], [ 76.415752982696603, 12.863021327286217 ], [ 76.415765336019618, 12.862615830807785 ], [ 76.415998634428945, 12.861832413846967 ], [ 76.416120688040721, 12.861426324206619 ], [ 76.416194761787906, 12.860941560858619 ], [ 76.416312091396378, 12.860345339234488 ], [ 76.416626537704829, 12.859687059116142 ], [ 76.417843024250701, 12.858819396211276 ], [ 76.418145356630092, 12.858609665135758 ], [ 76.41855399271742, 12.858446001506943 ], [ 76.418794201565831, 12.858243781871256 ], [ 76.419320372469258, 12.858172765622262 ], [ 76.419714602307991, 12.858048645485979 ], [ 76.4198929515656, 12.858009409105309 ], [ 76.420188225872067, 12.857953993096478 ], [ 76.420609762293878, 12.857913519261182 ], [ 76.420680781186846, 12.857946758262186 ], [ 76.420737964239407, 12.857943558422278 ], [ 76.420958089405048, 12.857917583224181 ], [ 76.42092773726327, 12.857835845271905 ], [ 76.421149057829538, 12.857808812968239 ], [ 76.421206077455111, 12.857801630762445 ], [ 76.421275770391063, 12.857792768005632 ], [ 76.421354407738704, 12.857787613918797 ], [ 76.42321285996286, 12.85765613066426 ], [ 76.42428479347825, 12.857577538454652 ], [ 76.424712559155424, 12.857528888078903 ], [ 76.424713395229332, 12.857528793135968 ], [ 76.425214341498418, 12.857474201056997 ], [ 76.425263800012345, 12.857468811066459 ], [ 76.425340747440714, 12.857460424946431 ], [ 76.425366061692856, 12.857459512669305 ], [ 76.425363105064108, 12.857424584443468 ], [ 76.425360831625241, 12.857292752482984 ], [ 76.425442661088297, 12.857260971603234 ], [ 76.425445542359171, 12.857259852131445 ], [ 76.425474769726335, 12.857248501474466 ], [ 76.42555148843914, 12.857218705550565 ], [ 76.425680949927198, 12.857168766950746 ], [ 76.42585129492447, 12.85710305864758 ], [ 76.425920380244676, 12.857076414866421 ], [ 76.425920709377067, 12.857076287417836 ], [ 76.425916455961527, 12.857024323524289 ], [ 76.42582204421835, 12.855870867011735 ], [ 76.426003935241255, 12.855442213837241 ], [ 76.426008129683922, 12.855432813564111 ], [ 76.426141546575863, 12.855389247522476 ], [ 76.426347470218133, 12.855324266855593 ], [ 76.426362438650685, 12.855283616352299 ], [ 76.426385637679644, 12.855220615133709 ], [ 76.426546730186189, 12.854783131212292 ], [ 76.426769948410239, 12.854177201949403 ], [ 76.42678635209559, 12.854124458589897 ], [ 76.426755669496245, 12.853628741019792 ], [ 76.426739946665691, 12.853057213512452 ], [ 76.426739344444968, 12.853035084384059 ], [ 76.426712930706273, 12.852064796855794 ], [ 76.426711469641106, 12.852010982609771 ], [ 76.42671138942508, 12.852008035011737 ], [ 76.426630915067008, 12.850884327576736 ], [ 76.426625924782854, 12.850814104512704 ], [ 76.42662528614585, 12.850811468222721 ], [ 76.42658477986275, 12.850644171124397 ], [ 76.426493322565022, 12.850139562510837 ], [ 76.426479916325647, 12.850064365102018 ], [ 76.426381928467819, 12.849514755915809 ], [ 76.42637126187708, 12.84945464900785 ], [ 76.426351231174522, 12.849456494480588 ], [ 76.426103632971078, 12.849479304899015 ], [ 76.426032957880395, 12.849499143510885 ], [ 76.426009041211302, 12.849386078271481 ], [ 76.425846424458371, 12.8486173072796 ], [ 76.425813396080002, 12.847576031720816 ], [ 76.425597721668666, 12.846741541687095 ], [ 76.425595324571972, 12.84673210489359 ], [ 76.425687091589126, 12.846719539665468 ], [ 76.425876543060355, 12.846692891662697 ], [ 76.425871973589622, 12.846673843288871 ], [ 76.425863741950835, 12.846639465306085 ], [ 76.425826144770198, 12.846482442680561 ], [ 76.425825793784128, 12.846480980060656 ], [ 76.425817697791118, 12.846447126578575 ], [ 76.42577783307253, 12.846280429587775 ], [ 76.425769395435083, 12.846245133320279 ], [ 76.425760583196393, 12.846208270597053 ], [ 76.425743907349428, 12.846209794932774 ], [ 76.425298420197677, 12.846250514429325 ], [ 76.425250378723774, 12.846237383824715 ], [ 76.425156937099445, 12.846211421949565 ], [ 76.425155159644731, 12.846203051252177 ], [ 76.424978497917522, 12.84537129027089 ], [ 76.424951606530783, 12.845244679623985 ], [ 76.424932826134125, 12.845243374864362 ], [ 76.424931372063611, 12.845236798713673 ], [ 76.424761998918953, 12.845228255260675 ], [ 76.42451333352291, 12.845215672327775 ], [ 76.42449713098074, 12.845214852576341 ], [ 76.424354166895355, 12.845115384822273 ], [ 76.424022492447463, 12.844884751443931 ], [ 76.42398877699793, 12.844861306567546 ], [ 76.423919174641597, 12.844828994290516 ], [ 76.423886035285037, 12.844813609310835 ], [ 76.423867564050539, 12.844805028976765 ], [ 76.423839697535712, 12.844792109617076 ], [ 76.423226209939173, 12.844507684485027 ], [ 76.423216827514423, 12.844503334518278 ], [ 76.423208092631654, 12.844499284795708 ], [ 76.423142312213116, 12.844468787662764 ], [ 76.422591499867224, 12.844428764642318 ], [ 76.42253026364682, 12.844424327600233 ], [ 76.422530065470497, 12.844424311497152 ], [ 76.42210945502022, 12.844393884455195 ], [ 76.422109205245945, 12.8443938677272 ], [ 76.42146183547338, 12.844347218806229 ], [ 76.421427605282844, 12.844344751659085 ], [ 76.421409028488341, 12.844173807922733 ], [ 76.421408856524792, 12.844172226800973 ], [ 76.421240178761991, 12.844141572787896 ], [ 76.420992248489213, 12.844096515075394 ], [ 76.420990330227738, 12.84409339027822 ], [ 76.420658460007331, 12.843552841718282 ], [ 76.420621318550644, 12.843400818383843 ], [ 76.420584750238049, 12.843251423570321 ], [ 76.420583143481693, 12.843244869904817 ], [ 76.420565568220283, 12.843173191284926 ], [ 76.420565977815727, 12.843172793104175 ], [ 76.420562117880863, 12.843077746147618 ], [ 76.420522650977247, 12.843104131293639 ], [ 76.42051622399525, 12.843108427654288 ], [ 76.420446778815744, 12.843158232920931 ], [ 76.420449774637518, 12.843124551529653 ], [ 76.420496239484251, 12.842602109655317 ], [ 76.420499261008814, 12.842265798508913 ], [ 76.420501056463863, 12.84137411912495 ], [ 76.420645149517583, 12.840973872281571 ], [ 76.420648909519841, 12.840963394121657 ], [ 76.420659715793661, 12.84086878132128 ], [ 76.42067831193792, 12.840705962491496 ], [ 76.420714907526289, 12.840384815663986 ], [ 76.420788337355589, 12.839739929757121 ], [ 76.420741167428062, 12.839660933028354 ], [ 76.420727669920637, 12.839638247055726 ], [ 76.42071039709441, 12.839536701217293 ], [ 76.420750335893331, 12.839470750452785 ], [ 76.420770490592247, 12.83943746895646 ], [ 76.42110313370415, 12.839202465158692 ], [ 76.421168160696254, 12.839156710277097 ], [ 76.421444935352014, 12.838961964661394 ], [ 76.421475274803342, 12.83894061726771 ], [ 76.421791374671201, 12.838453871949442 ], [ 76.42187999222547, 12.838093551271294 ], [ 76.421893167263818, 12.838041819161807 ], [ 76.421910291268574, 12.8379750524504 ], [ 76.421923478209493, 12.837923636686334 ], [ 76.421950455508366, 12.837764743881179 ], [ 76.42199634565128, 12.837656065230851 ], [ 76.422035520956541, 12.837601577943817 ], [ 76.42208242360546, 12.837536341495159 ], [ 76.422172939253031, 12.837242213529237 ], [ 76.422198940560207, 12.837156880604015 ], [ 76.42220549357323, 12.837135373513524 ], [ 76.422238178313066, 12.837028137728554 ], [ 76.422241212173034, 12.83701797899228 ], [ 76.422316110191673, 12.836767217788429 ], [ 76.422250484251663, 12.836596315342948 ], [ 76.422318697952278, 12.836264067592966 ], [ 76.422396527430735, 12.835474314037878 ], [ 76.422459995684662, 12.8348401115105 ], [ 76.422470502400799, 12.834541065621471 ], [ 76.422582793624358, 12.833377386718373 ], [ 76.422687652535046, 12.833059890527398 ], [ 76.422890482334125, 12.83282558076864 ], [ 76.423069764655338, 12.832196731349322 ], [ 76.423277362907882, 12.831185021841845 ], [ 76.423536702525183, 12.830705233722121 ], [ 76.423770825096184, 12.830076087975284 ], [ 76.423907919971171, 12.829911281169684 ], [ 76.423909907207147, 12.829899988111158 ], [ 76.423918048131213, 12.829853732713261 ], [ 76.423922809049984, 12.829837313245486 ], [ 76.423929093672285, 12.829815637630276 ], [ 76.423936616390534, 12.829789686479108 ], [ 76.423930051035654, 12.829785530052597 ], [ 76.423934746862429, 12.829758849292332 ], [ 76.424161708063622, 12.828330752255697 ], [ 76.424234002343425, 12.826018589343263 ], [ 76.425833169283791, 12.824640866174255 ], [ 76.42553335966123, 12.824544335520804 ], [ 76.425662733474567, 12.824526673722019 ], [ 76.429111216843197, 12.824064220114394 ], [ 76.429111543648233, 12.824064177657295 ], [ 76.429112025132184, 12.824064118991195 ], [ 76.429333905252562, 12.824035093560006 ], [ 76.429586070225724, 12.824002258287654 ], [ 76.43073331848862, 12.823855576279605 ], [ 76.430831663696281, 12.823847879557624 ], [ 76.431039687830307, 12.823831599863716 ], [ 76.43294137503365, 12.823752865972699 ], [ 76.432978514282354, 12.823748140775516 ], [ 76.433205864650475, 12.823719278515521 ], [ 76.435467539394864, 12.82323741916524 ], [ 76.435467613005258, 12.823237403395042 ], [ 76.435776892081492, 12.823170750120376 ], [ 76.436035375560067, 12.823114545940181 ], [ 76.436906589423899, 12.822931134227725 ], [ 76.438785858883975, 12.822535491261457 ], [ 76.441467509501948, 12.821970898973191 ], [ 76.442861202992731, 12.821695011330117 ], [ 76.444251118825193, 12.821415321455403 ], [ 76.444580728263475, 12.821345533536091 ], [ 76.444921271321235, 12.821273429626803 ], [ 76.444989841930152, 12.821262808577371 ], [ 76.44515220675757, 12.819244911045759 ], [ 76.445153887648445, 12.819224015262813 ], [ 76.445155824074774, 12.819176533468637 ], [ 76.444752816464543, 12.819254814995039 ], [ 76.444420592671165, 12.818278318611737 ], [ 76.444382819633148, 12.818167294026098 ], [ 76.444366538707655, 12.818119439421329 ], [ 76.444361971206931, 12.818106014433615 ], [ 76.444446573083098, 12.818037863050481 ], [ 76.444460721110687, 12.818024748458271 ], [ 76.444678614706831, 12.817822778519952 ], [ 76.445837314042024, 12.816748749309129 ], [ 76.445930222343847, 12.816662629632017 ], [ 76.446061451594147, 12.816533270562932 ], [ 76.446346620098879, 12.816016715836126 ], [ 76.44637336199709, 12.815968275049448 ], [ 76.446904682922224, 12.814991444213627 ], [ 76.447230540989111, 12.814568804614002 ], [ 76.447273459253282, 12.814513139358642 ], [ 76.447278967625337, 12.814509669261113 ], [ 76.447539975690603, 12.814345063159468 ], [ 76.447734091721685, 12.81423224740438 ], [ 76.447887397544463, 12.814107902839911 ], [ 76.448280756673896, 12.813661484809726 ], [ 76.448597095005496, 12.813272741953531 ], [ 76.448645720733481, 12.813210339072922 ], [ 76.448690816976239, 12.813187530992302 ], [ 76.448698755093559, 12.813183516835219 ], [ 76.449193957893428, 12.812932718974848 ], [ 76.449319240041888, 12.812869269245594 ], [ 76.449811993186898, 12.812735927114158 ], [ 76.449815400052358, 12.812735005231035 ], [ 76.449791328866468, 12.812650742856587 ], [ 76.449776098614706, 12.812597428884763 ], [ 76.449766007473428, 12.812562104665741 ], [ 76.449761057067946, 12.812544733126819 ], [ 76.449753054942292, 12.812516608783366 ], [ 76.449760135802237, 12.812512185277447 ], [ 76.450094967564809, 12.812303865023104 ], [ 76.450710454237054, 12.812061353570581 ], [ 76.450748460192045, 12.812046378724633 ], [ 76.450701843427296, 12.81191126383731 ], [ 76.450654285655361, 12.811782658556551 ], [ 76.450609822225346, 12.811662421009698 ], [ 76.450666650107507, 12.811669023608376 ], [ 76.450737703870885, 12.811674302955842 ], [ 76.45081417751075, 12.811679984534704 ], [ 76.450716907260002, 12.811492303324645 ], [ 76.450595732290722, 12.81131528564131 ], [ 76.450519403144, 12.811203781125505 ], [ 76.450629137428564, 12.811170988759184 ], [ 76.450709943869143, 12.811145698232131 ], [ 76.450802172940783, 12.811116831701845 ], [ 76.450777960097184, 12.81108059544972 ], [ 76.450714120890055, 12.810772101836845 ], [ 76.450700107072507, 12.810704383767535 ], [ 76.450918383095129, 12.810703668103766 ], [ 76.450941038789239, 12.8107025072279 ], [ 76.451035172127817, 12.810697683439352 ], [ 76.450977288444591, 12.810507043298156 ], [ 76.451119754159095, 12.810177603732676 ], [ 76.450962226023449, 12.809841603705172 ], [ 76.450874647274446, 12.809839181741122 ], [ 76.450863566587643, 12.809838919166349 ], [ 76.450766086401899, 12.80970279087555 ], [ 76.45073164225677, 12.809686234579461 ], [ 76.450703278124323, 12.809672600927142 ], [ 76.450659104391875, 12.809648805489527 ], [ 76.450731993679213, 12.809604846281154 ], [ 76.450785629753568, 12.809572590844951 ], [ 76.450975442741779, 12.809458388423066 ], [ 76.45137717381418, 12.809215792075095 ], [ 76.45148471579796, 12.809146020781139 ], [ 76.451550169136581, 12.809103383366246 ], [ 76.451821662454094, 12.808925009220328 ], [ 76.451905316304206, 12.808869463192416 ], [ 76.451950008326165, 12.808839636253778 ], [ 76.45234745440932, 12.808706662149428 ], [ 76.452391250352065, 12.808692009561643 ], [ 76.452755256422947, 12.808570223090801 ], [ 76.453128524279677, 12.808372983363238 ], [ 76.453275451517015, 12.80829435522859 ], [ 76.453433797709621, 12.808235822748076 ], [ 76.453715120743524, 12.808132703860563 ], [ 76.453972549186091, 12.808039113032258 ], [ 76.454126686295126, 12.807983340782988 ], [ 76.454249859867389, 12.807939027968432 ], [ 76.454297582857023, 12.807921859205383 ], [ 76.454966355710482, 12.807681259750098 ], [ 76.454996916612515, 12.807670294165607 ], [ 76.45518892620845, 12.807601427062385 ], [ 76.455285970845921, 12.807535748845655 ], [ 76.455362803133497, 12.807483764312494 ], [ 76.455452093896682, 12.807423349615235 ], [ 76.455463531644128, 12.807431275220054 ], [ 76.455469305294926, 12.807497347065876 ], [ 76.455523919133441, 12.8074751452966 ], [ 76.455544670088997, 12.807466709086283 ], [ 76.455591763637912, 12.807439255836769 ], [ 76.455615502291067, 12.807425416954041 ], [ 76.455645215082171, 12.807408095303243 ], [ 76.456395824584888, 12.806971165190959 ], [ 76.456280108229763, 12.80670125552618 ], [ 76.456266185119588, 12.806668778767959 ], [ 76.456457361354182, 12.806639468130193 ], [ 76.456912607071501, 12.806569719691678 ], [ 76.457260226411321, 12.806481019393615 ], [ 76.457387550360806, 12.806464765633319 ], [ 76.457373134999315, 12.806392494020336 ], [ 76.457211480982195, 12.805657346713469 ], [ 76.457199171186261, 12.805601366515893 ], [ 76.456991374320893, 12.804651035480855 ], [ 76.456992762407452, 12.804650373291503 ], [ 76.456989034994123, 12.804606690885194 ], [ 76.456969713557299, 12.804380264883369 ], [ 76.456982833899573, 12.804317096242478 ], [ 76.457009145236739, 12.804190392441035 ], [ 76.457017274628015, 12.804151273022679 ], [ 76.457022840313456, 12.804124486864108 ], [ 76.457041879485956, 12.804032830552604 ], [ 76.457048995073961, 12.803998593928911 ], [ 76.457069626538356, 12.803899331425768 ], [ 76.45706418335169, 12.803879766005487 ], [ 76.45702060775308, 12.803723127087002 ], [ 76.457013140961834, 12.803696217753789 ], [ 76.457009790404072, 12.803684142311504 ], [ 76.456857334271092, 12.803129467217397 ], [ 76.456856490585736, 12.803123710565025 ], [ 76.456829325931707, 12.802937248500911 ], [ 76.456823922152097, 12.802900154810121 ], [ 76.45677595736467, 12.802565091968363 ], [ 76.456773704078486, 12.802549350074178 ], [ 76.456770473865788, 12.802526784615953 ], [ 76.456765368479381, 12.80249111943046 ], [ 76.456762617136405, 12.80247189890952 ], [ 76.456824309330344, 12.802466127273989 ], [ 76.456827302365411, 12.802465836802648 ], [ 76.457076266442456, 12.802437173730395 ], [ 76.45724228847368, 12.80241805920936 ], [ 76.458131560221901, 12.802315674864616 ], [ 76.458173554150591, 12.802308457045314 ], [ 76.458205968234338, 12.802302885133928 ], [ 76.458970389768666, 12.802306644788471 ], [ 76.459063063156322, 12.80230710059195 ], [ 76.459125653751443, 12.802272732037265 ], [ 76.459138509124372, 12.802272188025674 ], [ 76.459190205578778, 12.802271372806743 ], [ 76.459188148527716, 12.802261586442773 ], [ 76.459179409885166, 12.802220018330829 ], [ 76.459498234356317, 12.80220628733615 ], [ 76.46037131497782, 12.802168682298744 ], [ 76.460416232300787, 12.802193746701915 ], [ 76.460510880053093, 12.802246597916719 ], [ 76.461621631617902, 12.802140364895402 ], [ 76.461699597459543, 12.802222337149649 ], [ 76.462330501130879, 12.802881499628768 ], [ 76.46233061330193, 12.802881622856471 ], [ 76.462457532023762, 12.803012802667578 ], [ 76.462467694995453, 12.803035613371975 ], [ 76.462467782728567, 12.803035811768781 ], [ 76.462593905045352, 12.803313387136663 ], [ 76.462933908462773, 12.804061678982057 ], [ 76.462979057463684, 12.80417201667291 ], [ 76.46317139388897, 12.804642057073853 ], [ 76.463266354682105, 12.804873952380351 ], [ 76.463273876067106, 12.804892320906275 ], [ 76.463290478079145, 12.804932678019663 ], [ 76.463341282141826, 12.804922244528008 ], [ 76.463731360036007, 12.804842133367158 ], [ 76.464346420708907, 12.804715816766794 ], [ 76.466274771945123, 12.804319775357648 ], [ 76.466486942709409, 12.804273611118925 ], [ 76.466637035772834, 12.80424095398152 ], [ 76.466735988601243, 12.804217890219739 ], [ 76.467265822236527, 12.804188110584473 ], [ 76.467274203967136, 12.804187639906585 ], [ 76.467277627444219, 12.80418850948217 ], [ 76.46739061877328, 12.804217204453499 ], [ 76.467387672580969, 12.804192151601004 ], [ 76.467381207563719, 12.804137166495636 ], [ 76.467380207275824, 12.804131132337837 ], [ 76.467267242344377, 12.803449741240938 ], [ 76.467270435583075, 12.803431351133945 ], [ 76.467281502960176, 12.803365666954848 ], [ 76.467303443593735, 12.803235457722073 ], [ 76.46757020046185, 12.80280954057722 ], [ 76.467949991157752, 12.802617192221749 ], [ 76.46793260210525, 12.802528782358211 ], [ 76.467901006232452, 12.802474637023071 ], [ 76.467645472761987, 12.80203672358901 ], [ 76.467793650895288, 12.801913120848543 ], [ 76.46811410577331, 12.801645814759974 ], [ 76.468297664656674, 12.80149269826784 ], [ 76.468302990660078, 12.80148837993079 ], [ 76.468305233028218, 12.801487631563408 ], [ 76.468473283966119, 12.801425859086288 ], [ 76.4687723225843, 12.801398370550862 ], [ 76.469100205557581, 12.80116125952188 ], [ 76.469379831262955, 12.801002376891045 ], [ 76.469593165036827, 12.800878347477761 ], [ 76.469609593295331, 12.800868717566827 ], [ 76.469646018126312, 12.800771809132682 ], [ 76.469626092885093, 12.800748467416204 ], [ 76.469643858894372, 12.800700711329275 ], [ 76.46926051484499, 12.800235722139409 ], [ 76.469247336414654, 12.800219736702036 ], [ 76.469252589473399, 12.799730018449141 ], [ 76.469311748526934, 12.799186273017911 ], [ 76.469315935250023, 12.799147791942602 ], [ 76.469325723789424, 12.799057821252083 ], [ 76.469221602106344, 12.79901838563449 ], [ 76.469206707877873, 12.799012144195109 ], [ 76.469189919786956, 12.799005109645385 ], [ 76.469168683337514, 12.798727880577038 ], [ 76.469173981695036, 12.798725799821971 ], [ 76.469329882080586, 12.798674924853982 ], [ 76.469443828480976, 12.798651508208355 ], [ 76.469445484572816, 12.798651168102666 ], [ 76.469414322985841, 12.79822939351129 ], [ 76.469489612962334, 12.798200016203975 ], [ 76.469544376242226, 12.798179242968649 ], [ 76.469543527342367, 12.7981645167694 ], [ 76.469525779345972, 12.797856635722235 ], [ 76.469463405216317, 12.797442690385314 ], [ 76.469495243438246, 12.797155510469228 ], [ 76.469499576914998, 12.79711612998187 ], [ 76.469502420982977, 12.797090285490487 ], [ 76.4696434329948, 12.797082226284209 ], [ 76.469165303276654, 12.795155087102385 ], [ 76.468799431087348, 12.794395669156218 ], [ 76.46876186301148, 12.794317691968585 ], [ 76.467761409744838, 12.793406129639637 ], [ 76.466602597920229, 12.793176967761402 ], [ 76.466570824210152, 12.793147879709792 ], [ 76.46619184970146, 12.792800928895744 ], [ 76.465930419646739, 12.792195949146842 ], [ 76.465491372038329, 12.791725650680151 ], [ 76.464520930084603, 12.791444599364199 ], [ 76.463947788191746, 12.790921782555156 ], [ 76.463619580205815, 12.790622391439106 ], [ 76.463516510535058, 12.790528371671028 ], [ 76.462254490845638, 12.790265782410909 ], [ 76.461452774949606, 12.789760610504393 ], [ 76.461445996189653, 12.789739435271668 ], [ 76.461196075949687, 12.788958742612051 ], [ 76.461060421327133, 12.788534985870957 ], [ 76.460611351940216, 12.788338958367833 ], [ 76.460363260893573, 12.788365562778727 ], [ 76.459199077164911, 12.788540104051989 ], [ 76.459194008246797, 12.78852919526968 ], [ 76.459153972613706, 12.788443025056262 ], [ 76.459139521566215, 12.788408120354863 ], [ 76.45910171632957, 12.788439859062008 ], [ 76.459095813264327, 12.788391014980709 ], [ 76.459094671150197, 12.788381566155238 ], [ 76.459029651710068, 12.788391024896809 ], [ 76.458783887060761, 12.788426778117687 ], [ 76.458485646178957, 12.788470164737795 ], [ 76.458448222253949, 12.788475608726205 ], [ 76.458133019246915, 12.788508140187469 ], [ 76.457468560275743, 12.788573047607443 ], [ 76.457467718690523, 12.788573101980395 ], [ 76.457268005267395, 12.78858602407235 ], [ 76.457126508538536, 12.78859550724302 ], [ 76.456881504982931, 12.788612469881713 ], [ 76.456847427188137, 12.788614828721455 ], [ 76.456692085620602, 12.787933951229968 ], [ 76.456682561678861, 12.787892252539677 ], [ 76.456678271474445, 12.78787383963661 ], [ 76.456674837233948, 12.787859164651598 ], [ 76.456460979575567, 12.786945324773534 ], [ 76.456388933798465, 12.786417645062777 ], [ 76.456389086729516, 12.786396603126292 ], [ 76.456390753851338, 12.786166840562345 ], [ 76.456391212412626, 12.786103673168101 ], [ 76.456391491683178, 12.786065144052285 ], [ 76.456387748871393, 12.786052066358819 ], [ 76.456384729793896, 12.7860415150238 ], [ 76.456370069647605, 12.785990287356032 ], [ 76.456361293202988, 12.785957320968295 ], [ 76.456243497315015, 12.785514860907423 ], [ 76.456233882480788, 12.785338196825457 ], [ 76.45623323181357, 12.785326241120822 ], [ 76.456162537826359, 12.784861263879517 ], [ 76.456161288460351, 12.784852845298589 ], [ 76.456093636348612, 12.784437699845007 ], [ 76.456076649851525, 12.784333461416347 ], [ 76.456070744882098, 12.784297814098414 ], [ 76.455961809781556, 12.783640136859233 ], [ 76.455939737561096, 12.783506876650177 ], [ 76.455871773073383, 12.783000068582577 ], [ 76.455856911831646, 12.782889246143759 ], [ 76.45583633514957, 12.782735806219456 ], [ 76.455755360446915, 12.782251760794155 ], [ 76.455747188483045, 12.782226187725124 ], [ 76.455736651607495, 12.78218702579635 ], [ 76.45565865663329, 12.781897144086871 ], [ 76.455611518516562, 12.781725809112634 ], [ 76.455516188345172, 12.781117866063809 ], [ 76.455503547484923, 12.7810101357242 ], [ 76.455487657035064, 12.780881012456884 ], [ 76.455483905897935, 12.780850532359119 ], [ 76.455434720939095, 12.780450864431888 ], [ 76.455408617063313, 12.78038839587666 ], [ 76.455387482388005, 12.780337819434612 ], [ 76.455381636917835, 12.780332946456786 ], [ 76.455367482384801, 12.78028995783672 ], [ 76.455271813883826, 12.779999413979828 ], [ 76.455261491425773, 12.77996806519209 ], [ 76.455229996809351, 12.779878292332247 ], [ 76.455250950300851, 12.779877129905847 ], [ 76.455435875345614, 12.779863026875026 ], [ 76.45553045819068, 12.779852035639792 ], [ 76.455531551821664, 12.779898410448476 ], [ 76.455533082100999, 12.779963290887666 ], [ 76.455533211063937, 12.779968761316518 ], [ 76.455562304633176, 12.779962855757182 ], [ 76.45596115395611, 12.779881888595369 ], [ 76.456075307203236, 12.779858715058181 ], [ 76.456108056716928, 12.779844002174707 ], [ 76.456215702580408, 12.779003662373453 ], [ 76.456249588476055, 12.778914171580377 ], [ 76.456432096175774, 12.778432184089095 ], [ 76.456489607429361, 12.778280302005593 ], [ 76.456496665679779, 12.778261662802073 ], [ 76.456584267263779, 12.777494082572314 ], [ 76.456612370945322, 12.777411922743038 ], [ 76.456646699041769, 12.777311567664279 ], [ 76.456861774560139, 12.776685468264647 ], [ 76.456896738480438, 12.77668098566653 ], [ 76.456929702381188, 12.776676759095093 ], [ 76.457886576141306, 12.776554068690393 ], [ 76.457941538761759, 12.776540678449702 ], [ 76.458481275066845, 12.776409183266827 ], [ 76.45848591574692, 12.77640859983963 ], [ 76.459094475222599, 12.776213198470328 ], [ 76.4594437357744, 12.776101054528841 ], [ 76.459557532907979, 12.776064514804249 ], [ 76.459623574460224, 12.776069834046121 ], [ 76.460127618943233, 12.776031494398183 ], [ 76.46019258011782, 12.776026237011415 ], [ 76.460583920453502, 12.775994567034932 ], [ 76.46070964739377, 12.775984392555966 ], [ 76.460735093349882, 12.776042206647817 ], [ 76.460760987291039, 12.776101040703077 ], [ 76.460778072286104, 12.776139857879782 ], [ 76.460819830293957, 12.776133859097765 ], [ 76.461360345184715, 12.776055968662263 ], [ 76.461546520634883, 12.776033121000815 ], [ 76.46173266869917, 12.775998629587324 ], [ 76.461776502113253, 12.775990441379895 ], [ 76.46191634095365, 12.775986096841862 ], [ 76.461987468723379, 12.775984070178884 ], [ 76.461998427609657, 12.775983758154336 ], [ 76.462017513225675, 12.775973384571641 ], [ 76.462141568783792, 12.775905958971512 ], [ 76.462427472052667, 12.775776899994655 ], [ 76.462439631457414, 12.775772971550248 ], [ 76.462447848659011, 12.775770316112897 ], [ 76.462692646449028, 12.775727569904589 ], [ 76.462679017202348, 12.775679654658177 ], [ 76.462670729494448, 12.775650520646227 ], [ 76.462878808488682, 12.775597297685573 ], [ 76.462879917961146, 12.775597066435216 ], [ 76.462913246343604, 12.775590128677504 ], [ 76.463103402894859, 12.775550623942165 ], [ 76.463122521145621, 12.775409567777393 ], [ 76.463263529573283, 12.775358695241469 ], [ 76.463447241825421, 12.775292415509124 ], [ 76.46385390936905, 12.775252268359905 ], [ 76.464284918015153, 12.77521330903936 ], [ 76.464610213713726, 12.775181431942416 ], [ 76.464647492115077, 12.775178920733277 ], [ 76.464862830139126, 12.775164417617539 ], [ 76.464868190291156, 12.775118461003306 ], [ 76.464879020320254, 12.775025609698227 ], [ 76.465000624042744, 12.775004939673783 ], [ 76.465050434698, 12.77499641221471 ], [ 76.465053840602252, 12.774612732288672 ], [ 76.465053847542336, 12.774611538945443 ], [ 76.465280011522438, 12.774594700938994 ], [ 76.466360220869262, 12.774514276916424 ], [ 76.466431668066662, 12.77450944396529 ], [ 76.466484834833167, 12.774441019054183 ], [ 76.466879060896773, 12.773933654123464 ], [ 76.467198961837951, 12.773507537356178 ], [ 76.467312483373803, 12.773356482279613 ], [ 76.467413553659313, 12.773325402610624 ], [ 76.467870909953092, 12.773184762920328 ], [ 76.468465663818435, 12.773000762698459 ], [ 76.468545974783297, 12.772975847789217 ], [ 76.468600398947714, 12.772958960812408 ], [ 76.468632697601777, 12.772948933659016 ], [ 76.468672366195349, 12.772936619015045 ], [ 76.468671174212062, 12.772933723750588 ], [ 76.468663920096404, 12.772915877219155 ], [ 76.468430736716698, 12.772342159582797 ], [ 76.468426203341537, 12.772318078265293 ], [ 76.468367000268046, 12.772000812605771 ], [ 76.468356894759651, 12.771944540375559 ], [ 76.468344584403283, 12.771872817184926 ], [ 76.468339137365405, 12.771841077587144 ], [ 76.469063321592301, 12.771426182768289 ], [ 76.469105052419295, 12.771402274337909 ], [ 76.470275318195391, 12.771063903138886 ], [ 76.470342580180727, 12.77104445469852 ], [ 76.471579715502685, 12.770692416593109 ], [ 76.471677299580676, 12.77066464821098 ], [ 76.471681055574876, 12.770665122675826 ], [ 76.471833255972157, 12.770683894123117 ], [ 76.471915527884704, 12.770694041392268 ], [ 76.471938665539327, 12.770692155895127 ], [ 76.473485607493188, 12.770572857420571 ], [ 76.473595046498588, 12.770564416949684 ], [ 76.473856211099516, 12.770596612072444 ], [ 76.473950878311527, 12.770608655740812 ], [ 76.473953169712331, 12.770608947601971 ], [ 76.473986963699858, 12.770613247376852 ], [ 76.47401957788135, 12.770617396435329 ], [ 76.474382430086735, 12.770665629151493 ], [ 76.474407409562147, 12.770668949324241 ], [ 76.474517804931139, 12.770689803174861 ], [ 76.474661281674301, 12.770716905180578 ], [ 76.474769318462052, 12.770737312855351 ], [ 76.475737167678588, 12.770935949178622 ], [ 76.475809812639653, 12.77125636266658 ], [ 76.475842655573587, 12.771396899850663 ], [ 76.475861864830478, 12.771478319247421 ], [ 76.475979047798702, 12.771460132576726 ], [ 76.4761023286772, 12.771440783550828 ], [ 76.476110085735854, 12.771460783997181 ], [ 76.476245392871618, 12.771808019793138 ], [ 76.476276827394997, 12.771776473797432 ], [ 76.476299655146178, 12.771753564972485 ], [ 76.476610607231237, 12.771441198360176 ], [ 76.476682676923957, 12.77143213389407 ], [ 76.476843686998251, 12.771411459747405 ], [ 76.477015990568901, 12.771388989326919 ], [ 76.477014383537508, 12.771411384429324 ], [ 76.477012374660703, 12.77144023553959 ], [ 76.476958690171415, 12.772211414371316 ], [ 76.476942231790659, 12.77244784567198 ], [ 76.476939235915779, 12.772488496076278 ], [ 76.47681960326176, 12.774111639019893 ], [ 76.476812195067055, 12.774212155343635 ], [ 76.47677949197093, 12.774655855021246 ], [ 76.477670194599725, 12.7775032791164 ], [ 76.478217185421897, 12.779257662438495 ], [ 76.478227136901424, 12.779290959363328 ], [ 76.478232962036728, 12.779290848983242 ], [ 76.478243450387794, 12.779324917638858 ], [ 76.478327908994416, 12.779784796155568 ], [ 76.478334662508232, 12.779821569745325 ], [ 76.478427213836042, 12.779821575487761 ], [ 76.479670891571942, 12.779822785961498 ], [ 76.479747941686327, 12.779822876364136 ], [ 76.479753112883813, 12.779940787606369 ], [ 76.479779044431311, 12.780532060994474 ], [ 76.479980593293092, 12.780982849194949 ], [ 76.479994421804449, 12.781013756659085 ], [ 76.480011345827421, 12.781051583246819 ], [ 76.480443212934688, 12.781255993731099 ], [ 76.480778133645003, 12.781415379050632 ], [ 76.481173129245633, 12.781603352296646 ], [ 76.481366426649103, 12.781695439878359 ], [ 76.48137449191276, 12.781699282746033 ], [ 76.481510771233388, 12.781764085461326 ], [ 76.481512156951567, 12.781932258300131 ], [ 76.481512852708249, 12.782016682802999 ], [ 76.481513488370055, 12.782087323265079 ], [ 76.481513848486074, 12.782127289429084 ], [ 76.481975557011182, 12.782179786541713 ], [ 76.482019209093096, 12.782184722201459 ], [ 76.482196269132018, 12.782204743890848 ], [ 76.482239319418198, 12.782332632128817 ], [ 76.483000502178783, 12.782837293582137 ], [ 76.483285699014687, 12.783058233274378 ], [ 76.48330345666183, 12.783071974739324 ], [ 76.483403042766483, 12.78314904037831 ], [ 76.483454599227173, 12.783188909337001 ], [ 76.483463751913007, 12.78319598780141 ], [ 76.483535397461594, 12.783258297941867 ], [ 76.483593003505803, 12.783308396989275 ], [ 76.483670700736312, 12.783375928970141 ], [ 76.483796116125305, 12.783484856572047 ], [ 76.48383295825785, 12.783516817658654 ], [ 76.483859146585203, 12.783539537301086 ], [ 76.484242644666722, 12.783644525751688 ], [ 76.484701308841679, 12.783767598341282 ], [ 76.485278457729649, 12.783915337817929 ], [ 76.485479568263642, 12.783966817789253 ], [ 76.485742290038459, 12.784039675738343 ], [ 76.486075719222399, 12.784139954152741 ], [ 76.486248962530127, 12.784192056977661 ], [ 76.486431480592813, 12.784165015558679 ], [ 76.486490273214045, 12.78415630495399 ], [ 76.486766239309489, 12.784113724651482 ], [ 76.486993145594781, 12.784078714207546 ], [ 76.48765597880076, 12.784075072394637 ], [ 76.488142438898024, 12.78407239875685 ], [ 76.488146262201255, 12.784072378089823 ], [ 76.488456772649712, 12.784211485147766 ], [ 76.48887333840527, 12.784398102722799 ], [ 76.488899123906251, 12.784409682165739 ], [ 76.48908517997333, 12.784493352847015 ], [ 76.489249298828355, 12.784567157045423 ], [ 76.489359835992033, 12.784616866305928 ], [ 76.489481358477192, 12.7846715144562 ], [ 76.489478442044955, 12.784620250108413 ], [ 76.489472916322867, 12.784523133787593 ], [ 76.489466795599384, 12.78440543744297 ], [ 76.489462569405063, 12.784324165580239 ], [ 76.489451991979408, 12.784120751848874 ], [ 76.489451511307763, 12.784111504742093 ], [ 76.489442550392042, 12.783843979494561 ], [ 76.489376835139936, 12.781882118124509 ], [ 76.489376778311964, 12.781880436988111 ], [ 76.489375717675429, 12.781848767395299 ], [ 76.489362830971274, 12.781576896980285 ], [ 76.489362653243163, 12.781573131880938 ], [ 76.489361537185772, 12.781549449522098 ], [ 76.489359998254642, 12.781516791834182 ], [ 76.489359793051136, 12.781512424819734 ], [ 76.489314901349047, 12.780559594758465 ], [ 76.489284123751403, 12.779906339645436 ], [ 76.489275082663909, 12.779714432409854 ], [ 76.48926807813956, 12.7795657623914 ], [ 76.489268072972891, 12.779565666595568 ], [ 76.489267924420048, 12.779562635386331 ], [ 76.48926262546469, 12.779454948047871 ], [ 76.48946210399572, 12.779433588511559 ], [ 76.489458270092342, 12.779149654471739 ], [ 76.489455431019522, 12.778939444914903 ], [ 76.489455287194559, 12.778920873757036 ], [ 76.489452144239181, 12.778514188497386 ], [ 76.489448480940396, 12.778040219831917 ], [ 76.489447560239043, 12.777921128106087 ], [ 76.489445501902182, 12.777232948916916 ], [ 76.489445104536514, 12.777100201877873 ], [ 76.489445081894857, 12.777046974827234 ], [ 76.489515895916611, 12.776083194755264 ], [ 76.489570454842493, 12.775829026471092 ], [ 76.489606269731325, 12.775662177395875 ], [ 76.489617232054584, 12.775611232440321 ], [ 76.489545556619348, 12.775102019627873 ], [ 76.489499831268475, 12.774894529931089 ], [ 76.489460697252426, 12.77471694924518 ], [ 76.489327285758151, 12.774064190697228 ], [ 76.489273728353353, 12.773802143808998 ], [ 76.489223633961345, 12.773557037485048 ], [ 76.489215898396438, 12.773519186841655 ], [ 76.489148853882739, 12.773191147322372 ], [ 76.489125384654358, 12.773076314968902 ], [ 76.489120567740912, 12.773052747482804 ], [ 76.489066731137711, 12.77278932887304 ], [ 76.489042560324421, 12.772671062508703 ], [ 76.489031272055726, 12.772671226527342 ], [ 76.488883319109178, 12.772673392644977 ], [ 76.488872093473674, 12.772673557207572 ], [ 76.488855857786319, 12.772673794322897 ], [ 76.488852753215312, 12.772673839856962 ], [ 76.48885183685492, 12.772673853161313 ], [ 76.488847109543542, 12.772673922311682 ], [ 76.488837515853035, 12.772674062300531 ], [ 76.488835874697699, 12.772674086924701 ], [ 76.488833442429154, 12.772674122338731 ], [ 76.488822468235227, 12.77267428638512 ], [ 76.488819575513034, 12.772674333436024 ], [ 76.488804456982351, 12.77267455882353 ], [ 76.488791576444598, 12.772674759836331 ], [ 76.488698974258199, 12.772676252980427 ], [ 76.488694955205531, 12.772676318133925 ], [ 76.488546033753892, 12.772678720047297 ], [ 76.48853942036007, 12.772678826043755 ], [ 76.488359394502012, 12.772681729589442 ], [ 76.488352434832947, 12.772681842053608 ], [ 76.488206861030037, 12.772684189645327 ], [ 76.488198819233119, 12.772684319054116 ], [ 76.488106630529813, 12.77268580604388 ], [ 76.488102670415387, 12.772685869952129 ], [ 76.488013506130244, 12.772687308219982 ], [ 76.488009805725525, 12.772687367950883 ], [ 76.487967743778611, 12.772688046199184 ], [ 76.487932000513055, 12.772688621928864 ], [ 76.487927551371783, 12.772688694014962 ], [ 76.48790492622355, 12.772689059295008 ], [ 76.48786360103739, 12.772689725238001 ], [ 76.487863524274402, 12.772688884036951 ], [ 76.487860519853839, 12.772655828653274 ], [ 76.487849677518682, 12.772536530553465 ], [ 76.487842872140575, 12.772460999964609 ], [ 76.487839385268018, 12.772422305369517 ], [ 76.487825857724516, 12.772267358281821 ], [ 76.487807502790346, 12.772057109338808 ], [ 76.487786955397908, 12.771821753004192 ], [ 76.487794033503079, 12.771749470019342 ], [ 76.487896082791622, 12.770707344616104 ], [ 76.488508758049022, 12.770712829997155 ], [ 76.488551306639891, 12.77071321116521 ], [ 76.488783517623759, 12.770715290079625 ], [ 76.488867049869611, 12.770716037640801 ], [ 76.488857463893652, 12.770474540177025 ], [ 76.488843344769862, 12.768875360578614 ], [ 76.488877317714383, 12.76887297318288 ], [ 76.489033507993881, 12.768861997373534 ], [ 76.489410357034672, 12.768835514367243 ], [ 76.489456751818167, 12.768849003569793 ], [ 76.489553445845914, 12.768877117960356 ], [ 76.489554275728764, 12.76883638491481 ], [ 76.489557181584956, 12.768693720258439 ], [ 76.489557902003924, 12.768658358553651 ], [ 76.489557913114055, 12.768657267350854 ], [ 76.489565878194995, 12.767877222644548 ], [ 76.489462295954084, 12.767242284148958 ], [ 76.4894486790066, 12.767158810520131 ], [ 76.489440077455896, 12.76710608653379 ], [ 76.48941078233571, 12.76694810240093 ], [ 76.48937935684971, 12.766783494838476 ], [ 76.489353561067787, 12.766648373260807 ], [ 76.489330474225554, 12.766527443825415 ], [ 76.489371637314505, 12.766391954582209 ], [ 76.489406850028189, 12.766276196372198 ], [ 76.489445799524788, 12.766148834906854 ], [ 76.489590862865697, 12.765674497132286 ], [ 76.489715345743619, 12.765598505448208 ], [ 76.489778763237894, 12.765559792401328 ], [ 76.489815053316221, 12.765537638335916 ], [ 76.489815099201479, 12.765537610052791 ], [ 76.489816404261262, 12.765536819818553 ], [ 76.490187093109597, 12.765311087384717 ], [ 76.490412036551334, 12.765283876686942 ], [ 76.490876996612073, 12.765225532128122 ], [ 76.491275641468107, 12.765558509199195 ], [ 76.491385660418288, 12.765650404321912 ], [ 76.491428605601371, 12.76568450243073 ], [ 76.491509886041072, 12.765749039010016 ], [ 76.49246915086087, 12.766533755720614 ], [ 76.49257663574906, 12.766621682411383 ], [ 76.492622272037465, 12.766658218560984 ], [ 76.49264449437004, 12.76662948107856 ], [ 76.4927179264334, 12.766534512123267 ], [ 76.492764315171826, 12.766474499451418 ], [ 76.492801564908561, 12.766426310435516 ], [ 76.49282274599237, 12.766398907720566 ], [ 76.492835158369502, 12.766421949453299 ], [ 76.492840251820894, 12.766431404620556 ], [ 76.492845480279954, 12.766441108531021 ], [ 76.492870531312207, 12.766487611077579 ], [ 76.492919222688172, 12.766577996180704 ], [ 76.492937804810936, 12.766545440833386 ], [ 76.492982867556819, 12.766466492117461 ], [ 76.492990526866194, 12.766478283199275 ], [ 76.493025083446682, 12.766531479513951 ], [ 76.493064539259748, 12.766591948900574 ], [ 76.493085651948689, 12.766624306058803 ], [ 76.493092460573635, 12.766634740508563 ], [ 76.493101406774102, 12.766648451657295 ], [ 76.493152441756763, 12.766726666343875 ], [ 76.493173797038622, 12.766759395476459 ], [ 76.493288323694301, 12.766845481240837 ], [ 76.493331688382597, 12.76687800996979 ], [ 76.493365008414912, 12.766903004528785 ], [ 76.493482424761581, 12.766990871023234 ], [ 76.493531297919361, 12.767027443833356 ], [ 76.493550806114925, 12.767042042631198 ], [ 76.49362592905149, 12.767118575115999 ], [ 76.493784413136765, 12.767280031422935 ], [ 76.493810932626914, 12.767306783805825 ], [ 76.494162836403518, 12.767661776884962 ], [ 76.494246151215009, 12.767745823022715 ], [ 76.494313030773455, 12.767751998644064 ], [ 76.494357422584869, 12.76778764651689 ], [ 76.494507425266548, 12.767800374030889 ], [ 76.494593964497071, 12.767807716583681 ], [ 76.494655314069561, 12.767812921772741 ], [ 76.494752194189232, 12.767821142295862 ], [ 76.494766452063359, 12.767879371924993 ], [ 76.494771392649128, 12.767991331584307 ], [ 76.494777978020764, 12.768140568651186 ], [ 76.494817635419253, 12.768154974632182 ], [ 76.494817574305301, 12.768210877935836 ], [ 76.494918503527103, 12.768249369674658 ], [ 76.495382968639419, 12.768426504543434 ], [ 76.495290469136847, 12.768535880847146 ], [ 76.495424918146654, 12.768599089780542 ], [ 76.495465708541673, 12.768790385489497 ], [ 76.495694550256289, 12.768778585692724 ], [ 76.496006891332883, 12.768762722834403 ], [ 76.496039887481643, 12.768761063264888 ], [ 76.49607464142359, 12.768803961307027 ], [ 76.496161614983336, 12.768911246112076 ], [ 76.496215846155181, 12.76897814093836 ], [ 76.496578370750214, 12.769423525855618 ], [ 76.496615404988859, 12.769469024366078 ], [ 76.496765274169235, 12.769653147402272 ], [ 76.496849847562899, 12.76975705006743 ], [ 76.497171390055342, 12.770149176146221 ], [ 76.497243130221563, 12.770236664136375 ], [ 76.497375200095334, 12.770397725189381 ], [ 76.497658236565428, 12.770742890559116 ], [ 76.497717240714536, 12.771127504566019 ], [ 76.497717279790521, 12.771127727634042 ], [ 76.497743446490276, 12.771294473314621 ], [ 76.497784093807269, 12.771553501015914 ], [ 76.498159074167333, 12.773943023980841 ], [ 76.498245309205601, 12.774492541981113 ], [ 76.49822149019414, 12.77506170131298 ], [ 76.498220572658965, 12.775083555452033 ], [ 76.498216700763564, 12.775156427690423 ], [ 76.498198746232205, 12.775491774051337 ], [ 76.498161895435018, 12.776180055934203 ], [ 76.49814636126068, 12.776470200881795 ], [ 76.498137610094844, 12.776633649705525 ], [ 76.498123221739263, 12.776902385793953 ], [ 76.498117090954551, 12.777016441106548 ], [ 76.498108594510441, 12.777174036848116 ], [ 76.497997794857369, 12.778958258490698 ], [ 76.497864446542906, 12.779049291383679 ], [ 76.497732568674351, 12.779139319656982 ], [ 76.497345589009129, 12.77940349706415 ], [ 76.496990342420844, 12.779646011128168 ], [ 76.496800835144313, 12.779775380179462 ], [ 76.496472575874321, 12.779999470568034 ], [ 76.496423929052185, 12.780032679449372 ], [ 76.496415225870038, 12.780038621127323 ], [ 76.496342409725244, 12.780088328694079 ], [ 76.496257770351505, 12.780146108275281 ], [ 76.496196784698881, 12.7801877410225 ], [ 76.496124615226108, 12.780237008234993 ], [ 76.495873768988801, 12.780408249191192 ], [ 76.495406527790934, 12.780724068598955 ], [ 76.495161422900438, 12.780889740289465 ], [ 76.49499508950646, 12.781002167780676 ], [ 76.494760735319176, 12.781163541147397 ], [ 76.494614547143755, 12.781264204348766 ], [ 76.494307129411524, 12.781475887074468 ], [ 76.493863001441369, 12.781781705965679 ], [ 76.493577093652462, 12.781978576934621 ], [ 76.493486336744184, 12.782040696175011 ], [ 76.493448156080504, 12.782066829326689 ], [ 76.493442834327141, 12.782070471869496 ], [ 76.493398889714101, 12.782100549287708 ], [ 76.493200858117973, 12.782236092638966 ], [ 76.493072797859199, 12.782513675313044 ], [ 76.492986392241406, 12.782700967642137 ], [ 76.492036124364745, 12.784693546744139 ], [ 76.491649518856519, 12.785597473549972 ], [ 76.491525460840279, 12.785885948120127 ], [ 76.491516133191254, 12.785907637405719 ], [ 76.491407999639563, 12.786159083201552 ], [ 76.491397410724844, 12.786183706796107 ], [ 76.491382000302792, 12.786219539334789 ], [ 76.491238195938067, 12.78655392797452 ], [ 76.491133270749685, 12.78680909905934 ], [ 76.491074349455445, 12.786952390288171 ], [ 76.490791537399915, 12.787684179420461 ], [ 76.490777704808423, 12.787718310714494 ], [ 76.490734150822163, 12.787842938552734 ], [ 76.490699865497248, 12.787817162024716 ], [ 76.490685220473409, 12.78785804090718 ], [ 76.490650148862557, 12.787954896654668 ], [ 76.490627964530091, 12.788016161057003 ], [ 76.490605372318015, 12.788078554158551 ], [ 76.490283551997848, 12.7889673022812 ], [ 76.490345191306389, 12.788983012687501 ], [ 76.490415102511434, 12.78900083057278 ], [ 76.49041040316655, 12.789015918820896 ], [ 76.490542825669351, 12.789033382406275 ], [ 76.491557012216774, 12.789167132849146 ], [ 76.491517953611975, 12.789281908792464 ], [ 76.492008819386683, 12.789827997164849 ], [ 76.492014599329579, 12.789834427207589 ], [ 76.491997141096135, 12.789865221588331 ], [ 76.491989425736577, 12.78987882988622 ], [ 76.491763659108372, 12.790466342024008 ], [ 76.491724790301816, 12.790567490814473 ], [ 76.49139433545885, 12.791742740092737 ], [ 76.491365928636966, 12.792396261649314 ], [ 76.491351742651915, 12.792722614614776 ], [ 76.491345375162197, 12.792869110758572 ], [ 76.491344228579777, 12.792895490770256 ], [ 76.491342994356003, 12.79292388631124 ], [ 76.491415274641938, 12.792953732689318 ], [ 76.491421547017751, 12.792956326054487 ], [ 76.491665050958375, 12.793056743060802 ], [ 76.492053808101403, 12.793810943060835 ], [ 76.492056529834599, 12.79382893729117 ], [ 76.492091255843306, 12.794058505965717 ], [ 76.492118338047803, 12.794237538681847 ], [ 76.492126801307336, 12.79429348679888 ], [ 76.492135137114957, 12.794348593101638 ], [ 76.492222433267159, 12.794454784402525 ], [ 76.492271935508285, 12.794515001207476 ], [ 76.492308697822665, 12.794559719512735 ], [ 76.492320793907766, 12.794574434255528 ], [ 76.492410716307063, 12.795062601607084 ], [ 76.492413245385976, 12.795076333620615 ], [ 76.492436074545481, 12.795200267592243 ], [ 76.492601089568979, 12.795194521053499 ], [ 76.492649937759268, 12.795192810642693 ], [ 76.492668192498385, 12.795192168465016 ], [ 76.492670616553724, 12.795180518355188 ], [ 76.49274681447848, 12.795135373680395 ], [ 76.492754816949855, 12.795130632036955 ], [ 76.49278298683555, 12.795121405288327 ], [ 76.492932936574348, 12.795556655255641 ], [ 76.49296025207434, 12.795661349965643 ], [ 76.493237368590869, 12.796367769243572 ], [ 76.493353697868045, 12.796670876242992 ], [ 76.493484143244189, 12.796887795602059 ], [ 76.49353919245128, 12.7970067175744 ], [ 76.493528254509741, 12.797135939533089 ], [ 76.493417781544736, 12.797248505193402 ], [ 76.49338963434036, 12.797435229115139 ], [ 76.493555357835717, 12.79776580085427 ], [ 76.493686400718403, 12.798166889903307 ], [ 76.493752782183762, 12.798384408106909 ], [ 76.493762572915315, 12.798403811343071 ], [ 76.49416122032153, 12.800079070460336 ], [ 76.494177197705, 12.80014621169919 ], [ 76.494179745981612, 12.800157542525847 ], [ 76.494290917983676, 12.80055427697903 ], [ 76.494312145097041, 12.800630030723056 ], [ 76.494469782536797, 12.801159480774022 ], [ 76.494582936300532, 12.801539523923168 ], [ 76.494741457478938, 12.802071935592284 ], [ 76.494762051964784, 12.802141104458812 ], [ 76.494774623860494, 12.802183327941597 ], [ 76.494956275934882, 12.802190169155777 ], [ 76.494983740290124, 12.802277293245286 ], [ 76.494990583089958, 12.802464647593848 ], [ 76.494994534196366, 12.802570992306403 ], [ 76.495084750604093, 12.802896872459327 ], [ 76.495120288671274, 12.803030205049788 ], [ 76.49513712333119, 12.803276627342896 ], [ 76.495145703871927, 12.803401347701296 ], [ 76.4949985255043, 12.803615591770701 ], [ 76.494888206659567, 12.803737260688049 ], [ 76.494852213356666, 12.803786477456756 ], [ 76.494579944441497, 12.804158779835392 ], [ 76.494524222129911, 12.804629095943641 ], [ 76.494301223487639, 12.805251047269053 ], [ 76.494031480881418, 12.805385325537305 ], [ 76.493852402732159, 12.805395338980915 ], [ 76.493103196821409, 12.805437231473148 ], [ 76.492646355420874, 12.805461347395516 ], [ 76.492370754181565, 12.805537752942916 ], [ 76.492208069105459, 12.805524814577588 ], [ 76.491816861310937, 12.805493701139559 ], [ 76.491694769643786, 12.805483991226748 ], [ 76.491695213496271, 12.805488195056762 ], [ 76.491713508534318, 12.805661550461506 ], [ 76.491733650645997, 12.805774938949988 ], [ 76.491693825184129, 12.805775735872672 ], [ 76.491696332524199, 12.805813783975788 ], [ 76.491696634770761, 12.805818343882448 ], [ 76.491710505414062, 12.806027704719817 ], [ 76.491712966953941, 12.806064855402218 ], [ 76.491720812638675, 12.806183279249241 ], [ 76.491734692470615, 12.806392780144783 ], [ 76.491429676761939, 12.806502028601281 ], [ 76.491463968599319, 12.80675054476278 ], [ 76.491613374901021, 12.807120090887837 ], [ 76.491618497407899, 12.807132758646445 ], [ 76.491624702845016, 12.807149593165894 ], [ 76.491917280461323, 12.807943294280811 ], [ 76.492153569697749, 12.808373764907472 ], [ 76.492335247024016, 12.808586344736888 ], [ 76.492368957787178, 12.808625707560491 ], [ 76.492620104222084, 12.80886462665122 ], [ 76.492633095934124, 12.808873614757879 ], [ 76.492703648787369, 12.808922465934558 ], [ 76.492750180867162, 12.80895468486913 ], [ 76.492941385393948, 12.809087074527683 ], [ 76.493271258363322, 12.809561879846072 ], [ 76.493323571705034, 12.809832106924727 ], [ 76.493343302830496, 12.809923988462939 ], [ 76.493296751438322, 12.810012249365611 ], [ 76.493293048207917, 12.810019270993783 ], [ 76.493265786539226, 12.810070982898258 ], [ 76.493923854672346, 12.810925979847793 ], [ 76.493924393067459, 12.810926677396839 ], [ 76.494115910617708, 12.811174965845435 ], [ 76.494191700430491, 12.811147237407093 ], [ 76.494412718849645, 12.811066816314048 ], [ 76.494482638485408, 12.811041530297473 ], [ 76.494480275723603, 12.811036697337736 ], [ 76.494477145572731, 12.811030293956952 ], [ 76.494257090419552, 12.810581450511149 ], [ 76.494271469752334, 12.810574370984451 ], [ 76.494277015741517, 12.810571641047627 ], [ 76.4944396758941, 12.81049197430306 ], [ 76.494475085796026, 12.810474749054096 ], [ 76.494546584393888, 12.810439969247684 ], [ 76.494559714975026, 12.810454206918203 ], [ 76.495158322303396, 12.811101150107717 ], [ 76.495176083797276, 12.811120241257351 ], [ 76.496057236662764, 12.812067335631609 ], [ 76.496185465505192, 12.812205160001339 ], [ 76.496283951699425, 12.812310282851216 ], [ 76.49639167048899, 12.812425148058745 ], [ 76.496992165670434, 12.813063683398912 ], [ 76.497098906365437, 12.813176913942339 ], [ 76.497102897080879, 12.813181147295813 ], [ 76.497191500625831, 12.813275042149366 ], [ 76.497198842390787, 12.813282822736062 ], [ 76.497308463674401, 12.813398990169205 ], [ 76.497318539144842, 12.813409667901821 ], [ 76.497329660260519, 12.813421453418586 ], [ 76.497375175660991, 12.813504480392035 ], [ 76.497424938212575, 12.813603018503175 ], [ 76.497467148853715, 12.813688763611763 ], [ 76.497474305793418, 12.813703301767504 ], [ 76.497575662926536, 12.813909192383241 ], [ 76.498311237599097, 12.815403384991074 ], [ 76.498371913082281, 12.815526636729846 ], [ 76.499084067571715, 12.816973231618187 ], [ 76.499655876275952, 12.818134728968982 ], [ 76.501540206905403, 12.82196221477408 ], [ 76.501634886955344, 12.822148225960145 ], [ 76.501719208055917, 12.822313883871324 ], [ 76.501766163278219, 12.822306542871312 ], [ 76.502906084919857, 12.822128328632735 ], [ 76.503293535884694, 12.822010774792172 ], [ 76.503293670206176, 12.822010745096451 ], [ 76.504373841018449, 12.821710391242098 ], [ 76.507118522681864, 12.822100892891079 ], [ 76.507184213475199, 12.822109683048309 ], [ 76.50717268944814, 12.822014225205015 ], [ 76.507604972580353, 12.822088037335536 ], [ 76.507671322416968, 12.822099366543744 ], [ 76.508121609795779, 12.822096403668722 ], [ 76.508302845770785, 12.822095114061922 ], [ 76.508309792350602, 12.822095062476071 ], [ 76.508327725759301, 12.822094925287457 ], [ 76.508406831677419, 12.822094342379133 ], [ 76.508393918636628, 12.82216574922972 ], [ 76.508378404967416, 12.822251537354989 ], [ 76.508396628200543, 12.822269436905843 ], [ 76.50850551082803, 12.822376386606061 ], [ 76.508605643298935, 12.822474740587335 ], [ 76.508642942364006, 12.822487563228034 ], [ 76.508801883628493, 12.82254215799866 ], [ 76.508830887790964, 12.822407404188972 ], [ 76.508855627512261, 12.82229242632369 ], [ 76.50931973921783, 12.822338855222236 ], [ 76.509327675621648, 12.822339649496168 ], [ 76.509436749386651, 12.82238678637167 ], [ 76.509462471640461, 12.82239514267731 ], [ 76.509547183050216, 12.822422664219696 ], [ 76.5095540636745, 12.822429629819727 ], [ 76.509624823665959, 12.822501266104119 ], [ 76.509649552661642, 12.822526435241135 ], [ 76.509778905823836, 12.822773020577737 ], [ 76.509797757196665, 12.82280895751877 ], [ 76.509831431061073, 12.822824974728997 ], [ 76.509855140373347, 12.822836244381692 ], [ 76.509882695622295, 12.822849343343881 ], [ 76.510606678109951, 12.82319290390703 ], [ 76.510709572867157, 12.823208991683583 ], [ 76.511172214139975, 12.823320110244593 ], [ 76.51128398041682, 12.823355669562851 ], [ 76.511544229793074, 12.823438470032412 ], [ 76.511570801638712, 12.823523704476198 ], [ 76.511733751465101, 12.824046405247005 ], [ 76.511771349670326, 12.824339836657082 ], [ 76.511864897363665, 12.824317823508641 ], [ 76.511992597424111, 12.824287772700874 ], [ 76.512087514844637, 12.824265437010933 ], [ 76.512146068353417, 12.824251657894473 ], [ 76.512148020391834, 12.824258903966728 ], [ 76.512176263844978, 12.824363764442895 ], [ 76.512201460558586, 12.824457315337074 ], [ 76.512233413922402, 12.824569596179627 ], [ 76.51258426757218, 12.824485283898266 ], [ 76.512609044394992, 12.824479204837369 ], [ 76.512658068191655, 12.824467177220242 ], [ 76.512666154809935, 12.824465193439744 ], [ 76.512734578022844, 12.824871919786325 ], [ 76.512743644199404, 12.824925809180815 ], [ 76.512747606139214, 12.824949362651617 ], [ 76.512910456011696, 12.824888530552775 ], [ 76.513074941926007, 12.824827087789451 ], [ 76.513080933613722, 12.824828175176716 ], [ 76.513440264376555, 12.824893394725768 ], [ 76.513456110850683, 12.824893787167333 ], [ 76.513823087949035, 12.82488442758553 ], [ 76.513854121304163, 12.824918191329349 ], [ 76.513989323444534, 12.825065286153702 ], [ 76.514324443793626, 12.825413003703925 ], [ 76.514369530747189, 12.825430621509541 ], [ 76.51592652799998, 12.826039003281025 ], [ 76.516003569885314, 12.826069106071268 ], [ 76.517818845737466, 12.82677839207027 ], [ 76.518017879945674, 12.826853209447663 ], [ 76.518054752336113, 12.826867069975467 ], [ 76.518073943109954, 12.827113166901771 ], [ 76.518152734784593, 12.828008500143556 ], [ 76.51815662984032, 12.82805275806443 ], [ 76.51816632404875, 12.82810254387911 ], [ 76.518243817949511, 12.829007268834259 ], [ 76.518290929929037, 12.829557290383095 ], [ 76.518284652302327, 12.829593180902902 ], [ 76.518263508025072, 12.829959812567663 ], [ 76.518253799954039, 12.830128143753125 ], [ 76.518240625626802, 12.83035659166258 ], [ 76.518221545104211, 12.830694837697246 ], [ 76.518216781287705, 12.830745356965437 ], [ 76.518174910908769, 12.831189407152872 ], [ 76.518049664443026, 12.832114739625911 ], [ 76.518043903011659, 12.832157293223776 ], [ 76.518029780720298, 12.832192540204471 ], [ 76.517985594881139, 12.832302822473729 ], [ 76.51796824408224, 12.832346137272628 ], [ 76.517966387366556, 12.832368495663719 ], [ 76.517961250152212, 12.832430339627713 ], [ 76.517915530806235, 12.832980590794421 ], [ 76.517908071512878, 12.833048492280842 ], [ 76.517881363286349, 12.833291748942466 ], [ 76.517870934952882, 12.833298241096751 ], [ 76.517853431971247, 12.833309129558447 ], [ 76.517841852648914, 12.833316332571389 ], [ 76.517795014094219, 12.833345480299359 ], [ 76.517738782454003, 12.833380468738586 ], [ 76.517722872818126, 12.833390367156332 ], [ 76.517706122454143, 12.83340078932161 ], [ 76.517606534382793, 12.833462751114132 ], [ 76.517311351223057, 12.83364640625468 ], [ 76.517006175170394, 12.833836276806629 ], [ 76.516968831357957, 12.833859512612147 ], [ 76.516995064958138, 12.833902224135631 ], [ 76.517483098757438, 12.834704395486929 ], [ 76.518117559389893, 12.835748887989684 ], [ 76.518168148105758, 12.835832170054204 ], [ 76.518554819389109, 12.836468729232161 ], [ 76.518886478734998, 12.83701174024598 ], [ 76.519871277506041, 12.839530809967146 ], [ 76.520181870563675, 12.840325277826214 ], [ 76.52036939929269, 12.840804957235056 ], [ 76.520391306060446, 12.840860991958005 ], [ 76.52032713324121, 12.841234440751437 ], [ 76.520327011631124, 12.841453588544363 ], [ 76.520417348135865, 12.841451024428368 ], [ 76.523743912822667, 12.841375360990391 ], [ 76.524022052379692, 12.841369032994512 ], [ 76.524272556366299, 12.841363333348228 ], [ 76.524440898970241, 12.841359502472587 ], [ 76.524667210456002, 12.84123359799497 ], [ 76.524872094746073, 12.841270748756477 ], [ 76.527256840761211, 12.841693267251831 ], [ 76.530716105779049, 12.842257091183985 ], [ 76.531235540600349, 12.842341749453471 ], [ 76.532407599356546, 12.842532767929116 ], [ 76.532413384262682, 12.842533710484521 ], [ 76.532413934812084, 12.84253380038313 ], [ 76.532419609985652, 12.842534726402846 ], [ 76.532472646146061, 12.842543370056628 ], [ 76.532478644079987, 12.842544347527104 ], [ 76.532579179569368, 12.842560732383246 ], [ 76.532585912917028, 12.842564788162592 ], [ 76.532595967633384, 12.842570844975921 ], [ 76.532602509581906, 12.842574786161043 ], [ 76.532616926828467, 12.842583470724257 ], [ 76.53262728113738, 12.842589708393744 ], [ 76.532645442321268, 12.842600648255837 ], [ 76.533384471886066, 12.843045832118774 ], [ 76.533460743517111, 12.843093922848048 ], [ 76.533522283729525, 12.843132724304477 ], [ 76.533881071077872, 12.843358160254832 ], [ 76.533908911506728, 12.843375653448401 ], [ 76.533937857078243, 12.843393839870744 ], [ 76.534037511683252, 12.843456455620084 ], [ 76.534039716429348, 12.843457841211789 ], [ 76.534369593229954, 12.843665110573408 ], [ 76.534702248683331, 12.843874125997853 ], [ 76.535383835861097, 12.844167782688018 ], [ 76.535540416362821, 12.844235243903805 ], [ 76.535748940918609, 12.844132530194971 ], [ 76.53595004902752, 12.844033469337855 ], [ 76.536924183298893, 12.843553632304859 ], [ 76.537638724320644, 12.843201662305992 ], [ 76.540119487573406, 12.841979660001821 ], [ 76.540585931735791, 12.841931343678358 ], [ 76.540785851287069, 12.841910634926519 ], [ 76.541010200478652, 12.841887395268298 ], [ 76.541185131374803, 12.841869274495618 ], [ 76.541583700486797, 12.841827987250829 ], [ 76.542893934223585, 12.841692256997074 ], [ 76.544901069015168, 12.841484321473621 ], [ 76.545543213666178, 12.841417792769887 ], [ 76.545818031798973, 12.841389319983211 ], [ 76.546619366248734, 12.841306296032153 ], [ 76.547627600941567, 12.841613238656805 ], [ 76.547699861913031, 12.84163523707954 ], [ 76.548193272002209, 12.841785446760168 ], [ 76.54850538371673, 12.841880463202273 ], [ 76.548507340700681, 12.841881098012355 ], [ 76.548722467556217, 12.841950849212907 ], [ 76.549584143707321, 12.84223023032027 ], [ 76.550247820237715, 12.842445412019297 ], [ 76.550353506594291, 12.84251629046144 ], [ 76.551001890633785, 12.842951122220521 ], [ 76.551420449224523, 12.843231822322817 ], [ 76.551599862541181, 12.843352142737727 ], [ 76.552231397132971, 12.843758958503647 ], [ 76.55247024361627, 12.843918271819719 ], [ 76.552652505859569, 12.844039842845453 ], [ 76.553709810730993, 12.844745070320071 ], [ 76.554155793212701, 12.845042540089745 ], [ 76.554491009920667, 12.845266127929197 ], [ 76.554818661913643, 12.845484669752013 ], [ 76.555336952040463, 12.845830363962357 ], [ 76.555722352717623, 12.846087420889635 ], [ 76.555982301667711, 12.846119340478511 ], [ 76.556029416262461, 12.846119057658134 ], [ 76.556829274330127, 12.846114249457594 ], [ 76.557722306131708, 12.846091498939302 ], [ 76.557851542836573, 12.846088200152359 ], [ 76.557915978912831, 12.846056450669391 ], [ 76.558187761233654, 12.845922525265815 ], [ 76.558460421313669, 12.845788165914934 ], [ 76.558658348265396, 12.84572862479242 ], [ 76.558772338945104, 12.845694331859459 ], [ 76.558840551269498, 12.845673812481934 ], [ 76.559011854119262, 12.845621030020746 ], [ 76.559279069033863, 12.845524533731938 ], [ 76.559695432834417, 12.845373121428906 ], [ 76.559943488290529, 12.845288730497076 ], [ 76.560098900711367, 12.845235858270099 ], [ 76.560253592580338, 12.845171336152111 ], [ 76.561798146216418, 12.84490538287641 ], [ 76.562825657269116, 12.844769305718065 ], [ 76.56364814740158, 12.844628094199518 ], [ 76.565870583166529, 12.844765708528241 ], [ 76.567991423309749, 12.844897014001404 ], [ 76.568032268072756, 12.8448995425974 ], [ 76.568868478848316, 12.844951308524758 ], [ 76.568905951414678, 12.844969520302469 ], [ 76.56899553648546, 12.845013059236839 ], [ 76.56917526854852, 12.845100411165527 ], [ 76.569208835139094, 12.845116724386038 ], [ 76.570632048450435, 12.8458084103522 ], [ 76.570690499442989, 12.845836817935204 ], [ 76.570892197675661, 12.845934842353833 ], [ 76.5730309282321, 12.846975267277367 ], [ 76.573280768623576, 12.847096805531299 ], [ 76.57371087769377, 12.846991845671912 ], [ 76.573824157612748, 12.846964202052803 ], [ 76.573915965593471, 12.846941797263552 ], [ 76.57405165287085, 12.846908684882534 ], [ 76.574463686408734, 12.846808135131347 ], [ 76.574526577783459, 12.846792787293818 ], [ 76.574555359030427, 12.846785763485206 ], [ 76.576819682260549, 12.846233177768681 ], [ 76.576884218024546, 12.84621742810163 ], [ 76.577012084483712, 12.846186222519327 ], [ 76.577095284360425, 12.846204585970149 ], [ 76.577137562831538, 12.846213916832628 ], [ 76.57713554144307, 12.84622202132757 ], [ 76.577136211967314, 12.846243111475802 ], [ 76.577136702514025, 12.84625853751545 ], [ 76.577153723517455, 12.846794180320021 ], [ 76.577168089952551, 12.847125969070177 ], [ 76.577181020731828, 12.84746153418512 ], [ 76.577203250523752, 12.84780085818273 ], [ 76.577217333580379, 12.848142701661493 ], [ 76.577231306774877, 12.848484493356796 ], [ 76.577242497573295, 12.848826252037687 ], [ 76.577256247692304, 12.849246677895257 ], [ 76.577264904015962, 12.849509575764293 ], [ 76.577282915811963, 12.84984845133779 ], [ 76.577298280835876, 12.850187178278313 ], [ 76.577313670067952, 12.850525783023754 ], [ 76.577325035384078, 12.850864271821404 ], [ 76.577339081166826, 12.851202666757199 ], [ 76.577353118191823, 12.851540972239526 ], [ 76.57736718600556, 12.851879177183111 ], [ 76.57737725407361, 12.852217304908134 ], [ 76.577392682396678, 12.85255662166958 ], [ 76.577408091102654, 12.852895879777272 ], [ 76.577422135943749, 12.853235068327784 ], [ 76.577436161226004, 12.853574208168455 ], [ 76.577438139099286, 12.853913264028028 ], [ 76.577445475633027, 12.854077076408391 ], [ 76.577404003676946, 12.854156998084688 ], [ 76.577350505961334, 12.854252129036716 ], [ 76.577142592388185, 12.854593218479067 ], [ 76.576948140192783, 12.854932938752739 ], [ 76.576825901935393, 12.855134413683126 ], [ 76.576821929346877, 12.855268889696022 ], [ 76.576816002617065, 12.855603790550491 ], [ 76.576808712884343, 12.855801660289861 ], [ 76.576830807912344, 12.855993250726353 ], [ 76.576833553326409, 12.856234241943243 ], [ 76.576836237123615, 12.856281175356843 ], [ 76.576845003677121, 12.856575197094271 ], [ 76.576846375465237, 12.856621086169014 ], [ 76.576857753930739, 12.856869493190667 ], [ 76.576861190651499, 12.856944494893792 ], [ 76.576855694645914, 12.857021028276991 ], [ 76.577146330123867, 12.858669141018611 ], [ 76.575743328341815, 12.862604191591823 ], [ 76.575689460956269, 12.862755272307929 ], [ 76.575340271516495, 12.8637346397804 ], [ 76.575200106490499, 12.864127757350841 ], [ 76.575191742437852, 12.864151216831228 ], [ 76.574714926047193, 12.865508255879819 ], [ 76.574707283614785, 12.866987639835546 ], [ 76.578911668263387, 12.87052010980727 ], [ 76.57975839156336, 12.871231930184356 ], [ 76.579675703416228, 12.871373473947058 ], [ 76.579635096140947, 12.871443100120318 ], [ 76.579419131039003, 12.871814668302317 ], [ 76.579106477835367, 12.872351120783492 ], [ 76.578721945901322, 12.873003984392339 ], [ 76.578715144724484, 12.873015531989013 ], [ 76.578712261954692, 12.873020423557753 ], [ 76.578698456233667, 12.873069029083164 ], [ 76.578648516655662, 12.873399219034091 ], [ 76.578642279299885, 12.873440497492915 ], [ 76.578749246307282, 12.87344755399017 ], [ 76.578823178510589, 12.873452432038697 ], [ 76.578867168404415, 12.873455336314732 ], [ 76.578877186048715, 12.873455997324601 ], [ 76.578884941084198, 12.873458470865227 ], [ 76.579035177655967, 12.873506286841785 ], [ 76.579711360914871, 12.873415327393044 ], [ 76.580033662469049, 12.873372091877972 ], [ 76.580084543982053, 12.873365250292728 ], [ 76.580086007955046, 12.87335126249417 ], [ 76.580131585809355, 12.872915779195766 ], [ 76.580133769377937, 12.872895026276524 ], [ 76.5801892825491, 12.872896718241083 ], [ 76.580346583528311, 12.87290151169255 ], [ 76.581828891270504, 12.872946792050961 ], [ 76.581850359785605, 12.872951286258356 ], [ 76.581869460969472, 12.872955287627928 ], [ 76.58192186468527, 12.87296626637538 ], [ 76.58214974626452, 12.873014957821896 ], [ 76.582267561548349, 12.873040127091111 ], [ 76.583056437313545, 12.873208311618859 ], [ 76.583606091771102, 12.873325493039911 ], [ 76.58368992799177, 12.873343329695823 ], [ 76.584377988967873, 12.874138066663182 ], [ 76.584427017290494, 12.874194696622412 ], [ 76.584552947937681, 12.874340149056009 ], [ 76.585124177932755, 12.874999253684354 ], [ 76.585166510015299, 12.875081097634737 ], [ 76.585895938762874, 12.875697096487665 ], [ 76.586093169355209, 12.875863646162472 ], [ 76.586259832203169, 12.87600437633953 ], [ 76.586876142064412, 12.875864620853044 ], [ 76.586916446567159, 12.875855481712934 ], [ 76.587068539539885, 12.875822055659652 ], [ 76.587084278909316, 12.875818596662267 ], [ 76.587313530000998, 12.875504528866754 ], [ 76.587333952677795, 12.875476616332362 ], [ 76.58735412138428, 12.875449049746376 ], [ 76.587727982204385, 12.87565456095755 ], [ 76.588020252517666, 12.875807675996302 ], [ 76.588575682363171, 12.876019884700415 ], [ 76.589217181970582, 12.876307089983825 ], [ 76.589537394915482, 12.876611090660147 ], [ 76.589886518279599, 12.876619206000909 ], [ 76.589954460840119, 12.876620785112449 ], [ 76.590031517807972, 12.87662267137978 ], [ 76.590069268059764, 12.876623594821153 ], [ 76.590065907195324, 12.877051206688943 ], [ 76.59006582557835, 12.8770616425501 ], [ 76.590154469475664, 12.877049126083682 ], [ 76.590195445631252, 12.877043340582519 ], [ 76.590160124188046, 12.877308355988106 ], [ 76.590159327107074, 12.877314333319189 ], [ 76.590413682295193, 12.87732141852662 ], [ 76.590447178673429, 12.877322351455051 ], [ 76.590466603034358, 12.877322892518798 ], [ 76.591113276706196, 12.877632579756424 ], [ 76.59113651705367, 12.877643714647675 ], [ 76.591617089041492, 12.87787395922034 ], [ 76.591656271768827, 12.87789349536181 ], [ 76.591712640854141, 12.877921600603436 ], [ 76.592863410625455, 12.87849535527808 ], [ 76.593088240156035, 12.878602067692983 ], [ 76.593197542415652, 12.87865394669139 ], [ 76.593300992041208, 12.878705240215147 ], [ 76.594128541390944, 12.879115554505063 ], [ 76.594551501514104, 12.879324296700034 ], [ 76.594885086043291, 12.879488408634913 ], [ 76.595565785285444, 12.879943031034015 ], [ 76.59590156986765, 12.880167292190428 ], [ 76.596017025761284, 12.880244401721447 ], [ 76.595950802108973, 12.880601365795187 ], [ 76.595949437889672, 12.880608118567739 ], [ 76.595572190732213, 12.882499522229125 ], [ 76.595501745752642, 12.882530796421145 ], [ 76.595398561362728, 12.882576605987291 ], [ 76.5947465768336, 12.882866055726229 ], [ 76.593410332261712, 12.884303617987729 ], [ 76.593358804634761, 12.884359051577936 ], [ 76.593232072245556, 12.884550726112762 ], [ 76.590967624352174, 12.887028894083333 ], [ 76.590912367957714, 12.8879100428474 ], [ 76.590906388368509, 12.888005401228472 ], [ 76.590887423284215, 12.888307843441551 ], [ 76.59087835631513, 12.888452426929893 ], [ 76.590875096488162, 12.88850090008477 ], [ 76.590873141447091, 12.888529973486483 ], [ 76.590870691102822, 12.888566409968515 ], [ 76.590857978794716, 12.888755470723099 ], [ 76.590846837699161, 12.888927050122797 ], [ 76.590790976146906, 12.889787374294613 ], [ 76.590789554049792, 12.889809646651599 ], [ 76.590788898638792, 12.889819963049153 ], [ 76.590783929298382, 12.889898161675902 ], [ 76.590776047490394, 12.890022204426495 ], [ 76.590862833755125, 12.890177646770072 ], [ 76.591046552122663, 12.890506702591095 ], [ 76.591489688791697, 12.891300395249242 ], [ 76.592547260934865, 12.893194565661988 ], [ 76.592606974986083, 12.893301515230524 ], [ 76.592856206800946, 12.893747897981658 ], [ 76.592983554761645, 12.893975980656306 ], [ 76.593302628967592, 12.894547449105566 ], [ 76.593613822056781, 12.895254369438549 ], [ 76.593751905252631, 12.895568439714589 ], [ 76.593824928814968, 12.895734755028837 ], [ 76.593864056554025, 12.895824013393916 ], [ 76.594455209365449, 12.897198073917826 ], [ 76.59452230980223, 12.897354039403865 ], [ 76.594635895198167, 12.897660735472629 ], [ 76.594725004267431, 12.89792918491861 ], [ 76.594933385945509, 12.898556948498525 ], [ 76.595204807079952, 12.899374615623698 ], [ 76.595224924836316, 12.899434868481695 ], [ 76.595343795272797, 12.899790883511125 ], [ 76.595784095854569, 12.900165244023855 ], [ 76.595981467838556, 12.900321377658685 ], [ 76.596446650957617, 12.900689366643402 ], [ 76.596731673237485, 12.900914836168598 ], [ 76.596886337540298, 12.901037184778197 ], [ 76.59820319743487, 12.902078887316339 ], [ 76.598443584415918, 12.902269043026678 ], [ 76.598515865873964, 12.902357421540605 ], [ 76.598760025783434, 12.902874487918865 ], [ 76.598895183274536, 12.90316978412994 ], [ 76.598947756260685, 12.90328435136057 ], [ 76.599334273414854, 12.904111052716841 ], [ 76.599444396361847, 12.904359040139026 ], [ 76.599481751247708, 12.904443393258735 ], [ 76.599491601681862, 12.904462352295406 ], [ 76.599557025269434, 12.904588362578449 ], [ 76.599566189927657, 12.904609608302616 ], [ 76.599727904884332, 12.904984923411241 ], [ 76.599771134139189, 12.905085462062369 ], [ 76.599892517435293, 12.905367759640447 ], [ 76.599921249424142, 12.905434581620337 ], [ 76.599922648997477, 12.905456437105423 ], [ 76.599700451149516, 12.905391736370198 ], [ 76.599403482737713, 12.905481179438125 ], [ 76.599385377104497, 12.905486638926392 ], [ 76.599239504953559, 12.905530668193339 ], [ 76.599086121385326, 12.905576964355204 ], [ 76.599013765137855, 12.905598803621695 ], [ 76.598777551287895, 12.906551262088536 ], [ 76.598675413075526, 12.90700940756072 ], [ 76.598640860728466, 12.907164392940762 ], [ 76.598504572848725, 12.907775714292143 ], [ 76.59846344582067, 12.907960189051149 ], [ 76.5977906051004, 12.910967469831871 ], [ 76.597762329018721, 12.911093847168736 ], [ 76.597692594862309, 12.91140552384951 ], [ 76.597149990076232, 12.914382696985726 ], [ 76.597145585855273, 12.914406006283473 ], [ 76.597069251040878, 12.91481001569643 ], [ 76.596293288603107, 12.918916812877306 ], [ 76.596240025612445, 12.919198703651311 ], [ 76.596095187799392, 12.919965250513314 ], [ 76.595934265166079, 12.920879421812968 ], [ 76.596197930766564, 12.921077365709365 ], [ 76.596261790734886, 12.921125353462346 ], [ 76.59680193150696, 12.921540032876646 ], [ 76.597024390360545, 12.921710818809144 ], [ 76.5981312506633, 12.922499354363101 ], [ 76.598176359609283, 12.922531247445654 ], [ 76.598899904509821, 12.923042190706896 ], [ 76.599433529404195, 12.923419016897874 ], [ 76.599446754120478, 12.923428355127363 ], [ 76.599578770755315, 12.923408087802171 ], [ 76.599971212885492, 12.923347182800905 ], [ 76.599981543305972, 12.923345567403842 ], [ 76.600015166514055, 12.92334028745366 ], [ 76.600024986870011, 12.923338746593169 ], [ 76.600065516465619, 12.923332355837156 ], [ 76.600151765205254, 12.923318755156423 ], [ 76.600183426938713, 12.923313700539953 ], [ 76.600407190231522, 12.923277976017832 ], [ 76.600527289160539, 12.923258573143563 ], [ 76.600850559880669, 12.923229155355362 ], [ 76.60164958493452, 12.923156440448654 ], [ 76.602573455307748, 12.923060226942095 ], [ 76.602712753266957, 12.923045719502467 ], [ 76.602732364603384, 12.923043823755386 ], [ 76.602915003171645, 12.924391946108242 ], [ 76.603045082171704, 12.925186066707663 ], [ 76.60318359624803, 12.925803725554564 ], [ 76.60320454793937, 12.925897155442302 ], [ 76.603208909393089, 12.925916603488249 ], [ 76.603232627253064, 12.926018349050413 ], [ 76.603435310488777, 12.926911106750861 ], [ 76.603410158722411, 12.927116295634356 ], [ 76.603358042905981, 12.927554322080248 ], [ 76.603562693630664, 12.92847037310038 ], [ 76.603674528532437, 12.928989165861644 ], [ 76.603692951842746, 12.929074630149685 ], [ 76.60397564673346, 12.930364405036139 ], [ 76.603991821782927, 12.930438203081144 ], [ 76.604001657799458, 12.930483077350958 ], [ 76.604013283070586, 12.930538268314063 ], [ 76.60406655920967, 12.930790267368668 ], [ 76.604128364820411, 12.930982428161252 ], [ 76.604624925219525, 12.932776384877254 ], [ 76.604830893096192, 12.933520487816084 ], [ 76.604910808252029, 12.933809195853115 ], [ 76.604925427755475, 12.933862011694369 ], [ 76.604939996123662, 12.934372822927076 ], [ 76.605014303380898, 12.934860192268509 ], [ 76.60510699370333, 12.935468129106797 ], [ 76.605142569227397, 12.935949751529751 ], [ 76.605150473333921, 12.936056752826186 ], [ 76.605151803081569, 12.936074603172946 ], [ 76.605155101888542, 12.936118906485127 ], [ 76.605164991559121, 12.936169345964027 ], [ 76.605320471360557, 12.93696008891286 ], [ 76.605575130270083, 12.938255222490696 ], [ 76.605623546511637, 12.938787960111654 ], [ 76.60562775407702, 12.938834260964423 ], [ 76.605647152955711, 12.938832249563307 ], [ 76.605647800888889, 12.93884680285479 ], [ 76.605652781732047, 12.938884181436487 ], [ 76.605853445152903, 12.938851595968186 ], [ 76.606323735580759, 12.938775224723342 ], [ 76.60677296676937, 12.938702272790644 ], [ 76.607085106155495, 12.938651583151225 ], [ 76.607963900089359, 12.938483399111023 ], [ 76.609160166672496, 12.93829569267063 ], [ 76.609235131193103, 12.93828759356871 ], [ 76.609473704694651, 12.938261819634453 ], [ 76.610268244306482, 12.93817598014591 ], [ 76.610613985201454, 12.938067565913471 ], [ 76.61211639499389, 12.93746916161937 ], [ 76.612396639389004, 12.937357539621077 ], [ 76.612402061086371, 12.937355380012153 ], [ 76.613122964135187, 12.937242028201624 ], [ 76.615370712779608, 12.936837709720557 ], [ 76.615503580715796, 12.93681380901697 ], [ 76.615504292327969, 12.936813688000182 ], [ 76.615586641560071, 12.936799707310533 ], [ 76.615592284763153, 12.936822084906655 ], [ 76.615606962217498, 12.93687951598306 ], [ 76.615611894414272, 12.936898815510938 ], [ 76.615866339701682, 12.93789452712976 ], [ 76.6162794608193, 12.939514390597568 ], [ 76.616374926474762, 12.939888709472593 ], [ 76.616436496673927, 12.94013012541852 ], [ 76.616675762824187, 12.94102873127777 ], [ 76.616722473247151, 12.941203863979053 ], [ 76.616815120841849, 12.941550085332061 ], [ 76.6169613595589, 12.94205487959314 ], [ 76.61721923789915, 12.943111768043764 ], [ 76.617299506461222, 12.943493335197548 ], [ 76.617318489328312, 12.943583575315413 ], [ 76.617341406469478, 12.943692519046005 ], [ 76.617371965001212, 12.943837801135047 ], [ 76.617582488582698, 12.94483870170113 ], [ 76.617621083514663, 12.945154227017923 ], [ 76.617705148735581, 12.948169381295477 ], [ 76.617721490381641, 12.948755482561758 ], [ 76.617732914563575, 12.949165210518942 ], [ 76.617737858455939, 12.949342499330344 ], [ 76.617750731375367, 12.949804176341249 ], [ 76.617746792877767, 12.949885391659111 ], [ 76.617741387376654, 12.949996780853111 ], [ 76.617717781932157, 12.950832646066115 ], [ 76.617693484787395, 12.95166726809045 ], [ 76.617689140554788, 12.951809996915099 ], [ 76.617682782748489, 12.952018879257981 ], [ 76.61768231506106, 12.952034238441055 ], [ 76.617579675919984, 12.953644117535756 ], [ 76.617579347008103, 12.953649276604505 ], [ 76.617438526333373, 12.953933567698812 ], [ 76.617141569784621, 12.95446428891464 ], [ 76.617138388053633, 12.954469975519237 ], [ 76.616464519835276, 12.95467581052651 ], [ 76.615379050511578, 12.95500736682038 ], [ 76.615237420348095, 12.955129108471027 ], [ 76.615211345424015, 12.955151521762822 ], [ 76.615205184735018, 12.955180643629907 ], [ 76.615108440840515, 12.955637953971056 ], [ 76.61510207000228, 12.955671795756443 ], [ 76.615045524698274, 12.955972172585458 ], [ 76.614636397957213, 12.956311537644554 ], [ 76.614463647309961, 12.956454831314142 ], [ 76.614234846449946, 12.956519184103891 ], [ 76.613976381111371, 12.956587749417123 ], [ 76.613917299112728, 12.956603422074915 ], [ 76.613793220727359, 12.956636337094245 ], [ 76.613670366026994, 12.95666892719079 ], [ 76.61310739466623, 12.956818268370613 ], [ 76.613049640098311, 12.956886538004387 ], [ 76.612663029454836, 12.957343534846078 ], [ 76.612599710466398, 12.957418381648944 ], [ 76.612473299221705, 12.95756780624696 ], [ 76.612381438354021, 12.957676390672322 ], [ 76.612355854950991, 12.957738025809906 ], [ 76.612275473341725, 12.957931675911386 ], [ 76.612259560507397, 12.957932079046181 ], [ 76.612229057215927, 12.957932850912728 ], [ 76.611837357921061, 12.957942767196878 ], [ 76.611803295707233, 12.957943629738564 ], [ 76.611674165599638, 12.957946899314249 ], [ 76.611629350138145, 12.957948033570085 ], [ 76.611327647473615, 12.957955671077215 ], [ 76.611317827130719, 12.957985347068382 ], [ 76.611317056826252, 12.95798767317965 ], [ 76.611297860007099, 12.958045677336637 ], [ 76.611288522440631, 12.958073893171862 ], [ 76.611283886201974, 12.958087902357429 ], [ 76.611245068514748, 12.958205193286163 ], [ 76.611227521465096, 12.958262767801438 ], [ 76.61088412881648, 12.959389503617219 ], [ 76.610875860433538, 12.959456866561894 ], [ 76.610870070257036, 12.9595087213629 ], [ 76.610865144096266, 12.959554619206706 ], [ 76.610862276479097, 12.959580518866737 ], [ 76.610772652348402, 12.960390042400265 ], [ 76.610763117796324, 12.960480663696382 ], [ 76.610752991447043, 12.960577149870467 ], [ 76.610748116727123, 12.960623596997268 ], [ 76.61072453645977, 12.960623892005009 ], [ 76.610543458875995, 12.96062615819989 ], [ 76.610363413470452, 12.960628410654381 ], [ 76.61039877947384, 12.960842176134811 ], [ 76.610780510377751, 12.963149486203299 ], [ 76.610761581986651, 12.963390143688695 ], [ 76.610707892913823, 12.964082195196445 ], [ 76.610688743172545, 12.96434017374065 ], [ 76.610643445090687, 12.964950396516933 ], [ 76.610614514748903, 12.965340134849574 ], [ 76.610583523256594, 12.965757638119136 ], [ 76.610551950235049, 12.966205960658487 ], [ 76.610631722764154, 12.966195367232023 ], [ 76.610867673961749, 12.966163257814207 ], [ 76.614170965095184, 12.965713705242218 ], [ 76.614390069135652, 12.965683885656162 ], [ 76.614708943834628, 12.965639704296104 ], [ 76.614847476518989, 12.965628473031121 ], [ 76.615346098195829, 12.965588047162205 ], [ 76.616232532795166, 12.965514403513154 ], [ 76.616447253463505, 12.965496564171231 ], [ 76.616489454905462, 12.965492799313466 ], [ 76.618286374227353, 12.965454848868253 ], [ 76.618684050413961, 12.965444567142242 ], [ 76.61995900089974, 12.965428448182916 ], [ 76.620120463455677, 12.96542613984632 ], [ 76.620263162001962, 12.965424100065434 ], [ 76.620263576803254, 12.965421257282927 ], [ 76.620278475903945, 12.965319115287159 ], [ 76.620290155958415, 12.965325147843437 ], [ 76.620439341811348, 12.965401370166406 ], [ 76.620673640887858, 12.965507500193693 ], [ 76.620718459129179, 12.965527837466487 ], [ 76.620788239839911, 12.965559163160194 ], [ 76.620989634136109, 12.965650413589758 ], [ 76.62102991351847, 12.965668542703613 ], [ 76.62107530406864, 12.965688861881114 ], [ 76.621295426134026, 12.965788309015258 ], [ 76.622116752899586, 12.966160175613711 ], [ 76.622601134130264, 12.966376974552462 ], [ 76.622896494022328, 12.966509170266244 ], [ 76.623041838126852, 12.966596538828286 ], [ 76.624981712613319, 12.968306565065042 ], [ 76.625908278131618, 12.969123331348397 ], [ 76.626030855570946, 12.969231383207106 ], [ 76.626381990012248, 12.969538317100378 ], [ 76.627073868266748, 12.97014240507901 ], [ 76.627120978990405, 12.970183134188215 ], [ 76.627755676433097, 12.970729061599698 ], [ 76.627778506706989, 12.970748676275589 ], [ 76.62794881427115, 12.970860047842425 ], [ 76.628165123143873, 12.971001501227777 ], [ 76.628346061225812, 12.971119824190678 ], [ 76.628473358234316, 12.971207088779071 ], [ 76.628674499243914, 12.97134956765832 ], [ 76.629035961716056, 12.971605608390863 ], [ 76.629175972583852, 12.971687093619265 ], [ 76.629261670265379, 12.971736969004786 ], [ 76.629261801679178, 12.971737050440698 ], [ 76.629293194752719, 12.971756642978852 ], [ 76.629328306020881, 12.971804123267226 ], [ 76.62933494565668, 12.971816943890163 ], [ 76.629488894277415, 12.972114201327601 ], [ 76.629494312043875, 12.972124663074887 ], [ 76.629555958348888, 12.972130187873022 ], [ 76.630081540558038, 12.972177289511938 ], [ 76.631047964957332, 12.971992985636449 ], [ 76.631086060972777, 12.97198572048209 ], [ 76.63110995437917, 12.971981159461373 ], [ 76.631362963810204, 12.972162327687768 ], [ 76.631432832621101, 12.972212369329888 ], [ 76.631450278733311, 12.972349488242545 ], [ 76.631470059702906, 12.972690773063377 ], [ 76.631584552953484, 12.97341951884942 ], [ 76.631639560535803, 12.974257463093601 ], [ 76.631664768592671, 12.974641456643891 ], [ 76.631634794326217, 12.974643331402284 ], [ 76.631582440674748, 12.974643950833848 ], [ 76.631453855151989, 12.974645473199962 ], [ 76.631329735877301, 12.975331975380943 ], [ 76.631322267182, 12.975373262747771 ], [ 76.631218840648927, 12.976269741008119 ], [ 76.631179407910651, 12.976611812012141 ], [ 76.63117643733878, 12.976637565858866 ], [ 76.63113797331421, 12.977286950135793 ], [ 76.631133475441118, 12.977362887741783 ], [ 76.63108021086768, 12.978262148282873 ], [ 76.631079495145087, 12.978274234854252 ], [ 76.630808604351515, 12.978316085816518 ], [ 76.630792218177888, 12.978490476652459 ], [ 76.630749426867595, 12.978947042968372 ], [ 76.630727239274051, 12.979184634909931 ], [ 76.63082562186159, 12.97919232971091 ], [ 76.630828615377567, 12.979192565849958 ], [ 76.630841287609115, 12.97923682923561 ], [ 76.63105353122252, 12.979978203572234 ], [ 76.63130999526507, 12.980963450159345 ], [ 76.631322776174756, 12.981057122244144 ], [ 76.631332345691632, 12.981127051666732 ], [ 76.631360740634591, 12.981334539555991 ], [ 76.631366482420233, 12.9813763930721 ], [ 76.631358580322399, 12.982479424465716 ], [ 76.631431643197502, 12.98244693305578 ], [ 76.63150892741622, 12.982412563866584 ], [ 76.633982001830006, 12.981312757998328 ], [ 76.634099240694439, 12.981195927293003 ], [ 76.634097759764373, 12.98131925934309 ], [ 76.63408632657206, 12.982271666434116 ], [ 76.634204473959599, 12.982828875394397 ], [ 76.634469618230867, 12.984075705034206 ], [ 76.634413425791493, 12.98428210055649 ], [ 76.634332057147688, 12.984588452927639 ], [ 76.634282336094415, 12.984775653269011 ], [ 76.633680669647219, 12.987040900492461 ], [ 76.633658049541751, 12.98712864349009 ], [ 76.632961885763635, 12.989790340129781 ], [ 76.632931820834486, 12.989905288765907 ], [ 76.632486368855822, 12.991608397245512 ], [ 76.63248665112657, 12.991609416020397 ], [ 76.632486762532906, 12.991609819381651 ], [ 76.632801533763299, 12.992750944059408 ], [ 76.632844410043475, 12.992906380044607 ], [ 76.63284667593679, 12.992914579905303 ], [ 76.63241128937527, 12.993016010826917 ], [ 76.631791578952914, 12.993160382599759 ], [ 76.631181254901136, 12.993305413573683 ], [ 76.630403806790952, 12.993490156346079 ], [ 76.630330728999482, 12.99351139204108 ], [ 76.630368231912811, 12.993648773546132 ], [ 76.630399527317394, 12.993763528585516 ], [ 76.630428217172948, 12.993868730852252 ], [ 76.630432727895069, 12.993885312454852 ], [ 76.630490168174006, 12.994096790467728 ], [ 76.631297996489522, 12.996247204523835 ], [ 76.631203705150924, 12.99625428157332 ], [ 76.631052918223588, 12.996265598499777 ], [ 76.631040557844443, 12.996266603560361 ], [ 76.631271896972606, 12.997756407230584 ], [ 76.631279877241624, 12.997807799439387 ], [ 76.631455842476157, 12.998814817844163 ], [ 76.631519304068391, 12.999177587007871 ], [ 76.631522952131803, 12.999205024882286 ], [ 76.631636850939827, 13.000061779471508 ], [ 76.63165724280482, 13.000215163837208 ], [ 76.631677148453804, 13.000319953635696 ], [ 76.631694584062558, 13.000554016930037 ], [ 76.63169663713829, 13.000584371888436 ], [ 76.631711191150288, 13.000799526588873 ], [ 76.631717590578518, 13.000872049240778 ], [ 76.631720450644778, 13.000902745335345 ], [ 76.631730379084772, 13.001009301741542 ], [ 76.631739218471083, 13.001105783348889 ], [ 76.631770412654106, 13.001465114899942 ], [ 76.631773866277015, 13.001506793744889 ], [ 76.631805480313474, 13.001941616966823 ], [ 76.631813961782285, 13.002095303017613 ], [ 76.631821663000153, 13.002243003560874 ], [ 76.631826663081284, 13.002338211221613 ], [ 76.631833084679883, 13.00246290097893 ], [ 76.631834263756261, 13.002485897025261 ], [ 76.631858963120621, 13.002991157947834 ], [ 76.631867884591713, 13.003048410739313 ], [ 76.631885114966295, 13.003159034133335 ], [ 76.63189247497715, 13.003206291029485 ], [ 76.631897124439234, 13.003236146950934 ], [ 76.631916813247486, 13.00336254399774 ], [ 76.631929607318099, 13.003517224358159 ], [ 76.631931491096324, 13.003539999025357 ], [ 76.631936077951153, 13.00359552722179 ], [ 76.631966340740988, 13.003921936668721 ], [ 76.631992330505568, 13.003956277557577 ], [ 76.632011644766038, 13.003981798187164 ], [ 76.632970410204535, 13.005247776627799 ], [ 76.633057635514717, 13.005362896817946 ], [ 76.633967103309885, 13.006418485910634 ], [ 76.63403300840217, 13.00650223581852 ], [ 76.634147191735778, 13.006562534588866 ], [ 76.634794730111224, 13.00691048287336 ], [ 76.635139739772256, 13.007095868512035 ], [ 76.636290560512023, 13.007714240686369 ], [ 76.636837261228351, 13.008007996947372 ], [ 76.63722763731171, 13.008217754522788 ], [ 76.637347876334132, 13.008284306706496 ], [ 76.638167591148147, 13.008722830966891 ], [ 76.639281623115224, 13.009318800240038 ], [ 76.642118622967544, 13.009351984054724 ], [ 76.642385381008822, 13.009351809025597 ], [ 76.643109076453456, 13.009347428308098 ], [ 76.645581605651429, 13.009559210199718 ], [ 76.646628279531427, 13.008599681181414 ], [ 76.646854411490864, 13.008392375456081 ], [ 76.648049029340712, 13.007021545454913 ], [ 76.6502045601802, 13.007119061567783 ], [ 76.65063915692707, 13.007140822482231 ], [ 76.650913675192953, 13.007160003327501 ], [ 76.651237308555181, 13.007229694038866 ], [ 76.651598308900958, 13.007325454550415 ], [ 76.652032186112123, 13.007441099938612 ], [ 76.652355819993346, 13.007510790075719 ], [ 76.652734527634962, 13.007610023869724 ], [ 76.653148865464033, 13.007701598903017 ], [ 76.653149219968043, 13.007701677094683 ], [ 76.653153256668119, 13.007709047341688 ], [ 76.653251952444833, 13.007889241816208 ], [ 76.653521003242275, 13.008380461784807 ], [ 76.653704882473889, 13.00871617952366 ], [ 76.653717069191828, 13.008738428942609 ], [ 76.653739792449414, 13.008778324633674 ], [ 76.653731714487634, 13.008779180609768 ], [ 76.653738173643902, 13.008792504057601 ], [ 76.653750216235238, 13.00881734686474 ], [ 76.653918828575542, 13.009165163145049 ], [ 76.653952231951706, 13.009151312649969 ], [ 76.654259978449446, 13.009691630392638 ], [ 76.655018342585578, 13.010687434879765 ], [ 76.655681018591793, 13.011557581668637 ], [ 76.655705519218841, 13.01158975254326 ], [ 76.655860120286576, 13.011676423541388 ], [ 76.656053307227992, 13.011784726847202 ], [ 76.656105185808258, 13.011813810461348 ], [ 76.656244765870767, 13.011764461627989 ], [ 76.656340911521355, 13.011730468457101 ], [ 76.656764165749038, 13.012095054935287 ], [ 76.657082738956419, 13.012538441197925 ], [ 76.657089466162475, 13.012547803607399 ], [ 76.657114203315686, 13.012582232625755 ], [ 76.657689884456275, 13.013106620820125 ], [ 76.657869226630837, 13.01333290857561 ], [ 76.658132135744026, 13.013585429158999 ], [ 76.658374822723815, 13.014140218456289 ], [ 76.658492682042706, 13.014724330777982 ], [ 76.658526155550533, 13.014890227981761 ], [ 76.658534537477962, 13.015007831458149 ], [ 76.658522366656484, 13.015629338941199 ], [ 76.658498014687822, 13.015672038020115 ], [ 76.658473895982027, 13.015714327030631 ], [ 76.658467568999455, 13.015814099661862 ], [ 76.658455837016305, 13.015999107483033 ], [ 76.65844510123712, 13.016168401378016 ], [ 76.658461873136588, 13.016339643610895 ], [ 76.658502283905733, 13.016435385059536 ], [ 76.658486647483926, 13.016582080453151 ], [ 76.658435098566471, 13.017065715003097 ], [ 76.658392082725683, 13.017469281098339 ], [ 76.658334826982724, 13.017649461973447 ], [ 76.658246992828623, 13.017925873475058 ], [ 76.658205425230832, 13.018056684530842 ], [ 76.658191439022445, 13.018100697624295 ], [ 76.658158408127889, 13.01820464449488 ], [ 76.658148391402989, 13.018236167040634 ], [ 76.65815354407367, 13.018297066970041 ], [ 76.6581732901805, 13.018530424379144 ], [ 76.658164464153444, 13.018592526423808 ], [ 76.658155193256448, 13.018638193384637 ], [ 76.65812858826709, 13.018769242314654 ], [ 76.658183718859291, 13.019101005538996 ], [ 76.658258792974209, 13.019496983672848 ], [ 76.658272829720786, 13.019534573232619 ], [ 76.658276715536729, 13.019544981516807 ], [ 76.658295528819252, 13.019595361839388 ], [ 76.65844395989069, 13.019903011656234 ], [ 76.658454616274724, 13.019925098766032 ], [ 76.658468991181039, 13.019954893384725 ], [ 76.658503641230581, 13.020010352799062 ], [ 76.658545271359344, 13.020064223651403 ], [ 76.659165234862115, 13.019842009561215 ], [ 76.659235415499509, 13.019808304099259 ], [ 76.659255098467725, 13.019853026504137 ], [ 76.659386227066221, 13.020150972404888 ], [ 76.659502771556419, 13.020415780463612 ], [ 76.659538322421952, 13.020496558362703 ], [ 76.659619519169027, 13.020690424575585 ], [ 76.659783080324701, 13.021080945245291 ], [ 76.659807508388297, 13.021676123332764 ], [ 76.659811347730766, 13.021769663332337 ], [ 76.659821187640063, 13.022009394989089 ], [ 76.659821999729445, 13.022029177655217 ], [ 76.659898185398404, 13.022434205969891 ], [ 76.659836330010862, 13.022445383138221 ], [ 76.659361868390889, 13.022540703235311 ], [ 76.658675089082422, 13.022678676025906 ], [ 76.658867880733212, 13.023215561233712 ], [ 76.658966636982655, 13.023494808643932 ], [ 76.659101893454064, 13.023877265994853 ], [ 76.659176002170469, 13.024086816422297 ], [ 76.659220714979782, 13.024318041319582 ], [ 76.659504647136714, 13.025198740251962 ], [ 76.659584445749573, 13.025597651109818 ], [ 76.659619404766616, 13.025772408517996 ], [ 76.659718701378679, 13.026268781451549 ], [ 76.659721321194183, 13.026277050067451 ], [ 76.659866209809621, 13.026734326240149 ], [ 76.660305523342458, 13.026906906557592 ], [ 76.660402720069825, 13.026939710164925 ], [ 76.660729221435005, 13.027047429848819 ], [ 76.660965196411652, 13.027497007506266 ], [ 76.661090077450439, 13.027725611791547 ], [ 76.661225982990786, 13.027987821079915 ], [ 76.661608328829757, 13.028132574159809 ], [ 76.661685183452732, 13.028161670473962 ], [ 76.662260346917037, 13.029378504518197 ], [ 76.662400803142475, 13.02962270555005 ], [ 76.662455607122453, 13.029717988345626 ], [ 76.662502968953774, 13.029800352064493 ], [ 76.662677083125089, 13.030103264719074 ], [ 76.662741585545376, 13.030215480794554 ], [ 76.662762418701007, 13.030926809458409 ], [ 76.662762048434075, 13.030941638015491 ], [ 76.662755546725933, 13.031230495585655 ], [ 76.662752321535976, 13.031373795653828 ], [ 76.662747832936347, 13.031611496212967 ], [ 76.6627477348366, 13.031867466747372 ], [ 76.662802274059388, 13.03199865679497 ], [ 76.663022310735457, 13.032416455034209 ], [ 76.663098926486342, 13.032561556587122 ], [ 76.663288861841636, 13.032922679090293 ], [ 76.663490517757296, 13.033306081985129 ], [ 76.663638511247058, 13.033587457102652 ], [ 76.664065880735095, 13.034399999519758 ], [ 76.664324078485024, 13.03489909213326 ], [ 76.664326080054707, 13.034902961627035 ], [ 76.664336327918477, 13.034922769458724 ], [ 76.664370824458743, 13.034988774713288 ], [ 76.66450388930042, 13.035280895941428 ], [ 76.664711449777656, 13.035657685203606 ], [ 76.664749083725198, 13.035725458177941 ], [ 76.664756983801411, 13.035739659570783 ], [ 76.665019767100077, 13.036279078237904 ], [ 76.66510070534045, 13.036467559332936 ], [ 76.66511578528555, 13.036502676542485 ], [ 76.665275456696293, 13.036695044418959 ], [ 76.66540929665571, 13.036856290766714 ], [ 76.665508002627888, 13.036973731043361 ], [ 76.666172859963069, 13.037768016558516 ], [ 76.666217303649375, 13.037821112703114 ], [ 76.666610081942068, 13.038290349038174 ], [ 76.666757827738564, 13.03846263859613 ], [ 76.666950674552481, 13.038689457030129 ], [ 76.667101332016003, 13.038866653065099 ], [ 76.667295864235513, 13.039095452558639 ], [ 76.667377388866299, 13.039158958795699 ], [ 76.668159727914031, 13.042504199557007 ], [ 76.668601531972854, 13.044447357981694 ], [ 76.668798593751475, 13.045314068530274 ], [ 76.66924041138067, 13.047257230576426 ], [ 76.669264911675171, 13.047339338435737 ], [ 76.669430090828854, 13.047949872448667 ], [ 76.669558296741869, 13.048423745012935 ], [ 76.669607454247227, 13.048605349226737 ], [ 76.669685358641928, 13.048917743397071 ], [ 76.669815753508701, 13.049440623011467 ], [ 76.670012059052553, 13.050278999256051 ], [ 76.670105575465087, 13.050685376075036 ], [ 76.670186151514969, 13.051035518468289 ], [ 76.670341363976206, 13.051709985676503 ], [ 76.670418168455143, 13.052047285840892 ], [ 76.670570912762287, 13.052718090603394 ], [ 76.67066296223183, 13.054514745830783 ], [ 76.670685624747492, 13.054847813431049 ], [ 76.670703026810173, 13.055103563818513 ], [ 76.67071576382402, 13.055290754855916 ], [ 76.673545859912423, 13.055074019128019 ], [ 76.675510594763267, 13.054948997193611 ], [ 76.675526799524519, 13.054948940127748 ], [ 76.675795634228649, 13.054629896062014 ], [ 76.676222605303167, 13.054127734560272 ], [ 76.676366804038821, 13.053947321717521 ], [ 76.67689287797937, 13.053239080964545 ], [ 76.67719262809247, 13.052845509870821 ], [ 76.677358040784142, 13.052649279729037 ], [ 76.677472991165644, 13.052511620665419 ], [ 76.677547442085256, 13.052420723522612 ], [ 76.677975538178003, 13.051892182606549 ], [ 76.67801101138177, 13.051848124275503 ], [ 76.678477674024236, 13.051188420048659 ], [ 76.67855111406449, 13.051084599620603 ], [ 76.679114209595525, 13.05032951850116 ], [ 76.679205393016829, 13.050209625942511 ], [ 76.679409630653879, 13.049941539976485 ], [ 76.679682576192732, 13.049583264292075 ], [ 76.679684123342241, 13.04958122585899 ], [ 76.679854950526462, 13.049352509688452 ], [ 76.679941420265934, 13.049236737769464 ], [ 76.680244964203624, 13.048830329194153 ], [ 76.680787672974176, 13.048073562793951 ], [ 76.680900997834584, 13.047962525387451 ], [ 76.680922688405559, 13.047941266292623 ], [ 76.681533915429156, 13.047408472607328 ], [ 76.682266974539814, 13.046749146598396 ], [ 76.682345256818024, 13.046678737905976 ], [ 76.682646489637762, 13.046397696427457 ], [ 76.682994769203361, 13.046187976835229 ], [ 76.683386802533263, 13.045951908754278 ], [ 76.683474768571983, 13.04589893931392 ], [ 76.683713556672643, 13.045755149471427 ], [ 76.6847852660418, 13.045136646085492 ], [ 76.68488925112905, 13.045127595331349 ], [ 76.685723727030478, 13.045054965732733 ], [ 76.685749550691256, 13.045007807540562 ], [ 76.685868746866646, 13.044790136876708 ], [ 76.686773602247627, 13.043156997962116 ], [ 76.686812974820256, 13.043085935082267 ], [ 76.686850258881634, 13.043018641572113 ], [ 76.687463188828758, 13.04215157245468 ], [ 76.687958691991085, 13.041524461665388 ], [ 76.687969012207603, 13.041511400615471 ], [ 76.688330705411261, 13.04119444128335 ], [ 76.688738138841316, 13.040854341306757 ], [ 76.689109959798174, 13.040519087619261 ], [ 76.689529950193489, 13.040166695553921 ], [ 76.689720626634085, 13.04000470293391 ], [ 76.689878536999203, 13.039870546735463 ], [ 76.690086520311311, 13.03969384997542 ], [ 76.690498583919748, 13.039337129821284 ], [ 76.69083198037373, 13.039052112299476 ], [ 76.691449282034512, 13.038522600105994 ], [ 76.691918071080835, 13.038217961633505 ], [ 76.692479080331893, 13.037851950616313 ], [ 76.693004488131351, 13.037508271960897 ], [ 76.693394221469745, 13.03725597382712 ], [ 76.693639861915116, 13.037092174076282 ], [ 76.69392168489594, 13.037159922141434 ], [ 76.694321511909152, 13.037232621444481 ], [ 76.694333228473141, 13.037234752141595 ], [ 76.69434952818446, 13.037211721399213 ], [ 76.697198186475418, 13.039049208392813 ], [ 76.701772460416606, 13.042033452827489 ], [ 76.701821827175962, 13.041628641177367 ], [ 76.701867221910646, 13.041201282336871 ], [ 76.702347521188145, 13.041061630959417 ], [ 76.703512020650933, 13.040790303493235 ], [ 76.70408967262631, 13.040656016793541 ], [ 76.705845475907026, 13.04025462769429 ], [ 76.709173131209667, 13.039506214855193 ], [ 76.709435428826353, 13.039506687953143 ], [ 76.709506711671267, 13.039506816630968 ], [ 76.709507598664402, 13.03948347375538 ], [ 76.709513474868004, 13.039328808448898 ], [ 76.711533069467023, 13.039359671525359 ], [ 76.712684363576443, 13.039827149852512 ], [ 76.715020275756501, 13.040326920835531 ], [ 76.71507576589724, 13.040338950294711 ], [ 76.715164292155578, 13.0403581412624 ], [ 76.715907385277134, 13.040408898005808 ], [ 76.715968859205816, 13.040413096876431 ], [ 76.716070199634203, 13.040416266800564 ], [ 76.71648639830326, 13.040429298182762 ], [ 76.716526295259385, 13.040430547715719 ], [ 76.717705673123803, 13.040358479473904 ], [ 76.717734604066919, 13.040356713844755 ], [ 76.717780455473815, 13.040353915781882 ], [ 76.717800835414081, 13.04035267238647 ], [ 76.717914784814667, 13.040483502695624 ], [ 76.718014413751504, 13.040598944134626 ], [ 76.718032782471468, 13.040594823387924 ], [ 76.718090941944524, 13.040581775607805 ], [ 76.718109579460148, 13.040577596126468 ], [ 76.718165781038977, 13.040564992483736 ], [ 76.718116716648368, 13.0404653547313 ], [ 76.718110575794398, 13.040452954184083 ], [ 76.718080495266904, 13.040392493880782 ], [ 76.71807855920467, 13.040359505291661 ], [ 76.718072647162259, 13.040263790641653 ], [ 76.718068960512298, 13.040204113327372 ], [ 76.718078433832517, 13.040186820299526 ], [ 76.718101926381777, 13.040143935188921 ], [ 76.718663411448304, 13.040066324775998 ], [ 76.71872487135991, 13.040057830510591 ], [ 76.719628846307643, 13.039932983446606 ], [ 76.719662571477045, 13.039928323114975 ], [ 76.720613330033032, 13.039896405636311 ], [ 76.722487991265538, 13.039855358115908 ], [ 76.722858748531479, 13.039843947306741 ], [ 76.724402378335071, 13.039809983948189 ], [ 76.72479134489997, 13.039797493693321 ], [ 76.726176050119705, 13.0397530139444 ], [ 76.727987998612136, 13.039476766679712 ], [ 76.728425478609495, 13.039410033443151 ], [ 76.729385313520964, 13.03926210237595 ], [ 76.730238941770466, 13.039130393865523 ], [ 76.730257295950366, 13.039163763284174 ], [ 76.730261005636038, 13.039170508677413 ], [ 76.730282617545541, 13.039209795826014 ], [ 76.730494509578563, 13.039179595242004 ], [ 76.7315891202541, 13.03902350986893 ], [ 76.731638333359314, 13.039015698315573 ], [ 76.732433152514147, 13.038889471330704 ], [ 76.73293359879338, 13.038809960434742 ], [ 76.734422197147069, 13.038603089566442 ], [ 76.735194703135392, 13.038495784975837 ], [ 76.735748566417584, 13.038380148321444 ], [ 76.735957857431686, 13.038336431374582 ], [ 76.736163915246806, 13.038293383132112 ], [ 76.737123966001832, 13.03809268076694 ], [ 76.737209513761243, 13.0380747873825 ], [ 76.737861321094201, 13.037933065551714 ], [ 76.737875808207249, 13.037929918593756 ], [ 76.738236649231723, 13.037851526343918 ], [ 76.738435450635762, 13.037808354256546 ], [ 76.739349613920538, 13.037619509270138 ], [ 76.739550189528401, 13.037578052695558 ], [ 76.739572356230667, 13.037573471105862 ], [ 76.739670018043583, 13.037553286461133 ], [ 76.741174894061814, 13.037295899557886 ], [ 76.741318356949364, 13.037271361457982 ], [ 76.741346596310564, 13.037266532803228 ], [ 76.74135042227249, 13.037265878872359 ], [ 76.741676071122697, 13.037210247285934 ], [ 76.741737207381888, 13.037199811959642 ], [ 76.741961249554294, 13.037157347020147 ], [ 76.742015826136566, 13.03714700637209 ], [ 76.742041785186302, 13.037143175513263 ], [ 76.74209105828335, 13.037135903080102 ], [ 76.742956901632454, 13.037041523874853 ], [ 76.743494898716932, 13.036983069750285 ], [ 76.744132753499244, 13.036942619125497 ], [ 76.744210801628427, 13.036937669840796 ], [ 76.744236415609535, 13.036936048392233 ], [ 76.744405110550701, 13.036916007290476 ], [ 76.745294684890212, 13.036810321972158 ], [ 76.745437521353224, 13.036793352350664 ], [ 76.746601311803744, 13.036654988135339 ], [ 76.747416675947576, 13.036517572569901 ], [ 76.747854899897575, 13.036443693584499 ], [ 76.748075872241387, 13.036406439821047 ], [ 76.749638049054326, 13.036142934202063 ], [ 76.750664054694127, 13.036134378378536 ], [ 76.750893012831099, 13.036132437423403 ], [ 76.751505319791647, 13.036124094140087 ], [ 76.751635182945535, 13.036122324631876 ], [ 76.751867799633473, 13.036119154998381 ], [ 76.75188830166752, 13.036118875310684 ], [ 76.752421899800623, 13.036252077630756 ], [ 76.752504111965436, 13.03627221401195 ], [ 76.754094369770002, 13.036661707015543 ], [ 76.754282367034264, 13.036707660756647 ], [ 76.754860923553508, 13.036848949378252 ], [ 76.75500883698993, 13.036885003648194 ], [ 76.755701929549161, 13.036995710265703 ], [ 76.755816561758962, 13.037014020438164 ], [ 76.756326256791738, 13.037095431810808 ], [ 76.757686806131161, 13.037310251420889 ], [ 76.757879199252855, 13.03734332295139 ], [ 76.758088987760772, 13.037379391926658 ], [ 76.757975058574459, 13.036879847353287 ], [ 76.757899064361354, 13.036544299930306 ], [ 76.757775842963611, 13.036228540854173 ], [ 76.757457113749609, 13.035454962176889 ], [ 76.757425652510591, 13.035378339138939 ], [ 76.757677281792695, 13.035498694894859 ], [ 76.758294275283703, 13.035779722240559 ], [ 76.758307833695042, 13.035832209135656 ], [ 76.758359980024238, 13.036032206452832 ], [ 76.758532182545693, 13.036708847249271 ], [ 76.758571612369252, 13.036712783471721 ], [ 76.758625401705302, 13.0367181542616 ], [ 76.758811392593643, 13.036736723315711 ], [ 76.758947940082663, 13.036372184256539 ], [ 76.759834891012773, 13.036249009199819 ], [ 76.760802072667019, 13.036097965883966 ], [ 76.76081604811921, 13.035959983507926 ], [ 76.760910454777743, 13.03594823111545 ], [ 76.761364445659368, 13.035891714576543 ], [ 76.761983018810525, 13.035811915339085 ], [ 76.762577557132701, 13.035729708500449 ], [ 76.76380054044337, 13.035558292596351 ], [ 76.764016476867297, 13.035528025199 ], [ 76.764325043026986, 13.035481470512462 ], [ 76.764416118115065, 13.035467729344109 ], [ 76.764865542439878, 13.035399921374252 ], [ 76.764934070865579, 13.035389582214101 ], [ 76.766166222633302, 13.035221068616083 ], [ 76.766454770165467, 13.035178470500005 ], [ 76.766544180149907, 13.035165270543718 ], [ 76.767682143799604, 13.034997263114603 ], [ 76.768922833010066, 13.034825725599081 ], [ 76.769101330117337, 13.034800050224684 ], [ 76.769173033225897, 13.034789736204173 ], [ 76.770130983275166, 13.034651938026919 ], [ 76.771470644167636, 13.034460584431647 ], [ 76.77150966767401, 13.034445951296497 ], [ 76.771591273857723, 13.034415359081956 ], [ 76.772402135066258, 13.03411138745809 ], [ 76.773533038910102, 13.033700160239826 ], [ 76.775327112078969, 13.033027551355893 ], [ 76.775594470701364, 13.032930303876501 ], [ 76.775696525316221, 13.032893182627198 ], [ 76.776932939169953, 13.032443449232815 ], [ 76.778503328705469, 13.03187168150011 ], [ 76.779671238407062, 13.031450549535755 ], [ 76.779791859583312, 13.031407054401845 ], [ 76.780226117864729, 13.031250465378513 ], [ 76.781483734041814, 13.030814083927991 ], [ 76.78242302892636, 13.030465106003717 ], [ 76.782443701558691, 13.030363435249308 ], [ 76.782592397199721, 13.029626816227447 ], [ 76.782791454435426, 13.028728930428453 ], [ 76.782808126872837, 13.028653015958303 ], [ 76.783029747616453, 13.027644148199679 ], [ 76.783202245325157, 13.026856566728124 ], [ 76.783256944332493, 13.026606821530677 ], [ 76.783408452258499, 13.025933594327251 ], [ 76.783487349701261, 13.025583034460666 ], [ 76.783824407886499, 13.024063772720721 ], [ 76.784113200694534, 13.022775188018073 ], [ 76.784427951527391, 13.02136884509312 ], [ 76.784708575374793, 13.020081822323213 ], [ 76.784965475334999, 13.018860765688915 ], [ 76.785068215404863, 13.018394864611688 ], [ 76.785215716048739, 13.017725047959873 ], [ 76.785217329317831, 13.017717721806381 ], [ 76.785238274154054, 13.01762261035125 ], [ 76.785364651117689, 13.017048111546886 ], [ 76.785385893338727, 13.016951544613494 ], [ 76.78553332088299, 13.016281343376219 ], [ 76.78584031403534, 13.014875870592094 ], [ 76.785825656245706, 13.014659973801557 ], [ 76.785815562563158, 13.014511302798576 ], [ 76.785814070396825, 13.014489322736617 ], [ 76.787212984347889, 13.014473962654618 ], [ 76.787234820188885, 13.014473722718179 ], [ 76.787326352655114, 13.014472693414541 ], [ 76.787348426263193, 13.014472445503111 ], [ 76.787487446314017, 13.014470886449764 ], [ 76.78751744312342, 13.014470550480169 ], [ 76.787534410344264, 13.014470360339438 ], [ 76.787563104051841, 13.014471356614211 ], [ 76.787841505832333, 13.014481020986279 ], [ 76.787856861390935, 13.014481554184339 ], [ 76.78812677491014, 13.014490924243091 ], [ 76.788149714197843, 13.014491720595197 ], [ 76.788539736195162, 13.014505093389383 ], [ 76.788560806452949, 13.014505815820501 ], [ 76.7891704184144, 13.014526715747751 ], [ 76.789183660622768, 13.014527169441076 ], [ 76.789311829399296, 13.014531563941595 ], [ 76.78972423889789, 13.014668212305066 ], [ 76.78978543923192, 13.01468849048705 ], [ 76.791204993796256, 13.015158842134511 ], [ 76.791617848269155, 13.015150866638137 ], [ 76.791650333717485, 13.015150239117437 ], [ 76.791733157448036, 13.015148631155482 ], [ 76.793977341733097, 13.015109474486309 ], [ 76.794031890025366, 13.015108522333245 ], [ 76.794788490127161, 13.015095316781878 ], [ 76.794865594600466, 13.015081639165112 ], [ 76.794929323256454, 13.015070334552359 ], [ 76.795266755949342, 13.015010539364946 ], [ 76.796260219254208, 13.014834846576852 ], [ 76.797592557403533, 13.014620989714894 ], [ 76.798365048001671, 13.014370245752401 ], [ 76.798423274529299, 13.014351346208892 ], [ 76.798492852680198, 13.014328694627688 ], [ 76.798711729574961, 13.01427901344297 ], [ 76.798774666532623, 13.014264727945491 ], [ 76.798893350175319, 13.014237788540731 ], [ 76.799122229089619, 13.014185649645897 ], [ 76.799200965084282, 13.014167713116398 ], [ 76.799210439429388, 13.014165554946844 ], [ 76.799250747036268, 13.014156373169122 ], [ 76.79925789949661, 13.014154743596306 ], [ 76.799267403343606, 13.014152202884256 ], [ 76.799300701708916, 13.014143292973907 ], [ 76.799940622727362, 13.01397067346309 ], [ 76.801076277960391, 13.013619177650034 ], [ 76.80106390180157, 13.013592735998779 ], [ 76.800972471920957, 13.01339566803909 ], [ 76.800972432594037, 13.013395583348666 ], [ 76.800973930459577, 13.013395193325433 ], [ 76.801045170214834, 13.013376652118444 ], [ 76.801962222921162, 13.013137038946939 ], [ 76.80204129717076, 13.013116377728146 ], [ 76.802673609047687, 13.012951160531948 ], [ 76.802753306371059, 13.012930256159752 ], [ 76.802854130737998, 13.012903810667346 ], [ 76.802977427149813, 13.012871458560562 ], [ 76.802979167878021, 13.012871001760232 ], [ 76.802995976181478, 13.012866587057253 ], [ 76.803288815468449, 13.012789686205336 ], [ 76.803567379935927, 13.012843614880504 ], [ 76.803621304847994, 13.012799778496625 ], [ 76.803627560229884, 13.01279469414734 ], [ 76.803651796401027, 13.012774995819106 ], [ 76.803721704353052, 13.012718176343869 ], [ 76.803775005299002, 13.012674869418563 ], [ 76.803844690293417, 13.012662048020239 ], [ 76.803906733781886, 13.012650649096509 ], [ 76.805424588874502, 13.01237177418054 ], [ 76.806110021484116, 13.012162445027288 ], [ 76.806183298519258, 13.012140100217454 ], [ 76.806205392484131, 13.012140431769794 ], [ 76.806400183713066, 13.012143357115953 ], [ 76.806445557351239, 13.012144060733966 ], [ 76.806481261268672, 13.012144613846251 ], [ 76.806586072365334, 13.012146290982322 ], [ 76.806727923327756, 13.012148560658881 ], [ 76.807265646700586, 13.012161614463968 ], [ 76.80747555311649, 13.012176214660633 ], [ 76.807478744366506, 13.012176726610145 ], [ 76.807579013765647, 13.012192774783438 ], [ 76.807977316417706, 13.012256524536939 ], [ 76.808389859580544, 13.012318070191451 ], [ 76.808422985646715, 13.012323000335128 ], [ 76.808440347297349, 13.012330217774975 ], [ 76.809025679856433, 13.012573541284272 ], [ 76.80920056538028, 13.012648170256378 ], [ 76.809332719191616, 13.012704564331532 ], [ 76.809627053636333, 13.012751837805647 ], [ 76.809827705079684, 13.012787696157673 ], [ 76.80983875228732, 13.012789669950564 ], [ 76.810300803914899, 13.012839414144029 ], [ 76.810457092596209, 13.012856103330076 ], [ 76.810503407033764, 13.012914913487371 ], [ 76.810736527410739, 13.013237301131319 ], [ 76.810748652690194, 13.013254069005335 ], [ 76.810765184220102, 13.013276690264542 ], [ 76.810770060985732, 13.013283361072961 ], [ 76.81077011867842, 13.013283435690798 ], [ 76.810772858189566, 13.013286984112165 ], [ 76.81081189346186, 13.013337548453732 ], [ 76.811203000965079, 13.013329470738531 ], [ 76.81145350529701, 13.013325364293411 ], [ 76.811484645094595, 13.013321923667929 ], [ 76.811634893304728, 13.013305325274397 ], [ 76.811740877642137, 13.013293615814595 ], [ 76.812408721935967, 13.013555263462932 ], [ 76.812644999303942, 13.013592361954007 ], [ 76.812817147829747, 13.01357950095111 ], [ 76.812861787082255, 13.01357616647477 ], [ 76.813086743874933, 13.013559359653401 ], [ 76.813424751640497, 13.013534056932803 ], [ 76.814312468366239, 13.013553881657826 ], [ 76.814448419529214, 13.013538572922977 ], [ 76.814524202254248, 13.013530040049549 ], [ 76.814932096084632, 13.013484111223368 ], [ 76.815196965824839, 13.013454253601997 ], [ 76.815250765191422, 13.013448189137922 ], [ 76.815412005760479, 13.013430012148659 ], [ 76.815454406390884, 13.013425229550318 ], [ 76.815492935927281, 13.013420884390451 ], [ 76.81550755389398, 13.013383941648524 ], [ 76.815531279338927, 13.013323981637225 ], [ 76.815595166570773, 13.013162524473909 ], [ 76.815611363064491, 13.013121591889087 ], [ 76.815672895983553, 13.012966088651778 ], [ 76.815680552480913, 13.012946734034575 ], [ 76.815730151785672, 13.012821353202135 ], [ 76.815789272183395, 13.01267191637349 ], [ 76.815802420103026, 13.01263868341262 ], [ 76.815877140356676, 13.012449820375549 ], [ 76.815894134701779, 13.012414412917224 ], [ 76.815918282365956, 13.012364103158898 ], [ 76.815995497855326, 13.01220311033487 ], [ 76.815997232861221, 13.012199467384246 ], [ 76.81603251507498, 13.012125911938881 ], [ 76.816083778093798, 13.011295210381295 ], [ 76.816090110194196, 13.011192707200321 ], [ 76.816095093239852, 13.011112040777332 ], [ 76.816103551141737, 13.010975122707995 ], [ 76.81617822671511, 13.010835023211426 ], [ 76.81621725759085, 13.010761719008949 ], [ 76.816235776388808, 13.010726939902034 ], [ 76.816560843941431, 13.010134104735275 ], [ 76.81658358353063, 13.010092499037283 ], [ 76.816686882170359, 13.00990349366592 ], [ 76.816735664717768, 13.009792408495043 ], [ 76.81698808742766, 13.009402257901888 ], [ 76.817022978246186, 13.009348071231619 ], [ 76.817085536291728, 13.009277339086752 ], [ 76.817304582827532, 13.009029599134459 ], [ 76.817530765251931, 13.008782108243071 ], [ 76.817567699899399, 13.008746838543937 ], [ 76.817720607835469, 13.008588069314177 ], [ 76.817747453159228, 13.00856019514678 ], [ 76.817871822193879, 13.00843105813723 ], [ 76.818428860053032, 13.007837774945862 ], [ 76.818509453176745, 13.007645574892488 ], [ 76.818666356079575, 13.007274131759047 ], [ 76.818687647413455, 13.007223728891086 ], [ 76.818758235755695, 13.007056621347369 ], [ 76.819429883923178, 13.005842046992949 ], [ 76.819450268099715, 13.005805185736815 ], [ 76.819691291457005, 13.00536932838318 ], [ 76.819844219394724, 13.005092779039462 ], [ 76.819938401033198, 13.004918642903879 ], [ 76.820007319250294, 13.004896839450495 ], [ 76.820990404521595, 13.004521272332614 ], [ 76.821944361179348, 13.004239559523697 ], [ 76.822102316269664, 13.004161924772824 ], [ 76.82237149145881, 13.003951977968793 ], [ 76.822534260992938, 13.003865699046145 ], [ 76.822900309685181, 13.003696682491183 ], [ 76.823082371907816, 13.003580614035371 ], [ 76.823168030463322, 13.003488180538863 ], [ 76.823505390617896, 13.003398283209961 ], [ 76.823597258135024, 13.003354591668501 ], [ 76.8239777694276, 13.003162515110507 ], [ 76.82436847047272, 13.002963191639548 ], [ 76.824796012440984, 13.002799480049356 ], [ 76.824956702490582, 13.002762479113457 ], [ 76.825211265618719, 13.002766189409254 ], [ 76.825269911906773, 13.002754508692085 ], [ 76.825329330407243, 13.002742674300238 ], [ 76.82553950071707, 13.002700796783568 ], [ 76.825595332330124, 13.002689670872451 ], [ 76.825662308162819, 13.002676323534915 ], [ 76.825691020293405, 13.002669240556944 ], [ 76.825745398127182, 13.002655822717536 ], [ 76.82581629236546, 13.002638329816291 ], [ 76.825845490274062, 13.00263263715188 ], [ 76.826196185541036, 13.002564162699024 ], [ 76.826241844912403, 13.002555330794637 ], [ 76.826366587581006, 13.002531200639003 ], [ 76.827406010493135, 13.002295058758859 ], [ 76.8285503450101, 13.002237952590949 ], [ 76.828601210868072, 13.00223538077389 ], [ 76.828602756979265, 13.002235302998347 ], [ 76.828880982069123, 13.002221146510962 ], [ 76.829054710546757, 13.002212306704338 ], [ 76.829097414529087, 13.002210133951698 ], [ 76.829231282067838, 13.002066414260286 ], [ 76.829295807781079, 13.001997139213897 ], [ 76.829225427762296, 13.00194875375605 ], [ 76.829296230648836, 13.001871826740373 ], [ 76.829054777727265, 13.001706814655131 ], [ 76.828731049052763, 13.001485573668685 ], [ 76.826960076873092, 13.000201112969091 ], [ 76.826894201194563, 13.000153333179956 ], [ 76.826762781659113, 13.000058015248044 ], [ 76.826579680827436, 12.999601370195153 ], [ 76.82653947693133, 12.999501102645882 ], [ 76.826332151716514, 12.998984037699637 ], [ 76.826876581575405, 12.998370382773469 ], [ 76.828279314874493, 12.99807875367865 ], [ 76.828594327727615, 12.997904711027575 ], [ 76.828697736093943, 12.997847577785354 ], [ 76.83009053106683, 12.997078058473218 ], [ 76.830100899083362, 12.997072340840335 ], [ 76.830292923058309, 12.996966449614074 ], [ 76.831241583774101, 12.996179856373983 ], [ 76.832387585984037, 12.995049445124724 ], [ 76.833715347026839, 12.993740505964357 ], [ 76.834893918218171, 12.992715620696838 ], [ 76.83598309577998, 12.991961736775734 ], [ 76.83704241385287, 12.991130909226024 ], [ 76.837916726774765, 12.99063320428464 ], [ 76.838091987435106, 12.990533435660835 ], [ 76.838480341078125, 12.990312362805197 ], [ 76.839922520595636, 12.989484623445801 ], [ 76.840013771499926, 12.989439196931109 ], [ 76.840087591263028, 12.989403138408242 ], [ 76.841537435874272, 12.988694934488738 ], [ 76.842887700578558, 12.987592033586189 ], [ 76.843948063053787, 12.986859158075612 ], [ 76.844143824678923, 12.986151906595543 ], [ 76.844240151632647, 12.985803893920009 ], [ 76.844290731600552, 12.984679292699107 ], [ 76.844595654561587, 12.983786569645304 ], [ 76.845187502520631, 12.983079880169681 ], [ 76.846710357614128, 12.981936837358203 ], [ 76.847789284932603, 12.981502408983426 ], [ 76.849351425432474, 12.980865645839922 ], [ 76.850511096496589, 12.980380543641761 ], [ 76.850946665429248, 12.979723716840708 ], [ 76.851090263472386, 12.979507174363427 ], [ 76.851351978714376, 12.979112511484399 ], [ 76.851368362303575, 12.978944369892243 ], [ 76.851387000414348, 12.978753096390411 ], [ 76.851445029748916, 12.978155231179217 ], [ 76.851457030395096, 12.978031593623449 ], [ 76.851379078881052, 12.977110183222063 ], [ 76.851102245446569, 12.975520085676063 ], [ 76.850846841429046, 12.975103694400671 ], [ 76.850581113081603, 12.974669329101324 ], [ 76.849387712311312, 12.974218104617524 ], [ 76.847308078270459, 12.974174562481881 ], [ 76.845852161816154, 12.97412542613182 ], [ 76.844502513511969, 12.974211077441199 ], [ 76.844367046613115, 12.974219673681514 ], [ 76.842610631730281, 12.974038655544208 ], [ 76.841715218110224, 12.973887524050228 ], [ 76.841403298514521, 12.97383487658972 ], [ 76.841385189961784, 12.973831946141082 ], [ 76.840483939444965, 12.973893771756744 ], [ 76.839703422814139, 12.973745170750844 ], [ 76.839463277943139, 12.973264755357144 ], [ 76.839383652369904, 12.973105463144265 ], [ 76.839304414021726, 12.972279532243761 ], [ 76.839913291161508, 12.971219117921931 ], [ 76.840157039592881, 12.970513591150802 ], [ 76.840290322990469, 12.969360221544207 ], [ 76.840417312219998, 12.968273159613162 ], [ 76.840649156234832, 12.967341456717255 ], [ 76.840786993278371, 12.966997520821611 ], [ 76.840867321003117, 12.966797084901671 ], [ 76.840979205866077, 12.966517906378307 ], [ 76.84184108426291, 12.965952580659071 ], [ 76.841827639697513, 12.965844060915639 ], [ 76.841823549086513, 12.965811039642611 ], [ 76.841814561519612, 12.965738489650493 ], [ 76.841799785275086, 12.965702629068431 ], [ 76.841741762241455, 12.965561809276828 ], [ 76.841729633769731, 12.965532337353695 ], [ 76.841666955256002, 12.965380038121248 ], [ 76.841391826361388, 12.964709332109946 ], [ 76.841333858268129, 12.964568016460007 ], [ 76.841283287105327, 12.964444389262118 ], [ 76.841052993546484, 12.963880259467492 ], [ 76.84079183843842, 12.963572810938919 ], [ 76.84075373226419, 12.963529033884191 ], [ 76.840633583451634, 12.963391005682634 ], [ 76.84061828114929, 12.963373426398837 ], [ 76.840631941694554, 12.963013812819897 ], [ 76.840638622065242, 12.962841507702812 ], [ 76.840643323065393, 12.962720259802889 ], [ 76.840644686538482, 12.962685087615647 ], [ 76.840390807385518, 12.960522672060872 ], [ 76.840385930195495, 12.960481132952369 ], [ 76.84036804548542, 12.960328800299878 ], [ 76.84001918457038, 12.959321757630047 ], [ 76.839787154639254, 12.958676199811995 ], [ 76.839691219531247, 12.958409526105813 ], [ 76.839639969405496, 12.958268406293119 ], [ 76.839611203245255, 12.958189195198397 ], [ 76.839412283499144, 12.957641453699916 ], [ 76.839317627232234, 12.957407876118966 ], [ 76.839317127918065, 12.957406644982381 ], [ 76.839447576647132, 12.956982463021548 ], [ 76.839484899429607, 12.956860610447205 ], [ 76.839492518785264, 12.956835735031325 ], [ 76.83969133122018, 12.956191735876827 ], [ 76.839777736794119, 12.955912306018243 ], [ 76.839784303673127, 12.955891069713363 ], [ 76.839786801819372, 12.955861421067183 ], [ 76.839818841679445, 12.95548186949968 ], [ 76.839821110427479, 12.955454991878167 ], [ 76.839609944384591, 12.95481355203578 ], [ 76.839482371990485, 12.954426035719345 ], [ 76.839251342991204, 12.953725212331758 ], [ 76.839235907925044, 12.95367838873627 ], [ 76.839150235755227, 12.953418501306537 ], [ 76.839109918689928, 12.953296199943347 ], [ 76.839103112743388, 12.95327556963732 ], [ 76.838897005259724, 12.952649630181678 ], [ 76.838739184650663, 12.952250809754183 ], [ 76.838676397405266, 12.952092142128199 ], [ 76.838320544738394, 12.951190581763353 ], [ 76.838300623525498, 12.950873793270098 ], [ 76.838281812295151, 12.950574642866343 ], [ 76.838215484804792, 12.949896896922361 ], [ 76.838145452218981, 12.949298932174308 ], [ 76.838118881768722, 12.948990046776355 ], [ 76.838108982894965, 12.948874582383297 ], [ 76.838095030129693, 12.948711599348304 ], [ 76.837941969897727, 12.948136380676825 ], [ 76.837894808503634, 12.947962159175979 ], [ 76.837802948612193, 12.947622810503191 ], [ 76.837771494920091, 12.94750653544736 ], [ 76.836939709606384, 12.944856096397965 ], [ 76.836890998965174, 12.944700881739424 ], [ 76.836668118235224, 12.94447780900877 ], [ 76.835947762055682, 12.943756897815375 ], [ 76.835734633317742, 12.943543602884361 ], [ 76.835619507489582, 12.943427105746272 ], [ 76.836690496594471, 12.943036647364483 ], [ 76.836765804594918, 12.943010301820866 ], [ 76.836822120180557, 12.943126913585612 ], [ 76.836861844506046, 12.943208128869422 ], [ 76.836952765971972, 12.943393684135886 ], [ 76.840401390393922, 12.942154398169945 ], [ 76.841757168561216, 12.941667687197587 ], [ 76.842308940117022, 12.941469604560483 ], [ 76.842341823202602, 12.941457799292738 ], [ 76.845528179751852, 12.941881177917162 ], [ 76.847162150295944, 12.943044788576342 ], [ 76.848173528470113, 12.943766054981108 ], [ 76.848541368236155, 12.944028377888678 ], [ 76.848619196172095, 12.944006794340089 ], [ 76.848685845857005, 12.943988303473072 ], [ 76.848685482380873, 12.943986124158437 ], [ 76.848669037238125, 12.943887519645397 ], [ 76.848662318259827, 12.94384723663177 ], [ 76.848584491307847, 12.943380603239984 ], [ 76.848566956261422, 12.943256636286016 ], [ 76.848481877048741, 12.942784312063768 ], [ 76.848569593336762, 12.942644192732971 ], [ 76.848859001450549, 12.942181889680922 ], [ 76.849149159967553, 12.941718386218444 ], [ 76.849330866053108, 12.941436208296077 ], [ 76.849330713399027, 12.941272507836175 ], [ 76.84933017428726, 12.940692510741618 ], [ 76.849309205238313, 12.939789555000379 ], [ 76.849286701762153, 12.938820487157981 ], [ 76.849277087370538, 12.938406474834022 ], [ 76.849360518834189, 12.938404248159623 ], [ 76.849447121441386, 12.938401934797337 ], [ 76.853439304959224, 12.938272069128519 ], [ 76.855295822443267, 12.93806693151838 ], [ 76.855353382574307, 12.938062706003857 ], [ 76.855399875148279, 12.938059293136611 ], [ 76.856637102962111, 12.937971829389344 ], [ 76.85705894290561, 12.93794195470179 ], [ 76.858058468985533, 12.937566352435354 ], [ 76.858111626398923, 12.937546376557597 ], [ 76.8608840197722, 12.935836064143723 ], [ 76.861061527080864, 12.935726556085335 ], [ 76.861480472642256, 12.935330276218464 ], [ 76.861707066407533, 12.93512238028392 ], [ 76.862297440603214, 12.934579836093187 ], [ 76.862593882687776, 12.934326379799993 ], [ 76.862622772740721, 12.934371203008137 ], [ 76.862566078271911, 12.934093327953581 ], [ 76.862570012089321, 12.933637733828968 ], [ 76.862566791460935, 12.933203713090625 ], [ 76.862565641183281, 12.932063011977823 ], [ 76.862405639735869, 12.93119965382199 ], [ 76.862339401791672, 12.930651294571183 ], [ 76.862291129499852, 12.930059761471259 ], [ 76.862143298116834, 12.928585458366125 ], [ 76.862083250048329, 12.928570958922947 ], [ 76.862074286422896, 12.9284956947072 ], [ 76.862056696310219, 12.928348005551866 ], [ 76.86204925082005, 12.928286101969844 ], [ 76.862047547658918, 12.928269283640814 ], [ 76.862258166279574, 12.928321775607463 ], [ 76.862617166558252, 12.928412666660906 ], [ 76.865758860592251, 12.929223252142599 ], [ 76.865957092505496, 12.929274395975137 ], [ 76.867173945066952, 12.929584414158541 ], [ 76.868995662161296, 12.929924476967871 ], [ 76.870589106253135, 12.929797595021611 ], [ 76.871222657884189, 12.930183299199474 ], [ 76.871486665037082, 12.930344025643143 ], [ 76.872072925812873, 12.930699743647548 ], [ 76.872289648937809, 12.930831121764154 ], [ 76.873098986854544, 12.931321853423523 ], [ 76.873729885117669, 12.931457265922129 ], [ 76.873918581880361, 12.931497823602719 ], [ 76.874355426597319, 12.931547520665656 ], [ 76.875536669341031, 12.931682157016226 ], [ 76.877157835354083, 12.931996350112668 ], [ 76.877419800480467, 12.93207618024606 ], [ 76.877710583123744, 12.932164835647002 ], [ 76.877902830864215, 12.932223472190262 ], [ 76.878594218607375, 12.932553259659159 ], [ 76.878682621179479, 12.93259542698793 ], [ 76.878708899312116, 12.932607975528271 ], [ 76.878713129256681, 12.932610866267495 ], [ 76.879804941928313, 12.933357059389591 ], [ 76.880479559418646, 12.933508852181753 ], [ 76.880652261791738, 12.933547712253361 ], [ 76.880755172880427, 12.933570868680087 ], [ 76.882023793434229, 12.933563947031509 ], [ 76.883010425440219, 12.933558487078628 ], [ 76.883227375539349, 12.933557289862197 ], [ 76.884649081774995, 12.933764953742065 ], [ 76.884717411227086, 12.933774933730135 ], [ 76.884944135857651, 12.9338080498687 ], [ 76.885334298788209, 12.933865023597615 ], [ 76.886118306799787, 12.933979542755107 ], [ 76.887081032713837, 12.934120163694432 ], [ 76.887735300090881, 12.934215856678991 ], [ 76.887969152557773, 12.934250059135667 ], [ 76.888389111018185, 12.934176505292447 ], [ 76.889245427325022, 12.934027348132258 ], [ 76.890053074124765, 12.933709894239778 ], [ 76.891711833287061, 12.933081236310549 ], [ 76.891849678174538, 12.933028993242706 ], [ 76.89254387344981, 12.931738879154585 ], [ 76.892654436757354, 12.928294479963663 ], [ 76.893099772164732, 12.926569451055213 ], [ 76.893731529600458, 12.924996118741033 ], [ 76.894920252138292, 12.923571791903377 ], [ 76.896202357211081, 12.921601548600464 ], [ 76.89711030842706, 12.921020567048105 ], [ 76.897008529155087, 12.92098694835996 ], [ 76.896938373298113, 12.920963788571433 ], [ 76.896869410166119, 12.920941049416355 ], [ 76.896809951194911, 12.920921459734961 ], [ 76.896689140909587, 12.920881697546317 ], [ 76.896359771912387, 12.92077360213405 ], [ 76.896291648759728, 12.920751294164905 ], [ 76.89628870312157, 12.920750331286881 ], [ 76.896202341129523, 12.920722097379375 ], [ 76.89614118014903, 12.920702107745022 ], [ 76.89611821456117, 12.92069460552074 ], [ 76.896056745346556, 12.920674550315811 ], [ 76.896025099995484, 12.92066422608576 ], [ 76.895991768046471, 12.920653357339132 ], [ 76.895989922536444, 12.920652756135524 ], [ 76.895928953265951, 12.920632892494723 ], [ 76.895845948966496, 12.920606492351469 ], [ 76.895799857080519, 12.920592654045931 ], [ 76.895660636702388, 12.9205508549017 ], [ 76.895401667604077, 12.920455944616906 ], [ 76.895390626256145, 12.920451897876641 ], [ 76.894948293827724, 12.920286771751053 ], [ 76.894729662350031, 12.920205154371919 ], [ 76.894113935258446, 12.919977136345928 ], [ 76.893188791677275, 12.919684169314912 ], [ 76.893001574950461, 12.919625346764064 ], [ 76.892795994454886, 12.919565148675224 ], [ 76.892448702422939, 12.919461959031619 ], [ 76.892397196704835, 12.919446655329178 ], [ 76.891981003173868, 12.919323517836974 ], [ 76.890300091171625, 12.918829254457293 ], [ 76.890084257427361, 12.918820511091822 ], [ 76.889915578688758, 12.918813769042121 ], [ 76.889843122556812, 12.91881087326534 ], [ 76.889367834210091, 12.918791590717435 ], [ 76.888856818038008, 12.918771407887338 ], [ 76.888739811469165, 12.918766850998706 ], [ 76.888412264961318, 12.91875409578911 ], [ 76.88841222993625, 12.918754094234705 ], [ 76.888381284714484, 12.918752889031262 ], [ 76.887945655168835, 12.918736036732607 ], [ 76.887939886542881, 12.918736320660832 ], [ 76.887917567325701, 12.918737421086089 ], [ 76.887402419202843, 12.918763215200402 ], [ 76.886390775441726, 12.918815944613867 ], [ 76.886360250069984, 12.918819980178416 ], [ 76.886321161353663, 12.918825147729432 ], [ 76.886273030633703, 12.918831510373369 ], [ 76.886223290120128, 12.918838106074519 ], [ 76.886216770328659, 12.919045328034761 ], [ 76.886189053637182, 12.919955064729072 ], [ 76.886165451002157, 12.919983693302033 ], [ 76.886147395424345, 12.920005593442166 ], [ 76.885818300136393, 12.920405495134554 ], [ 76.884658816626683, 12.920561954652861 ], [ 76.883843210644741, 12.920674237435881 ], [ 76.883608884474953, 12.92068585553503 ], [ 76.883474279955692, 12.920692529646175 ], [ 76.883333907501139, 12.92069946763225 ], [ 76.882727748569152, 12.920648564710975 ], [ 76.881915055474167, 12.920629885609385 ], [ 76.88155321124826, 12.920616842295297 ], [ 76.881015909614632, 12.920608272842713 ], [ 76.880771445560953, 12.920604372971168 ], [ 76.880743854117739, 12.92060392545274 ], [ 76.880734803803492, 12.920603779138364 ], [ 76.880731628172384, 12.920570115145271 ], [ 76.880717676929621, 12.920421766012753 ], [ 76.880714780794094, 12.920390973299599 ], [ 76.880679708617293, 12.920041671887725 ], [ 76.880522484087152, 12.92004621340825 ], [ 76.880508564541671, 12.92004661552644 ], [ 76.880361554401276, 12.92005086014772 ], [ 76.880028182360419, 12.919987924800338 ], [ 76.879999924992987, 12.919982577773085 ], [ 76.879363737667944, 12.919862194383962 ], [ 76.879369530439305, 12.919474596635004 ], [ 76.879371230935092, 12.919360949549427 ], [ 76.879374512094117, 12.919141531366371 ], [ 76.879374843520125, 12.919118824607231 ], [ 76.879308974410748, 12.919107827119911 ], [ 76.879272255629104, 12.919259418900836 ], [ 76.879267856815986, 12.919236256300046 ], [ 76.878993249918551, 12.919192427580141 ], [ 76.878808416905414, 12.919163613506603 ], [ 76.878495071220598, 12.91911608604795 ], [ 76.878338481581949, 12.919085329489803 ], [ 76.878334498926947, 12.919084547392499 ], [ 76.878044221030592, 12.919028780382357 ], [ 76.877935041469073, 12.919008222275902 ], [ 76.877669059018615, 12.91897274480748 ], [ 76.87679949758629, 12.918798769093286 ], [ 76.875633490881825, 12.91855160805099 ], [ 76.875517697465213, 12.918527930231502 ], [ 76.875432697592046, 12.918510549717231 ], [ 76.874536495664003, 12.918327293242495 ], [ 76.874186470352711, 12.91825796633387 ], [ 76.873903971816787, 12.918202013912584 ], [ 76.873656791543866, 12.918153055688576 ], [ 76.873396801066491, 12.91822635384583 ], [ 76.873187112493952, 12.918289328874755 ], [ 76.872273196063816, 12.918553541497696 ], [ 76.871752988650456, 12.918710228923537 ], [ 76.871462247294886, 12.918696159945755 ], [ 76.871306187998499, 12.918688661875109 ], [ 76.86997212613349, 12.918645507057009 ], [ 76.869864015199951, 12.918641092161971 ], [ 76.868815196315651, 12.91859825704063 ], [ 76.867933768074266, 12.918578651346316 ], [ 76.867923151594397, 12.918578162376031 ], [ 76.867910521806067, 12.918578290667291 ], [ 76.867878846935128, 12.918247373914362 ], [ 76.867049735858402, 12.916661901488649 ], [ 76.867036261177077, 12.91664813014793 ], [ 76.865737091400305, 12.915320416705512 ], [ 76.865195154370397, 12.914785336629013 ], [ 76.864912563811856, 12.914506320209956 ], [ 76.864890974532756, 12.914446709474197 ], [ 76.864729793328763, 12.914001673948167 ], [ 76.864651939845047, 12.913650623554799 ], [ 76.864608081429068, 12.913452860109581 ], [ 76.864605788637718, 12.913434922519606 ], [ 76.864782259557174, 12.913448149829714 ], [ 76.864789756767792, 12.913237071406165 ], [ 76.864856743028682, 12.912604271458456 ], [ 76.864934109202295, 12.911807817073651 ], [ 76.865017920888022, 12.910801860833924 ], [ 76.86504377443751, 12.910448474055238 ], [ 76.865063295918588, 12.910181635739555 ], [ 76.86509553591911, 12.909740958952822 ], [ 76.865163134234848, 12.908849841488728 ], [ 76.865234481358527, 12.907952479720279 ], [ 76.865329370367633, 12.906864517271893 ], [ 76.865428317370487, 12.905708152777983 ], [ 76.865508414257818, 12.90529423170347 ], [ 76.865551850599985, 12.905069765744626 ], [ 76.866988786408641, 12.903852217119798 ], [ 76.867105483671963, 12.90375333575013 ], [ 76.86794184765418, 12.903044656326289 ], [ 76.867968362831235, 12.903022118475729 ], [ 76.867988360915959, 12.903005120740644 ], [ 76.86981682508177, 12.900885357911772 ], [ 76.869983501193886, 12.900692126751979 ], [ 76.870017781291381, 12.900652385528362 ], [ 76.870233738236081, 12.900402020681502 ], [ 76.870708115175802, 12.899365116230783 ], [ 76.870733817269468, 12.899369995706557 ], [ 76.871588888086521, 12.899532324188829 ], [ 76.872393855355455, 12.899685137600413 ], [ 76.872679762934638, 12.899739413325712 ], [ 76.872681273666558, 12.899708420650294 ], [ 76.872799684893565, 12.899730377531336 ], [ 76.872818269115115, 12.89938180567502 ], [ 76.872882122339732, 12.898178219658915 ], [ 76.8728677979434, 12.897976699730805 ], [ 76.87292765520219, 12.897873663487365 ], [ 76.872834080982955, 12.897868503747301 ], [ 76.872851591729756, 12.897501687390864 ], [ 76.873029351258339, 12.897480523720043 ], [ 76.874007842129544, 12.897544417758116 ], [ 76.874239589161846, 12.897559549730383 ], [ 76.874613565114487, 12.897584438673166 ], [ 76.876874486449992, 12.89773595948081 ], [ 76.877647238459843, 12.897789022751104 ], [ 76.877906250954922, 12.89780680819476 ], [ 76.878920920574998, 12.897876477646957 ], [ 76.881584245246557, 12.897733332744291 ], [ 76.881603400491983, 12.897732327263522 ], [ 76.881907916241502, 12.897716340312192 ], [ 76.881924057384651, 12.897715524608056 ], [ 76.887762198531789, 12.897420427710623 ], [ 76.887838134045751, 12.897420641593275 ], [ 76.888187531238273, 12.897414953475431 ], [ 76.888238443971588, 12.897414124083689 ], [ 76.888491096518322, 12.897405029632337 ], [ 76.888568330718797, 12.897402249468296 ], [ 76.888565063926336, 12.897165020358235 ], [ 76.888560193454836, 12.896816444195807 ], [ 76.888521379245674, 12.896621082408275 ], [ 76.888434852310482, 12.896185566661282 ], [ 76.888169363515829, 12.894849266690658 ], [ 76.888114016767517, 12.894570684239294 ], [ 76.888146668572944, 12.894409295901033 ], [ 76.88816583905934, 12.894314538786137 ], [ 76.888240124489556, 12.893948767884678 ], [ 76.888671984257883, 12.891822346303263 ], [ 76.889116016902804, 12.890711159333936 ], [ 76.889841856216975, 12.888918313243767 ], [ 76.88994857649098, 12.888654708768776 ], [ 76.890151205549344, 12.888154202960651 ], [ 76.891189223057225, 12.885531082771182 ], [ 76.892005731754992, 12.882878718216219 ], [ 76.892154369601712, 12.882129805670653 ], [ 76.892180253761339, 12.881999388074576 ], [ 76.892125880309308, 12.881877011550456 ], [ 76.891668080426825, 12.880846655806641 ], [ 76.891003329880277, 12.879476828175589 ], [ 76.89102554944796, 12.879444981150149 ], [ 76.891099283782154, 12.879339299483973 ], [ 76.891316808700594, 12.879027525006361 ], [ 76.891938907271495, 12.8780945477254 ], [ 76.892948278213794, 12.876777690918574 ], [ 76.893482111719194, 12.875503178890405 ], [ 76.893556687077819, 12.87434605412623 ], [ 76.893554143329951, 12.874275721794339 ], [ 76.89354925592886, 12.874140601599878 ], [ 76.893498879640759, 12.872747718403117 ], [ 76.89342202874856, 12.870788758704776 ], [ 76.893333748106897, 12.870157048754782 ], [ 76.893176984994042, 12.869032984017773 ], [ 76.893128719640146, 12.868686899712284 ], [ 76.893104218529302, 12.868622023281176 ], [ 76.891974625268887, 12.865630965052766 ], [ 76.892162554651847, 12.864680684454026 ], [ 76.892352307904176, 12.863721173385315 ], [ 76.892439399031929, 12.863280786289353 ], [ 76.892467839916208, 12.86313982246398 ], [ 76.892675686097292, 12.862115970634139 ], [ 76.892761985630926, 12.861693089273235 ], [ 76.892679912737421, 12.860905327029284 ], [ 76.892607460360679, 12.860145173333265 ], [ 76.892559571178552, 12.859642733238235 ], [ 76.892401836246904, 12.858649071792327 ], [ 76.892229357189834, 12.857562510022824 ], [ 76.892186134788403, 12.857290219951123 ], [ 76.89214451456057, 12.857028026782155 ], [ 76.892059999683838, 12.856709858485781 ], [ 76.891968394723534, 12.856364996797581 ], [ 76.891602240595716, 12.854986538904472 ], [ 76.891423582815435, 12.854129867109743 ], [ 76.891052580920984, 12.852503655958444 ], [ 76.890999009858959, 12.85226883697411 ], [ 76.891018822309221, 12.852135449015851 ], [ 76.891197784682035, 12.850930590799427 ], [ 76.891222326517635, 12.850765366417356 ], [ 76.891273241206406, 12.850422586089598 ], [ 76.891292920113571, 12.850135507346804 ], [ 76.891293807868976, 12.850122553510786 ], [ 76.891300978963429, 12.850017933529235 ], [ 76.891724239425244, 12.849139444879055 ], [ 76.892074485502917, 12.848809444741859 ], [ 76.892679631272514, 12.848239275196422 ], [ 76.894533201853903, 12.84789267756631 ], [ 76.89461909956529, 12.847875388209248 ], [ 76.895688496782029, 12.847660136724343 ], [ 76.896467340846257, 12.847415509759362 ], [ 76.897088178755979, 12.847220509561946 ], [ 76.897364066010908, 12.847133854620218 ], [ 76.897364092661405, 12.847133846293106 ], [ 76.899013664545762, 12.846639301529272 ], [ 76.899017040391684, 12.846636834052635 ], [ 76.89906972556544, 12.846572702078497 ], [ 76.899239609729761, 12.846365908366339 ], [ 76.900304158115347, 12.845070060233859 ], [ 76.901504484642871, 12.843175368075283 ], [ 76.901509364839029, 12.843167664636324 ], [ 76.901538883418866, 12.843070708454507 ], [ 76.901800001312296, 12.842213037177528 ], [ 76.902162046789385, 12.841023848222717 ], [ 76.902204882579923, 12.840880503173029 ], [ 76.902248129728932, 12.840737847476252 ], [ 76.902261722455464, 12.84069705495954 ], [ 76.902562106575303, 12.839213282308313 ], [ 76.903140347942667, 12.83854286380639 ], [ 76.904110066726105, 12.83741855263025 ], [ 76.904141633974916, 12.837377473425649 ], [ 76.905530169924063, 12.835570516804932 ], [ 76.906607098393948, 12.834231311766882 ], [ 76.906646909774892, 12.832026546174134 ], [ 76.906576607605857, 12.830470564017588 ], [ 76.906568218889078, 12.830284894308042 ], [ 76.906497827625117, 12.828726896925312 ], [ 76.906497826493066, 12.82872686891481 ], [ 76.906485674381855, 12.828457889783962 ], [ 76.906488827946845, 12.828452120366135 ], [ 76.907546017512104, 12.826517667738567 ], [ 76.90793114872163, 12.826075240897081 ], [ 76.909147012740775, 12.82467848453142 ], [ 76.909591253201015, 12.82416814698002 ], [ 76.910351189439652, 12.823556555562289 ], [ 76.91178996020588, 12.82239862774086 ], [ 76.912446561543177, 12.821949003760858 ], [ 76.914505030962388, 12.820541310865675 ], [ 76.915915377898088, 12.819576822423995 ], [ 76.916419923184108, 12.819232094012351 ], [ 76.916480191287889, 12.819190915915044 ], [ 76.91677864413488, 12.819006212072946 ], [ 76.916849813795181, 12.818962167073144 ], [ 76.916849971611768, 12.818885283864004 ], [ 76.916850026880141, 12.818858506744128 ], [ 76.916850374536409, 12.818689252147021 ], [ 76.916852936756413, 12.817441311494091 ], [ 76.916852993766184, 12.817137332129651 ], [ 76.916853464261564, 12.81463799018335 ], [ 76.91685344598956, 12.81462887795101 ], [ 76.917148051474584, 12.814277186392774 ], [ 76.917447481675595, 12.813936009798804 ], [ 76.917677071932545, 12.813674409413711 ], [ 76.918976423765841, 12.812587249986144 ], [ 76.919195648807062, 12.812403824556709 ], [ 76.919661736951142, 12.812013847993455 ], [ 76.919881880744583, 12.811829651685361 ], [ 76.920299973870641, 12.811034032154582 ], [ 76.92029015500782, 12.810554765376949 ], [ 76.9202798880752, 12.81005365100278 ], [ 76.920258471762182, 12.809008285493867 ], [ 76.921074870379613, 12.807018968568467 ], [ 76.921241406421004, 12.806803061827205 ], [ 76.92192503025457, 12.805916766120221 ], [ 76.922078555940402, 12.805717723528218 ], [ 76.922162151958503, 12.805609344118608 ], [ 76.923131223792737, 12.80459103955496 ], [ 76.925030673447566, 12.80321642427212 ], [ 76.926819515224395, 12.801920678287999 ], [ 76.92809217071661, 12.80149817685802 ], [ 76.93149328858614, 12.800077159874084 ], [ 76.931648266682444, 12.800015552533628 ], [ 76.931759074181741, 12.799971613324889 ], [ 76.932413394105581, 12.799712147803408 ], [ 76.932928496316393, 12.799507887215514 ], [ 76.935257844028683, 12.799109915380386 ], [ 76.936396668956519, 12.800197081904896 ], [ 76.936798448760825, 12.800747605316845 ], [ 76.938215897288558, 12.802560350469522 ], [ 76.938231347610198, 12.80257727188029 ], [ 76.938279297865506, 12.802629788583097 ], [ 76.938381758942484, 12.802686927480719 ], [ 76.938559319958628, 12.802785947680189 ], [ 76.938817921697733, 12.802930161135368 ], [ 76.941870569951703, 12.804632483037205 ], [ 76.943777402205328, 12.804174887199725 ], [ 76.943961180444148, 12.804130547065254 ], [ 76.944104740131664, 12.804095910614381 ], [ 76.946030898539064, 12.802827124047655 ], [ 76.946059910535809, 12.802807576230807 ], [ 76.946644192670405, 12.802413647560432 ], [ 76.947097291170479, 12.802108163066192 ], [ 76.947545112088108, 12.801806235495558 ], [ 76.948851883695951, 12.800753541300484 ], [ 76.948973797089408, 12.80065533139787 ], [ 76.949519975845178, 12.800385851282062 ], [ 76.950489998898092, 12.800098883184637 ], [ 76.951544215327104, 12.800377019351563 ], [ 76.951806342571814, 12.80044617619923 ], [ 76.954068054990358, 12.801042866164899 ], [ 76.954068257103785, 12.80104292160536 ], [ 76.954075632171438, 12.801046051006372 ], [ 76.954826294183661, 12.801364568209429 ], [ 76.955184936676389, 12.80151674463997 ], [ 76.956328191706973, 12.801991736019461 ], [ 76.956708497107115, 12.802059359876495 ], [ 76.959817391954843, 12.802612142533183 ], [ 76.959923913236224, 12.802629563309084 ], [ 76.959978490575878, 12.802638419335475 ], [ 76.960127839665503, 12.802662653215146 ], [ 76.960934616595054, 12.802789821139148 ], [ 76.962163764785089, 12.802695015400769 ], [ 76.963638619517198, 12.802581251411787 ], [ 76.964351395958488, 12.802526267473127 ], [ 76.965595622578036, 12.802430282450771 ], [ 76.967497679866668, 12.802275405818596 ], [ 76.967772117032524, 12.802253057915543 ], [ 76.968801519057948, 12.802169231199006 ], [ 76.968811244473784, 12.802168439071773 ], [ 76.96899267543084, 12.802153664000125 ], [ 76.971657627114297, 12.801936629100034 ], [ 76.971687522062766, 12.801934194606924 ], [ 76.972231328297823, 12.801757173789287 ], [ 76.972594109631942, 12.801639079790103 ], [ 76.973113509678811, 12.801470001929747 ], [ 76.973531202541537, 12.801334031283575 ], [ 76.973593655889744, 12.801313700539104 ], [ 76.973925735264956, 12.800295589493627 ], [ 76.973951474576467, 12.800216674871002 ], [ 76.974137336808866, 12.799646843505503 ], [ 76.974429767028113, 12.798750280280476 ], [ 76.974457893262652, 12.798664045968735 ], [ 76.974490099472831, 12.798565305951014 ], [ 76.974860142837883, 12.797430781005978 ], [ 76.975091421530081, 12.79672169345141 ], [ 76.975133732681186, 12.796591968675548 ], [ 76.975368357001571, 12.795872618652545 ], [ 76.97639273085673, 12.792733002314517 ], [ 76.97646049718827, 12.792525303059628 ], [ 76.976484302575074, 12.792452339915506 ], [ 76.979462033843276, 12.791206430318283 ], [ 76.979461656067926, 12.7912248290212 ], [ 76.979464242520081, 12.791224549303779 ], [ 76.979623755145738, 12.791207303519473 ], [ 76.983189395249056, 12.790830832301394 ], [ 76.984786534604567, 12.79046338041133 ], [ 76.985230179548296, 12.790257099947093 ], [ 76.987376107506165, 12.789268878358502 ], [ 76.98971660003572, 12.788202716055771 ], [ 76.989965708854129, 12.788089238446462 ], [ 76.990656822595696, 12.787774410245984 ], [ 76.991635857630314, 12.786780967395982 ], [ 76.991817664258789, 12.786596484304862 ], [ 76.992042717719414, 12.785582051054517 ], [ 76.993720920530606, 12.783092428664641 ], [ 76.993901708691752, 12.782820686981342 ], [ 76.994281268731612, 12.782250170641845 ], [ 76.994671083224091, 12.781664237315068 ], [ 76.995137371461666, 12.780963351628932 ], [ 76.995258185273443, 12.780780684941998 ], [ 76.995974979994045, 12.779696910313154 ], [ 76.996128572134111, 12.779464681054408 ], [ 76.99621792746359, 12.779382325929879 ], [ 76.996324439055883, 12.779284160225611 ], [ 76.997030446844363, 12.77863346855661 ], [ 76.997708922183392, 12.778008148113669 ], [ 76.998720930433834, 12.777075686524697 ], [ 76.999045111461527, 12.777170756438796 ], [ 76.999856964968956, 12.777408838064526 ], [ 77.002191715745568, 12.778292422034447 ], [ 77.00236088305499, 12.778356432133817 ], [ 77.008795570535014, 12.780791484307416 ], [ 77.009736714214213, 12.781147619250666 ], [ 77.009784590887833, 12.781163950016161 ], [ 77.009326625819924, 12.780366305176729 ], [ 77.009131832725146, 12.779932756167439 ], [ 77.009124736188099, 12.779916962399867 ], [ 77.008917892647034, 12.779456591171103 ], [ 77.007567403686352, 12.776471464432207 ], [ 77.00723392239415, 12.775734320965311 ], [ 77.007173274594848, 12.775600262296345 ], [ 77.0071033710894, 12.775198708061273 ], [ 77.006857328650128, 12.773785328578267 ], [ 77.006857682600028, 12.773549382358992 ], [ 77.006857877175221, 12.773419696983629 ], [ 77.006860187389705, 12.772929950755694 ], [ 77.006862533014299, 12.772619319685772 ], [ 77.006863007393733, 12.772565441540699 ], [ 77.006825933042677, 12.772298080581495 ], [ 77.006809734841056, 12.772181267699526 ], [ 77.00678746573864, 12.772018249843843 ], [ 77.00672846271253, 12.771683467904504 ], [ 77.006711845759398, 12.771589185895927 ], [ 77.006784384459735, 12.771542999659909 ], [ 77.006949713543463, 12.77143773161775 ], [ 77.007172217828327, 12.771288437443884 ], [ 77.007196652797788, 12.771272042280039 ], [ 77.007275666889882, 12.77118345359356 ], [ 77.007558892125488, 12.770922385638441 ], [ 77.007597065898665, 12.770916077017018 ], [ 77.007724918968904, 12.770894978249192 ], [ 77.007736250465257, 12.770798884073377 ], [ 77.00773847123304, 12.77078964317063 ], [ 77.00787637886728, 12.770213581145255 ], [ 77.007891430235901, 12.770150709764344 ], [ 77.007899138196109, 12.770118510798207 ], [ 77.007906180647836, 12.770088907136669 ], [ 77.007957863678612, 12.769871664804617 ], [ 77.007962940106836, 12.769850328541288 ], [ 77.008120233884782, 12.769802587240102 ], [ 77.008201816757875, 12.769777846474343 ], [ 77.008520896769639, 12.769744294509106 ], [ 77.008335737119879, 12.769092191267866 ], [ 77.008381280056554, 12.768824954065479 ], [ 77.008410708960653, 12.768652282966848 ], [ 77.008420189540232, 12.768596667051863 ], [ 77.008420960421603, 12.768592141368631 ], [ 77.008442176223426, 12.768467684501932 ], [ 77.008444312096685, 12.768455159896668 ], [ 77.008449689775304, 12.768280508107871 ], [ 77.00845708167644, 12.768040492059571 ], [ 77.008464925356407, 12.767786087961577 ], [ 77.008646212953693, 12.76774338697243 ], [ 77.008620011009413, 12.76765198971184 ], [ 77.008585860185008, 12.767450902027253 ], [ 77.008575243361634, 12.767388388589072 ], [ 77.008490033096933, 12.76688143697238 ], [ 77.00848708334847, 12.766863886251741 ], [ 77.008486198340535, 12.766858622120701 ], [ 77.008484001244852, 12.766845549342689 ], [ 77.00848069694068, 12.766825892792829 ], [ 77.008466415582362, 12.766598491199494 ], [ 77.008463859880038, 12.766572419324415 ], [ 77.008462945535285, 12.766563089295889 ], [ 77.008511209493776, 12.766546276036609 ], [ 77.008512920219545, 12.766545680083782 ], [ 77.008533380971997, 12.766538551760595 ], [ 77.00854211825461, 12.766535508237707 ], [ 77.008758788032054, 12.766460026368678 ], [ 77.008744255991246, 12.766346546762877 ], [ 77.008737312059878, 12.7662924060478 ], [ 77.008686426424362, 12.765895667263361 ], [ 77.008682629221866, 12.765866062005708 ], [ 77.00868316113224, 12.765859726055517 ], [ 77.008688069293996, 12.765801230224797 ], [ 77.008717296851344, 12.765452884222075 ], [ 77.008716993974843, 12.765442512904055 ], [ 77.008711635870654, 12.765258944709096 ], [ 77.008709610768676, 12.76518975021296 ], [ 77.008701983029084, 12.764929100252727 ], [ 77.008644139943343, 12.764583010789194 ], [ 77.008635124096031, 12.764529067474552 ], [ 77.008629455990729, 12.764495156356093 ], [ 77.008622897789934, 12.764455917878916 ], [ 77.008614333281514, 12.764404675248297 ], [ 77.008607535432034, 12.764364005192405 ], [ 77.008587293562343, 12.764242894035688 ], [ 77.008542514127754, 12.763974967341255 ], [ 77.008538408778648, 12.763950407525323 ], [ 77.011070517957563, 12.763626236467104 ], [ 77.011814358533783, 12.763317926519077 ], [ 77.011852062882582, 12.763314134446913 ], [ 77.012015442080354, 12.7632795945576 ], [ 77.012112814331516, 12.763259008426328 ], [ 77.012186552013162, 12.763243419480776 ], [ 77.012187042884548, 12.763243315421265 ], [ 77.012234747708334, 12.76323322999405 ], [ 77.013782525465643, 12.762906003829237 ], [ 77.014790451689393, 12.762696988189278 ], [ 77.015458933385048, 12.762595857804568 ], [ 77.015672763008183, 12.762563508386418 ], [ 77.015919077104286, 12.762526244656154 ], [ 77.016040482957749, 12.762474450587392 ], [ 77.016074419292167, 12.762459973295716 ], [ 77.016103045064, 12.762447760737365 ], [ 77.016224948212482, 12.762395754928882 ], [ 77.016262687334248, 12.762379654320457 ], [ 77.016423900556873, 12.762310877874379 ], [ 77.016453198946948, 12.762298379072394 ], [ 77.018097521282002, 12.762048718951487 ], [ 77.018301410252604, 12.76209951154611 ], [ 77.018368626572723, 12.76211625647794 ], [ 77.01841935249729, 12.762128893203952 ], [ 77.018604475124548, 12.762175010909166 ], [ 77.01875673100929, 12.762213009786464 ], [ 77.019090366444516, 12.762296274238375 ], [ 77.019124007052554, 12.762304669848696 ], [ 77.020196299391884, 12.762572277300166 ], [ 77.020658958026104, 12.762687739442734 ], [ 77.020748045915269, 12.762709972232257 ], [ 77.020782727305559, 12.76271862897787 ], [ 77.021401703923715, 12.762850134153215 ], [ 77.021674114568015, 12.762917358889862 ], [ 77.022006826834144, 12.7629994533438 ], [ 77.022121780073562, 12.763027806821682 ], [ 77.022130345289156, 12.763029919345977 ], [ 77.022234910631781, 12.763027364521477 ], [ 77.022498259582576, 12.763020941219329 ], [ 77.022575904147828, 12.763009556453023 ], [ 77.022580872361587, 12.763008828825718 ], [ 77.02356202502483, 12.762865047552694 ], [ 77.024090176931679, 12.762787729684161 ], [ 77.024150709313332, 12.762779764451402 ], [ 77.024340568360714, 12.762754813004987 ], [ 77.024475058717343, 12.762737138253769 ], [ 77.024514293954098, 12.762731981531191 ], [ 77.024760068793213, 12.762699681886621 ], [ 77.024943087978187, 12.762675628390676 ], [ 77.024891733892247, 12.762300932850723 ], [ 77.025101079877771, 12.762268621207893 ], [ 77.025299296351747, 12.762238026962518 ], [ 77.025448547189995, 12.762609170835127 ], [ 77.025591100576818, 12.762590122327438 ], [ 77.025660248414169, 12.762580883245711 ], [ 77.025708442552101, 12.762574443873934 ], [ 77.025852095026238, 12.762555248523645 ], [ 77.025863959372174, 12.762553663583963 ], [ 77.025879878135413, 12.762551536009394 ], [ 77.025989084528533, 12.762536943813425 ], [ 77.026014254441876, 12.762533571266385 ], [ 77.026023354792954, 12.762532351859498 ], [ 77.026133327232003, 12.762818885948441 ], [ 77.026168522135478, 12.76290994507173 ], [ 77.026178718839461, 12.762936325747297 ], [ 77.026537877848725, 12.763429397912954 ], [ 77.026546115811371, 12.763440707796095 ], [ 77.026625184913414, 12.763763460611289 ], [ 77.026629668446873, 12.763781763782973 ], [ 77.026775333052328, 12.764310436485632 ], [ 77.02680669524814, 12.764424261109088 ], [ 77.026900207381061, 12.764762370067773 ], [ 77.026913159320529, 12.764894284912867 ], [ 77.0269206614269, 12.764922786586519 ], [ 77.027016044915399, 12.765285152831382 ], [ 77.027088810299489, 12.765551889890943 ], [ 77.027780819597922, 12.765475051304543 ], [ 77.028162309192467, 12.765432691755571 ], [ 77.028179146317811, 12.765430821771728 ], [ 77.028390760264728, 12.76544427042333 ], [ 77.028709309945725, 12.765464372495984 ], [ 77.029726488612212, 12.765635445160852 ], [ 77.0297561320927, 12.765656684612155 ], [ 77.029860494638442, 12.765731465787002 ], [ 77.029896305831798, 12.765757132384618 ], [ 77.029915488485514, 12.765763149554736 ], [ 77.029937685939515, 12.765770112391504 ], [ 77.029986591965439, 12.765785452126602 ], [ 77.030050853530255, 12.765805607495007 ], [ 77.030112847967459, 12.765825047316746 ], [ 77.030127713553426, 12.765832389150138 ], [ 77.030353220226644, 12.765943768743977 ], [ 77.030437466299631, 12.765985372305691 ], [ 77.030454868513374, 12.765993967123872 ], [ 77.030517063508, 12.766024682564254 ], [ 77.030546555831734, 12.766073114860424 ], [ 77.030833242141668, 12.766543903648538 ], [ 77.030864118715684, 12.76657529004914 ], [ 77.031352845296993, 12.767088009880382 ], [ 77.031391925564705, 12.767129007958424 ], [ 77.031666576108961, 12.767417140931604 ], [ 77.031857003049694, 12.767639068834846 ], [ 77.031945872829709, 12.767742529173409 ], [ 77.031963161078224, 12.767762655959935 ], [ 77.031969054583044, 12.7677695190295 ], [ 77.032046324557598, 12.76785939363373 ], [ 77.032058108514846, 12.767869048302209 ], [ 77.032015440337673, 12.767906962730356 ], [ 77.032857541263951, 12.768604596229162 ], [ 77.03311283182309, 12.768829826532594 ], [ 77.033132535627303, 12.768847209746644 ], [ 77.033154200732582, 12.768866323938914 ], [ 77.033184703252658, 12.768893234679444 ], [ 77.033338980621238, 12.768916586561428 ], [ 77.033437239145883, 12.768907562065692 ], [ 77.033462506281751, 12.768905241780098 ], [ 77.033486167165421, 12.768903216744494 ], [ 77.033492779402835, 12.768902650664295 ], [ 77.03399002486691, 12.768860084544681 ], [ 77.034577561760869, 12.769259348932747 ], [ 77.035277283763108, 12.769409647685299 ], [ 77.035490272336716, 12.769455396488594 ], [ 77.035742862092121, 12.769509651478804 ], [ 77.038428140792078, 12.772778368255446 ], [ 77.038893259843576, 12.773344532128609 ], [ 77.039098969957848, 12.773594931195245 ], [ 77.039296937589356, 12.773820318465633 ], [ 77.039327099536322, 12.773844910969473 ], [ 77.039394429596967, 12.7738998078559 ], [ 77.03981317087586, 12.774241223059782 ], [ 77.042170592273536, 12.776163284957891 ], [ 77.043687189000366, 12.777414346944798 ], [ 77.043704182944012, 12.77742836464745 ], [ 77.043938173673368, 12.777621384672177 ], [ 77.044103283368543, 12.777373157300561 ], [ 77.044104044182319, 12.777368262040664 ], [ 77.044500492836946, 12.774872608344291 ], [ 77.045160084322589, 12.772035374370766 ], [ 77.045198573160278, 12.771869812914595 ], [ 77.045560520219539, 12.770312879170818 ], [ 77.045593710340199, 12.770167099691676 ], [ 77.04626018795237, 12.767151038707221 ], [ 77.046696107626957, 12.765081558437458 ], [ 77.046679420514764, 12.764998909329773 ], [ 77.046727508004253, 12.764968764843392 ], [ 77.046734963579723, 12.764964090633251 ], [ 77.046610490721974, 12.764851198260024 ], [ 77.046586843323311, 12.76456144683999 ], [ 77.046612212529439, 12.763550962375238 ], [ 77.046593509402243, 12.763497305338037 ], [ 77.046533923523327, 12.763282557367154 ], [ 77.046510011299205, 12.762959928993215 ], [ 77.046561841619209, 12.762588889235118 ], [ 77.046634305814962, 12.761754392138762 ], [ 77.046665742650319, 12.760740871791008 ], [ 77.046747445000435, 12.760297864326565 ], [ 77.046802889251552, 12.759831028321068 ], [ 77.046838586382876, 12.759726016332275 ], [ 77.047021788900224, 12.759226746684446 ], [ 77.047105481626744, 12.759031313557523 ], [ 77.047743094045558, 12.758949853238262 ], [ 77.047775940259569, 12.75891444766425 ], [ 77.047846376632819, 12.758797210454368 ], [ 77.047898347347768, 12.758716463029094 ], [ 77.04775404968295, 12.758168219717941 ], [ 77.047758110060798, 12.758000186712476 ], [ 77.047875169785925, 12.757773548182106 ], [ 77.048004378322318, 12.757361258332846 ], [ 77.048053337854014, 12.757148539586854 ], [ 77.048071912609331, 12.756792582981696 ], [ 77.048077691176189, 12.75654193900435 ], [ 77.048362975203702, 12.756392428668741 ], [ 77.048575831210215, 12.756203308206693 ], [ 77.048795526945398, 12.755895529211783 ], [ 77.048984267690287, 12.755373738593825 ], [ 77.049150832032964, 12.754760296649076 ], [ 77.049226486760617, 12.754413941085513 ], [ 77.04932645780967, 12.754122633164252 ], [ 77.049036507612911, 12.753056010431116 ], [ 77.049074275934899, 12.75275442462873 ], [ 77.049160352811271, 12.752552895913773 ], [ 77.049213562437416, 12.751899682514667 ], [ 77.049382426453775, 12.75108775193261 ], [ 77.049665118196444, 12.750798615360322 ], [ 77.049795071524159, 12.750600631653231 ], [ 77.049878769011642, 12.750406294479783 ], [ 77.049962844361303, 12.749956094532733 ], [ 77.049899688072202, 12.749373128362288 ], [ 77.049780703464322, 12.749202077426856 ], [ 77.049634543119637, 12.748991957734987 ], [ 77.049250747695112, 12.748440213643246 ], [ 77.049435626899239, 12.748269940458369 ], [ 77.049308176229275, 12.748061207310512 ], [ 77.049274123872365, 12.748005438804677 ], [ 77.049233052637177, 12.74793817549685 ], [ 77.049225538131211, 12.747925959724256 ], [ 77.049172154654784, 12.747839269629099 ], [ 77.049114722297546, 12.747746666842225 ], [ 77.049412818466337, 12.747730078833397 ], [ 77.052090107515511, 12.749472618618798 ], [ 77.052425092305043, 12.749558670042886 ], [ 77.052455632704934, 12.749566515286634 ], [ 77.052672614251819, 12.749622253874623 ], [ 77.053980256296953, 12.750522281671513 ], [ 77.053980524179465, 12.750522504626582 ], [ 77.055188139846095, 12.751529221155947 ], [ 77.055386972969245, 12.751707662615107 ], [ 77.056494847206935, 12.752701908801175 ], [ 77.056694049594014, 12.752689629389067 ], [ 77.056694636717481, 12.752689593188904 ], [ 77.056696491951072, 12.75268947843545 ], [ 77.057005155077874, 12.752670451799599 ], [ 77.057084167335518, 12.752665581075092 ], [ 77.057361462495507, 12.752648487283691 ], [ 77.057489574039323, 12.752640589857096 ], [ 77.057526906442419, 12.7526697907117 ], [ 77.057671884008982, 12.752783186431344 ], [ 77.058221339530988, 12.752600459367446 ], [ 77.058897742863707, 12.752410103434274 ], [ 77.059748572804708, 12.752336666946418 ], [ 77.060057705178608, 12.752483131998302 ], [ 77.060067751825045, 12.75248789241401 ], [ 77.060125819024194, 12.752515403903569 ], [ 77.060137949869514, 12.752521152146311 ], [ 77.060461592522373, 12.75267449141254 ], [ 77.060555121632532, 12.752718803746841 ], [ 77.060499013732766, 12.752828541581048 ], [ 77.060262336595287, 12.753291440286054 ], [ 77.060112957125682, 12.753583598363953 ], [ 77.060074740686744, 12.75444440000825 ], [ 77.060255961671942, 12.754820539221772 ], [ 77.06027356876119, 12.754857084567202 ], [ 77.06047025497179, 12.755265322818094 ], [ 77.060735144057503, 12.755998734904363 ], [ 77.061129835051176, 12.756189062405825 ], [ 77.062318894110561, 12.756469296962836 ], [ 77.062366228735144, 12.756480453126972 ], [ 77.063195369403502, 12.756362772369036 ], [ 77.063695891996886, 12.75689609046184 ], [ 77.064539558678547, 12.756771327585291 ], [ 77.064545577861622, 12.756770468983175 ], [ 77.066152174826755, 12.757508712265937 ], [ 77.06617768057302, 12.757764941327617 ], [ 77.066675329362809, 12.758086461164341 ], [ 77.066686652026945, 12.758093776148424 ], [ 77.066723204262445, 12.758117391805822 ], [ 77.067198589353083, 12.758424524229905 ], [ 77.067248253641822, 12.758514897803433 ], [ 77.067543501024034, 12.759052152661557 ], [ 77.067825055013941, 12.75952948236182 ], [ 77.068149276168967, 12.759355048717294 ], [ 77.068187505434565, 12.759334480966377 ], [ 77.068243976602162, 12.759304099337122 ], [ 77.068245432502607, 12.759307752657806 ], [ 77.068914930771314, 12.758965867048554 ], [ 77.068867953086553, 12.758875677100209 ], [ 77.069793816929305, 12.758646452683193 ], [ 77.069791732174195, 12.758571805519184 ], [ 77.07056103956343, 12.758203242779009 ], [ 77.070579072626543, 12.758194603474466 ], [ 77.070754979745288, 12.758110328188822 ], [ 77.070657674813063, 12.757922009650043 ], [ 77.071600040676586, 12.757245903361282 ], [ 77.07161020259413, 12.756700752204015 ], [ 77.072001445212194, 12.756664402090795 ], [ 77.072189812632956, 12.756040196977802 ], [ 77.072659294946405, 12.7555844912191 ], [ 77.072648083148991, 12.755389134868125 ], [ 77.072691804034221, 12.754958751071648 ], [ 77.073139968950912, 12.753695916719982 ], [ 77.073271752677499, 12.753333908616733 ], [ 77.073380336504599, 12.753083899054641 ], [ 77.073386796602151, 12.753069023249312 ], [ 77.073662115283312, 12.752435108164647 ], [ 77.073695318358375, 12.752368585576949 ], [ 77.073724105039773, 12.752310911916476 ], [ 77.073752870866016, 12.752253279086949 ], [ 77.073952882420926, 12.751852553002536 ], [ 77.07401315299893, 12.751723949968202 ], [ 77.07462366568376, 12.750438766298775 ], [ 77.075348543507189, 12.748919347779259 ], [ 77.075349432291503, 12.748891585736336 ], [ 77.075664681995846, 12.748239205413263 ], [ 77.075764170357559, 12.748029221631318 ], [ 77.075996843499041, 12.747564591843995 ], [ 77.076125295227797, 12.747294275815866 ], [ 77.076520512522976, 12.746462574140191 ], [ 77.076635529878047, 12.746220528854836 ], [ 77.076703158810261, 12.746045140304185 ], [ 77.078184879180569, 12.74659882083197 ], [ 77.078469372289533, 12.746705126799338 ], [ 77.078864700950533, 12.746852848358529 ], [ 77.079721404368144, 12.747172968326009 ], [ 77.079871666941301, 12.747229115657213 ], [ 77.079846491422458, 12.747302039170593 ], [ 77.080032130688721, 12.747328110658597 ], [ 77.080399539810301, 12.747379709790904 ], [ 77.080843766807817, 12.74744209650272 ], [ 77.080884027456662, 12.747360836444173 ], [ 77.081055571097238, 12.747014602906297 ], [ 77.081373618460063, 12.746373314043385 ], [ 77.081930914194828, 12.74525358683181 ], [ 77.081932650735382, 12.744286160090724 ], [ 77.081933790463964, 12.743732586283135 ], [ 77.081934014600307, 12.743631094647755 ], [ 77.081953616398451, 12.738746684772426 ], [ 77.081939401873598, 12.738688887217497 ], [ 77.081925882412378, 12.73863390388258 ], [ 77.081791354710703, 12.738086882170329 ], [ 77.081786575628598, 12.738045952003347 ], [ 77.081772240356969, 12.737923175944291 ], [ 77.081757342557822, 12.737795659633761 ], [ 77.081806928282305, 12.737474141880497 ], [ 77.081822519559651, 12.737365570440081 ], [ 77.081830860343189, 12.73730746616544 ], [ 77.081736538181104, 12.737016278861383 ], [ 77.081664123363439, 12.736792237488254 ], [ 77.081660317288041, 12.736780492504204 ], [ 77.081574207095201, 12.736455166483305 ], [ 77.081510919525201, 12.736216079027066 ], [ 77.08147314685597, 12.736103781842019 ], [ 77.081432544450749, 12.735983058670223 ], [ 77.081421300864363, 12.735952854388886 ], [ 77.081153869040818, 12.735234419474121 ], [ 77.081109301795905, 12.735114711563286 ], [ 77.08110218725399, 12.735091601741448 ], [ 77.080928317901623, 12.73452682687728 ], [ 77.080926886116274, 12.734522176602928 ], [ 77.080925878406646, 12.734515905285418 ], [ 77.080779192015655, 12.733601446124618 ], [ 77.080704608082684, 12.733136390692149 ], [ 77.080700573015605, 12.733111230432023 ], [ 77.080701692677451, 12.733093081597568 ], [ 77.080703195941851, 12.73306891439997 ], [ 77.080781380269315, 12.732157326184367 ], [ 77.080839847598213, 12.731424750145129 ], [ 77.080853766776144, 12.731404352490463 ], [ 77.080856827166997, 12.731399866629424 ], [ 77.080876436803692, 12.731371126931972 ], [ 77.080915218469656, 12.731314288116852 ], [ 77.080935542208891, 12.731284497166859 ], [ 77.080991553966413, 12.731274798869455 ], [ 77.081010836819132, 12.731271459767051 ], [ 77.081079129508069, 12.731259707392335 ], [ 77.081460222476892, 12.731194123075515 ], [ 77.081583743300357, 12.731173117557276 ], [ 77.081661394739427, 12.731159982823478 ], [ 77.081656988637519, 12.731147910865513 ], [ 77.081372454935533, 12.730368355545663 ], [ 77.081365664568835, 12.730349751957759 ], [ 77.081362066572709, 12.730334717477302 ], [ 77.081335041340907, 12.73022170478132 ], [ 77.081291379628624, 12.730039175524276 ], [ 77.081288848102375, 12.730028589038799 ], [ 77.080912156688768, 12.728453489933363 ], [ 77.080873809137003, 12.728292810229568 ], [ 77.080872760637817, 12.728288417215095 ], [ 77.080814047896666, 12.728042341484835 ], [ 77.080616270875865, 12.727214141524499 ], [ 77.080515584010712, 12.726792968785372 ], [ 77.080514127560249, 12.726787881278412 ], [ 77.080400886684998, 12.726392440087215 ], [ 77.080400878201161, 12.726392415752638 ], [ 77.080399018308597, 12.726388317403487 ], [ 77.080393148060622, 12.726375386591995 ], [ 77.080222052314014, 12.725998143042144 ], [ 77.080053293161683, 12.72562637573931 ], [ 77.080051977419572, 12.725621832986286 ], [ 77.080040112110851, 12.725580872479027 ], [ 77.079879587688936, 12.725027247564526 ], [ 77.079870299708659, 12.724995159690497 ], [ 77.079869381185958, 12.724989314224855 ], [ 77.079767684168857, 12.724342378668736 ], [ 77.079684290493248, 12.723811962439807 ], [ 77.079681917357533, 12.723801022209891 ], [ 77.079612372277495, 12.723480395639868 ], [ 77.079564539186194, 12.723259832494984 ], [ 77.079553136863552, 12.723248779688609 ], [ 77.079439952158339, 12.723138792678661 ], [ 77.079439157643392, 12.723133136925991 ], [ 77.07937741708686, 12.722691242583483 ], [ 77.079376518499927, 12.722684789636229 ], [ 77.079365775456651, 12.722607630501601 ], [ 77.079365522635626, 12.722597726488315 ], [ 77.079359843042397, 12.722375126062699 ], [ 77.079352239607218, 12.722052514642407 ], [ 77.079355390133912, 12.722044069678272 ], [ 77.079366448031479, 12.722014425751906 ], [ 77.079385867057439, 12.721962215543178 ], [ 77.07941223418473, 12.721891405854775 ], [ 77.079406120869606, 12.721891898486584 ], [ 77.079167099344843, 12.721912903363618 ], [ 77.079142757562821, 12.721915111582923 ], [ 77.079046437056491, 12.721924160354176 ], [ 77.078985578211075, 12.721929877923277 ], [ 77.07894746542452, 12.721933458545735 ], [ 77.078947429670933, 12.721933476901324 ], [ 77.078904629551118, 12.721948063114002 ], [ 77.078697735439164, 12.722011222105037 ], [ 77.078657408009377, 12.72182703710992 ], [ 77.078517328060272, 12.721778750825106 ], [ 77.078511437162462, 12.721774901883659 ], [ 77.078507603919306, 12.721759761612963 ], [ 77.078494861602607, 12.721709390769542 ], [ 77.07847864832695, 12.721645295697877 ], [ 77.078545364173721, 12.720896788999815 ], [ 77.078550663330063, 12.720837338514357 ], [ 77.078530236038603, 12.720796356465742 ], [ 77.07840801398369, 12.720551142865208 ], [ 77.078221400804054, 12.720275606451441 ], [ 77.078104589695329, 12.720103132802647 ], [ 77.078006482315004, 12.719893107962505 ], [ 77.077970252138215, 12.719815548485771 ], [ 77.077878413014773, 12.719450051018203 ], [ 77.077873412507728, 12.719414879213721 ], [ 77.077816854423489, 12.71901706071078 ], [ 77.077798369967368, 12.718887163197499 ], [ 77.077795873462321, 12.718829474689901 ], [ 77.077743809208329, 12.717626254396874 ], [ 77.077742610637401, 12.717610188782693 ], [ 77.07773632052097, 12.717525910036686 ], [ 77.077708794146261, 12.717157095557528 ], [ 77.077597231030566, 12.716915987370585 ], [ 77.077461007017305, 12.716621583934053 ], [ 77.07736762700047, 12.716303777200967 ], [ 77.077365575337993, 12.716296795540206 ], [ 77.077356783561896, 12.716266875290236 ], [ 77.077272134094727, 12.715978781348948 ], [ 77.07721477563797, 12.715783570645527 ], [ 77.077139808267376, 12.715528428302658 ], [ 77.077105346090278, 12.715423628294634 ], [ 77.077037884862747, 12.715218473180995 ], [ 77.076682833623479, 12.714138739356864 ], [ 77.076426818257218, 12.713569164718924 ], [ 77.076406311950961, 12.713505301788658 ], [ 77.076313069482495, 12.713214922042072 ], [ 77.076278176226225, 12.713106255326803 ], [ 77.07625653194394, 12.713038849541473 ], [ 77.076236263767285, 12.71297573031325 ], [ 77.076240602280549, 12.712925537210905 ], [ 77.076245422067558, 12.712869771421268 ], [ 77.076251577183328, 12.712798550056824 ], [ 77.076261141064236, 12.712687899324649 ], [ 77.076261591261115, 12.712682693803929 ], [ 77.076241461066772, 12.712631451498257 ], [ 77.076216201272359, 12.712567150388631 ], [ 77.076279680043115, 12.712376586094253 ], [ 77.076265439166789, 12.712317246135754 ], [ 77.076210063081632, 12.712086492927302 ], [ 77.076172187483479, 12.712026992827141 ], [ 77.076121899934307, 12.711947993873041 ], [ 77.076053660740811, 12.711840795637581 ], [ 77.076006885845686, 12.711767315467037 ], [ 77.075739140388961, 12.711346704620919 ], [ 77.075733889971914, 12.711287604197663 ], [ 77.075684256513156, 12.710728920027888 ], [ 77.075573290936234, 12.709362113480569 ], [ 77.07557027558066, 12.709324753373798 ], [ 77.07555311343836, 12.709225301449989 ], [ 77.075533610701413, 12.70911228896615 ], [ 77.075404645278311, 12.708364956238855 ], [ 77.075396987844584, 12.708344054538681 ], [ 77.075382202072234, 12.708303697518588 ], [ 77.075378799473256, 12.7082943685046 ], [ 77.075344383875247, 12.70820036925228 ], [ 77.075290683309404, 12.708053699299358 ], [ 77.075288329934295, 12.708047292940925 ], [ 77.075135940184452, 12.707591232818045 ], [ 77.075028751298092, 12.707270433248745 ], [ 77.0749857514718, 12.707141671348726 ], [ 77.074915322092053, 12.706930770485256 ], [ 77.074794212595165, 12.706568690471594 ], [ 77.07474554618021, 12.706446387660746 ], [ 77.074737623485291, 12.706426472184491 ], [ 77.07467945758502, 12.70628028608197 ], [ 77.074658855497603, 12.706228507664754 ], [ 77.074371975046759, 12.705507507030665 ], [ 77.074339878836923, 12.705426854081601 ], [ 77.074332851021779, 12.705369959948236 ], [ 77.074268739737718, 12.704850932526609 ], [ 77.074268734930044, 12.704850907259127 ], [ 77.074067990396856, 12.704305408108596 ], [ 77.07397745009564, 12.703714098858754 ], [ 77.07397365412686, 12.70370721211339 ], [ 77.073920196368334, 12.703610417837911 ], [ 77.073835908451414, 12.703457798422798 ], [ 77.073806739767676, 12.703402761935005 ], [ 77.073763118599231, 12.703320458309889 ], [ 77.073742698692328, 12.702933323402158 ], [ 77.073738453351226, 12.702812797672326 ], [ 77.073727330220478, 12.702496062963249 ], [ 77.07372445222299, 12.702415077507631 ], [ 77.073724667313158, 12.702402439543572 ], [ 77.073725973018441, 12.702325643720423 ], [ 77.073725973711717, 12.702325615698641 ], [ 77.073748066107953, 12.701825242499536 ], [ 77.07375365391465, 12.701802569734642 ], [ 77.073773374389873, 12.701722561723946 ], [ 77.073782698434172, 12.701684886364111 ], [ 77.073813389293122, 12.701560449930028 ], [ 77.073781417082301, 12.701526311119313 ], [ 77.07373236586082, 12.701473935200761 ], [ 77.073632259704667, 12.701074499363502 ], [ 77.073635335868858, 12.70092609522737 ], [ 77.073636269559273, 12.700880492650652 ], [ 77.073630310963267, 12.700777513103246 ], [ 77.073626983800466, 12.700720016989115 ], [ 77.073562083667525, 12.700550745029506 ], [ 77.073535484340766, 12.700468991476523 ], [ 77.07350180452552, 12.700365451329109 ], [ 77.073489311949757, 12.700327044525213 ], [ 77.07339513859344, 12.699845159609824 ], [ 77.073360217515742, 12.699587229084404 ], [ 77.073348885941016, 12.699503533310528 ], [ 77.073344648605669, 12.699467169537133 ], [ 77.073339163084398, 12.699420134952064 ], [ 77.073330415401728, 12.699345181783102 ], [ 77.073262223689397, 12.698760883622203 ], [ 77.073258653740268, 12.698730308594913 ], [ 77.073247386872779, 12.698633798870903 ], [ 77.07325277598521, 12.698633285909997 ], [ 77.073291532056842, 12.698629630178864 ], [ 77.073308128140567, 12.698628065349506 ], [ 77.07335148784108, 12.698623975085216 ], [ 77.07334597973194, 12.698562451687351 ], [ 77.073268455446694, 12.697696490085177 ], [ 77.073266073456637, 12.697669948265009 ], [ 77.073270569753845, 12.697122117036196 ], [ 77.073306614330676, 12.697100128176436 ], [ 77.073322626507505, 12.697090360027415 ], [ 77.073324655644427, 12.697061781026271 ], [ 77.073327711841941, 12.697018750203107 ], [ 77.073332935188347, 12.696945201651788 ], [ 77.073332898385161, 12.696945203746813 ], [ 77.073369556968871, 12.696897781156737 ], [ 77.073369520151019, 12.696897781444376 ], [ 77.073295930257075, 12.696902641048794 ], [ 77.07323650504614, 12.696908746514918 ], [ 77.073237745855948, 12.69688307291463 ], [ 77.073253622453805, 12.696553760045294 ], [ 77.073191483795696, 12.696515239420894 ], [ 77.073175661298251, 12.696141183460066 ], [ 77.073161620167923, 12.695809393904325 ], [ 77.073150606530163, 12.695549156220967 ], [ 77.073164521794268, 12.695488162508099 ], [ 77.073196598691354, 12.695347559822618 ], [ 77.073206320875215, 12.695304945073387 ], [ 77.073223286009366, 12.695230580895073 ], [ 77.073221621839608, 12.695120513911281 ], [ 77.073215082003827, 12.694688066143238 ], [ 77.073232396400883, 12.694456409839413 ], [ 77.073238235277628, 12.694378270824322 ], [ 77.073255117378125, 12.694152335950477 ], [ 77.073255122200834, 12.694152022310071 ], [ 77.073257066568871, 12.694017773397539 ], [ 77.07325727800891, 12.69400319780379 ], [ 77.073258791663136, 12.693899063541249 ], [ 77.073261541596636, 12.693658035182047 ], [ 77.073263106667113, 12.693521616603064 ], [ 77.073265195300934, 12.693339840828843 ], [ 77.073210176452605, 12.693063502061017 ], [ 77.073195969568744, 12.692992144111695 ], [ 77.07317792458997, 12.692901511938731 ], [ 77.073135034262933, 12.692686064660229 ], [ 77.073118680487426, 12.69237388102605 ], [ 77.07311311637649, 12.692267665539704 ], [ 77.073113105488474, 12.69226745776119 ], [ 77.073112826726017, 12.692262135016442 ], [ 77.073111487500668, 12.692236578259125 ], [ 77.073110569671002, 12.692219066145059 ], [ 77.073109679156829, 12.692202085225299 ], [ 77.073159735623747, 12.69215963360781 ], [ 77.073218361839665, 12.692109913945574 ], [ 77.073319527324315, 12.692080636670529 ], [ 77.073415139806741, 12.692052989720905 ], [ 77.073537904577393, 12.692017593363495 ], [ 77.073683758819641, 12.691942668052585 ], [ 77.07370698725245, 12.691930736007183 ], [ 77.07371941815066, 12.691920252063783 ], [ 77.073801008410626, 12.691851440965946 ], [ 77.07385207589121, 12.691808371312401 ], [ 77.073940476957802, 12.691725614472151 ], [ 77.073976161315883, 12.691692208610965 ], [ 77.074002763103067, 12.691667304819569 ], [ 77.074193257299981, 12.69148897096864 ], [ 77.074218782876031, 12.691465074217424 ], [ 77.074398923483088, 12.691377520080248 ], [ 77.074262989521912, 12.691208327522434 ], [ 77.074250740097199, 12.690768703524014 ], [ 77.074174562074248, 12.689786384741303 ], [ 77.074151966687253, 12.68973703280485 ], [ 77.074109814807358, 12.689644963141646 ], [ 77.073988364238076, 12.689364465537617 ], [ 77.073928419517628, 12.689226020369716 ], [ 77.07381200943091, 12.688957164277435 ], [ 77.073955395471273, 12.688950681581398 ], [ 77.074007377988806, 12.688948588279516 ], [ 77.074036091849948, 12.688678944937061 ], [ 77.074066204198544, 12.68839616002785 ], [ 77.074101938234094, 12.688060591731174 ], [ 77.074124362312347, 12.687850009052918 ], [ 77.074125941284649, 12.687776204283223 ], [ 77.074126925788264, 12.68773104955079 ], [ 77.074126925114697, 12.687730966410667 ], [ 77.074126933260374, 12.687730608460368 ], [ 77.074123955601848, 12.687674262755758 ], [ 77.074127323830453, 12.687542949876773 ], [ 77.074134607064664, 12.687258963229411 ], [ 77.07413338440405, 12.687257906348076 ], [ 77.074171504649172, 12.687078269447152 ], [ 77.07435317279689, 12.686411928808937 ], [ 77.074359620424573, 12.686198870814497 ], [ 77.074349503427896, 12.686027855596592 ], [ 77.074424557047294, 12.685663587888646 ], [ 77.074423542729846, 12.685606328520656 ], [ 77.074507557276817, 12.685157121081067 ], [ 77.074526054914472, 12.685006584685777 ], [ 77.07448566394801, 12.683768265157534 ], [ 77.074485523836358, 12.683733923588401 ], [ 77.074485307051788, 12.683680685115524 ], [ 77.074545530679146, 12.68366875973401 ], [ 77.074655683476379, 12.683646946860536 ], [ 77.075545764819978, 12.683470689415941 ], [ 77.075584543327238, 12.683463277512621 ], [ 77.075581881177897, 12.683381707423967 ], [ 77.075585145116605, 12.68338114057426 ], [ 77.075585059275795, 12.683380316117772 ], [ 77.075576902737566, 12.683302355168292 ], [ 77.075553116442038, 12.683074982134034 ], [ 77.075538778819165, 12.682937925110091 ], [ 77.07550932446901, 12.682656368397021 ], [ 77.075495887470353, 12.682566718865822 ], [ 77.075454202588773, 12.682288601561231 ], [ 77.07543734538298, 12.682176135453926 ], [ 77.075431537195172, 12.682137381767474 ], [ 77.075375397089701, 12.681864856799855 ], [ 77.075324307251392, 12.681864362063388 ], [ 77.075297449939256, 12.681864532987561 ], [ 77.075114851485807, 12.681865693509716 ], [ 77.074839363314581, 12.681867444670786 ], [ 77.074717188011249, 12.681869326003342 ], [ 77.074597662636648, 12.68187177131715 ], [ 77.074574259504431, 12.681872479139216 ], [ 77.074481327015576, 12.681875289733433 ], [ 77.074449292114423, 12.681876818672452 ], [ 77.074420817401077, 12.681876402043617 ], [ 77.074354778216914, 12.681876438664336 ], [ 77.074310354917088, 12.681817379905707 ], [ 77.074298069449767, 12.681210173566919 ], [ 77.074284653983213, 12.680965457516642 ], [ 77.074282473592845, 12.68092569216604 ], [ 77.074287320863903, 12.680840125703671 ], [ 77.074304355228705, 12.68053943377492 ], [ 77.074302571680022, 12.68051821127314 ], [ 77.074297344463673, 12.680456032191296 ], [ 77.074292647497401, 12.680399999923136 ], [ 77.074289635698605, 12.680364066654153 ], [ 77.07428692147468, 12.680330440154938 ], [ 77.074282410634453, 12.680274544706954 ], [ 77.074269367356408, 12.680112940424097 ], [ 77.074263536821164, 12.680040700931828 ], [ 77.074254790112079, 12.679896476647579 ], [ 77.074251462031143, 12.679841599531759 ], [ 77.074244634787803, 12.679729016978406 ], [ 77.074237801238553, 12.67961633596313 ], [ 77.074239207492823, 12.679445222536408 ], [ 77.07423328315555, 12.679411525291298 ], [ 77.074220534038062, 12.679339096684549 ], [ 77.074186056217997, 12.679143217588189 ], [ 77.074168501715747, 12.67904364063477 ], [ 77.07412240971891, 12.678747913153188 ], [ 77.074110049022408, 12.678670242430444 ], [ 77.074108911855063, 12.678663140563046 ], [ 77.074090624503128, 12.678548976382865 ], [ 77.074088147585016, 12.678533510779319 ], [ 77.074098220865039, 12.678529191743705 ], [ 77.074300107552631, 12.678465045462559 ], [ 77.074300132635486, 12.678464960313848 ], [ 77.074393597558668, 12.678152335997899 ], [ 77.07452575509754, 12.678114420372625 ], [ 77.074553734861297, 12.678106393521304 ], [ 77.074546715501256, 12.678008615975811 ], [ 77.074535556755166, 12.677853177757044 ], [ 77.074526732202457, 12.677730245635733 ], [ 77.075084510465246, 12.677530752513739 ], [ 77.075721306865319, 12.677378871861139 ], [ 77.075782749514858, 12.677135175511459 ], [ 77.07591172232722, 12.677130530570278 ], [ 77.075957909903295, 12.677128866597741 ], [ 77.076042547546692, 12.677108453952902 ], [ 77.076281335036867, 12.677050864090715 ], [ 77.07637716802337, 12.677027751136453 ], [ 77.076747713356411, 12.677084667359031 ], [ 77.076880257686568, 12.677093012614487 ], [ 77.077754421274321, 12.677123354286364 ], [ 77.077922588508869, 12.6771197214439 ], [ 77.07825804927127, 12.677108124260046 ], [ 77.078267590797608, 12.677087399804174 ], [ 77.078289862193628, 12.677039025808563 ], [ 77.078318877480456, 12.676976001663808 ], [ 77.078324548669755, 12.676963684355457 ], [ 77.078373866170935, 12.676972190727902 ], [ 77.078451917350506, 12.676985653604769 ], [ 77.078469662286508, 12.676988714120546 ], [ 77.078470938847317, 12.676986095003754 ], [ 77.078473422898853, 12.676989362526216 ], [ 77.078542693792144, 12.677001311567741 ], [ 77.078687796373814, 12.677026339485924 ], [ 77.078792555090388, 12.67703995668351 ], [ 77.078940633949202, 12.677059374180441 ], [ 77.078889386190625, 12.676754637495911 ], [ 77.078797412511278, 12.67622378140576 ], [ 77.078876869990339, 12.676194485698733 ], [ 77.078910611883302, 12.676182910426077 ], [ 77.079277254712878, 12.676057133108136 ], [ 77.079293094155702, 12.67605302907532 ], [ 77.079851563319139, 12.675908320588647 ], [ 77.080233236368642, 12.675849870556711 ], [ 77.080315068066824, 12.675837338548067 ], [ 77.080413876032026, 12.675812444981061 ], [ 77.0805326421182, 12.675782522134135 ], [ 77.080586021542686, 12.675769074022453 ], [ 77.080648668123587, 12.675753626562125 ], [ 77.080649314806223, 12.675753466958561 ], [ 77.080675742492389, 12.675746950095807 ], [ 77.080747660337238, 12.675729216752526 ], [ 77.08074765967902, 12.675728795609464 ], [ 77.081199421096088, 12.675608315201421 ], [ 77.08124572004472, 12.675597639985213 ], [ 77.081793798530228, 12.675471273878431 ], [ 77.082158708559149, 12.675396546732211 ], [ 77.08219812079804, 12.675388475690594 ], [ 77.082193113811996, 12.675369457519286 ], [ 77.082541870989957, 12.675282040325753 ], [ 77.083075392211953, 12.675148309988252 ], [ 77.083124416677165, 12.67513767908294 ], [ 77.083916071390263, 12.674966006398565 ], [ 77.083975163959664, 12.674953191583199 ], [ 77.085579618153346, 12.674845424442294 ], [ 77.08584012591146, 12.674807086784572 ], [ 77.085936725869743, 12.674792871051407 ], [ 77.087719898490974, 12.674530446561784 ], [ 77.087806239491243, 12.674514347807756 ], [ 77.088015345865585, 12.674475358943276 ], [ 77.088031730142987, 12.674472303913822 ], [ 77.088146813775822, 12.674452132936533 ], [ 77.088327617806812, 12.674420442502866 ], [ 77.088374528511451, 12.674414444531553 ], [ 77.089687970557407, 12.674253144706361 ], [ 77.09001879495041, 12.674212975179508 ], [ 77.090477401569899, 12.674161133512301 ], [ 77.090856733131773, 12.674118252568432 ], [ 77.091547936424078, 12.674040115184772 ], [ 77.091547965845862, 12.674040111338309 ], [ 77.091741920196512, 12.674020553745255 ], [ 77.092518963895472, 12.673942198474192 ], [ 77.092794043400787, 12.673914459803099 ], [ 77.092922367262247, 12.673901519217971 ], [ 77.092978067000658, 12.673895903140243 ], [ 77.092988659566359, 12.673894834661899 ], [ 77.09450782241889, 12.673741636248662 ], [ 77.095299291568807, 12.673654618145196 ], [ 77.09566035711515, 12.673614920144519 ], [ 77.0961947211905, 12.673556167201594 ], [ 77.096236906045107, 12.673551529137871 ], [ 77.097068735390465, 12.67346006842199 ], [ 77.09716151178182, 12.673449867147189 ], [ 77.097544210364461, 12.673407788170559 ], [ 77.097714697549293, 12.67338904231533 ], [ 77.098187941177443, 12.673337006298841 ], [ 77.098469966571813, 12.673305996113209 ], [ 77.098597911100754, 12.673291927090279 ], [ 77.098732182302712, 12.673277162790818 ], [ 77.098733518448057, 12.673277015777741 ], [ 77.098750549025723, 12.673275143435305 ], [ 77.098868702764577, 12.673262151117589 ], [ 77.099070756167251, 12.673240073446667 ], [ 77.099093252859973, 12.673237619294358 ], [ 77.09909723925, 12.673237183846306 ], [ 77.099142763228286, 12.673232217121456 ], [ 77.099148837998356, 12.673231554611167 ], [ 77.09918254349175, 12.673227877751485 ], [ 77.099424066500248, 12.673201527063434 ], [ 77.099569908190318, 12.672522710844868 ], [ 77.099570106789642, 12.672521786556096 ], [ 77.099578561427151, 12.672482435938862 ], [ 77.099603600808834, 12.672365891380259 ], [ 77.09962335868758, 12.672273927832359 ], [ 77.099645689496057, 12.672169991980137 ], [ 77.099755543084498, 12.67165267486074 ], [ 77.099781097992718, 12.671532335035177 ], [ 77.099785721364981, 12.671510561725562 ], [ 77.100039357867587, 12.670316145510336 ], [ 77.100074087503927, 12.67015259673269 ], [ 77.100080170685047, 12.670123756382901 ], [ 77.100081958617892, 12.670115281432619 ], [ 77.100076066468489, 12.670064069543653 ], [ 77.099970752142951, 12.669159112471579 ], [ 77.099890817313835, 12.668533488503787 ], [ 77.099782285811898, 12.667697341185001 ], [ 77.099745708153606, 12.667429744557621 ], [ 77.099511127484931, 12.665487762562265 ], [ 77.099490637407911, 12.665318131892546 ], [ 77.099485011909252, 12.665271563975089 ], [ 77.099306921487695, 12.663868003360321 ], [ 77.099306593849519, 12.663865418530992 ], [ 77.099235026587863, 12.662345501457745 ], [ 77.099129020676173, 12.660306842614812 ], [ 77.099115345195784, 12.660043831195779 ], [ 77.099030442343079, 12.658410936802209 ], [ 77.099025270957128, 12.658311476392058 ], [ 77.099119687533573, 12.655893543699845 ], [ 77.099123516358148, 12.655807701296364 ], [ 77.099127140556703, 12.655726322285831 ], [ 77.099129667113999, 12.655669291538873 ], [ 77.099132358870733, 12.655608827976726 ], [ 77.099134540705435, 12.655559836935041 ], [ 77.09913760872999, 12.655491139113836 ], [ 77.099139461924011, 12.655449340843383 ], [ 77.099141412147006, 12.65540567738584 ], [ 77.099145166602128, 12.655320530546359 ], [ 77.09914807529681, 12.655255870097776 ], [ 77.099149587558585, 12.655221111962875 ], [ 77.099151606667263, 12.655176305630668 ], [ 77.099152554006338, 12.65515507285056 ], [ 77.099154726381613, 12.655106387348173 ], [ 77.099295413030589, 12.651982560857943 ], [ 77.099296273836813, 12.651960985336295 ], [ 77.099296847077468, 12.651946449530035 ], [ 77.099297609868074, 12.651927519133693 ], [ 77.099298628249258, 12.651902253289974 ], [ 77.099299211721444, 12.651887392959216 ], [ 77.099299894002769, 12.651870322197345 ], [ 77.099301554903263, 12.651828750471928 ], [ 77.09930354562951, 12.651778891532206 ], [ 77.09930530679749, 12.651734837337337 ], [ 77.099308196625159, 12.651662683194184 ], [ 77.099310300808739, 12.651609928670297 ], [ 77.099312731774987, 12.65154952770998 ], [ 77.09931374106084, 12.651524049558072 ], [ 77.099314807009421, 12.651497171964925 ], [ 77.099319872249623, 12.651371180954978 ], [ 77.099323663909047, 12.651276614099517 ], [ 77.099323665535309, 12.651276587878137 ], [ 77.099327238008399, 12.651187743445064 ], [ 77.09933595407837, 12.650970782682551 ], [ 77.099345216829903, 12.65074098807013 ], [ 77.099347209308917, 12.650691566527001 ], [ 77.099347561053492, 12.650689674930655 ], [ 77.0993813042856, 12.65051232223481 ], [ 77.100342946105741, 12.645463028066347 ], [ 77.100587181380007, 12.641013273220576 ], [ 77.100634104696184, 12.640221492751621 ], [ 77.100662526273567, 12.640168510005031 ], [ 77.100677174361849, 12.638924406500342 ], [ 77.100678784555654, 12.638787669207129 ], [ 77.10073000153993, 12.634438224857837 ], [ 77.100765202544324, 12.632523572042505 ], [ 77.100772677952506, 12.632161853050127 ], [ 77.100807511724469, 12.630758115429002 ], [ 77.100879367760626, 12.630307568204621 ], [ 77.100900481041521, 12.630175182386633 ], [ 77.100997655010943, 12.629739536379105 ], [ 77.101129249908084, 12.629149571606863 ], [ 77.10120250791573, 12.628914560709996 ], [ 77.101918639999838, 12.628907977385975 ], [ 77.101958002337554, 12.62890761567431 ], [ 77.102004115341714, 12.628892808646929 ], [ 77.102038227686791, 12.628882537182733 ], [ 77.10242719442985, 12.628765410985755 ], [ 77.102444405326608, 12.628760518020515 ], [ 77.102483149379538, 12.628756234345474 ], [ 77.102627678299612, 12.628740256497981 ], [ 77.102885790469969, 12.628714423399835 ], [ 77.103103598340169, 12.628644087646807 ], [ 77.103207809407195, 12.628610434785031 ], [ 77.10320783711613, 12.62861044721895 ], [ 77.103245190467234, 12.628598714913727 ], [ 77.103500170676369, 12.628518626277483 ], [ 77.103827524914209, 12.628415804117644 ], [ 77.104087337336296, 12.628334197433293 ], [ 77.104383212781158, 12.628240429934955 ], [ 77.104791746122984, 12.628110958355659 ], [ 77.10484510224029, 12.628094048559651 ], [ 77.105339321012821, 12.627938684766836 ], [ 77.105371612459464, 12.627923648301227 ], [ 77.105400157165022, 12.627910356706407 ], [ 77.105431735336879, 12.627895647596327 ], [ 77.105499973638587, 12.627772165811983 ], [ 77.105521606231179, 12.627732878422957 ], [ 77.10554807474054, 12.627684716982314 ], [ 77.105548673183279, 12.627683627768965 ], [ 77.105578076774279, 12.62762989960979 ], [ 77.105826337926246, 12.627645117253506 ], [ 77.105876029926563, 12.627648162789693 ], [ 77.105914424597216, 12.627659130230869 ], [ 77.106782820942939, 12.627907188437421 ], [ 77.107040302268032, 12.627980737209208 ], [ 77.107094441396015, 12.627996201824786 ], [ 77.107507295991709, 12.628114131769374 ], [ 77.107616091897427, 12.628125450951346 ], [ 77.107656447468145, 12.628129649878474 ], [ 77.10771702525625, 12.628135979989002 ], [ 77.108163712755754, 12.628116341710285 ], [ 77.108466101710334, 12.628103047992049 ], [ 77.108588870582366, 12.628097650102697 ], [ 77.108655021082313, 12.628094745816178 ], [ 77.108685898673158, 12.62809339011751 ], [ 77.108739636869885, 12.628091031285692 ], [ 77.108769965230394, 12.628089694379243 ], [ 77.108824369342841, 12.628087295020139 ], [ 77.10891967913409, 12.628083123546046 ], [ 77.10895800984342, 12.628081445901334 ], [ 77.108971461650114, 12.628080856948126 ], [ 77.109010187878496, 12.628079157190282 ], [ 77.109075990650496, 12.628076270913501 ], [ 77.10907893430111, 12.628076135574677 ], [ 77.109761605847964, 12.628064229063053 ], [ 77.109770923758674, 12.628064066796899 ], [ 77.109803689632983, 12.628063494939939 ], [ 77.109898108792436, 12.628061820868428 ], [ 77.109983034371098, 12.628060321271917 ], [ 77.110013902010792, 12.628059776153403 ], [ 77.110561093223055, 12.628050127687816 ], [ 77.110562506503598, 12.628050102949219 ], [ 77.110590265118972, 12.628049614898792 ], [ 77.110616070874443, 12.628022529002997 ], [ 77.11063665979033, 12.628000937543529 ], [ 77.110733068895655, 12.627899833481374 ], [ 77.110950668769092, 12.62796599674189 ], [ 77.111001097455073, 12.627981329930153 ], [ 77.111059066050146, 12.627998955866104 ], [ 77.111629757946559, 12.628224543909667 ], [ 77.111718654141157, 12.628259683296916 ], [ 77.112034050779286, 12.62838435471172 ], [ 77.112369215454521, 12.628394061935531 ], [ 77.112425994689815, 12.628395706230457 ], [ 77.1124795893071, 12.628438293358824 ], [ 77.112511174568027, 12.628463391237727 ], [ 77.112537570546991, 12.628449707452946 ], [ 77.11256403525411, 12.628435988779602 ], [ 77.112573620129012, 12.628431020030307 ], [ 77.112620225958295, 12.628406868140971 ], [ 77.112625006491669, 12.628404391089695 ], [ 77.112664237715165, 12.628402224083176 ], [ 77.112758821039279, 12.628397014970911 ], [ 77.112881526942942, 12.628390256371825 ], [ 77.11290048444522, 12.628389212405857 ], [ 77.112920152961692, 12.628388128464277 ], [ 77.11295450089969, 12.628386236877752 ], [ 77.112959618781062, 12.628385955037919 ], [ 77.112972126496842, 12.628385265815506 ], [ 77.113013954414726, 12.628382962509724 ], [ 77.113232508832468, 12.628398657831248 ], [ 77.11329196541719, 12.62840292777487 ], [ 77.113433036220215, 12.628413057960104 ], [ 77.113452181989601, 12.628414432671157 ], [ 77.113540491206038, 12.628420774857087 ], [ 77.113586877124021, 12.628420609735556 ], [ 77.113722283184444, 12.628420128689344 ], [ 77.114028436818828, 12.628419039922932 ], [ 77.114107502110755, 12.628418758493224 ], [ 77.114178845680982, 12.628421834172125 ], [ 77.114325532668005, 12.628428158914053 ], [ 77.114468043050238, 12.628434302497846 ], [ 77.114565809512996, 12.628438517886002 ], [ 77.114604552289308, 12.628440188117565 ], [ 77.114712882919818, 12.628444722766165 ], [ 77.114963237304892, 12.628455201202794 ], [ 77.115087304761872, 12.62846039355172 ], [ 77.115128911135031, 12.628460699854035 ], [ 77.115280714105467, 12.628461816834331 ], [ 77.115400580192286, 12.628462698095035 ], [ 77.115429109413014, 12.628460133867543 ], [ 77.115432762803081, 12.6284598048523 ], [ 77.115991081184617, 12.628426085285952 ], [ 77.116110929191507, 12.628418847210932 ], [ 77.116222950848538, 12.628406383419433 ], [ 77.116517204471478, 12.628373643402867 ], [ 77.116888350437932, 12.628332347197752 ], [ 77.11707599014089, 12.628311469222675 ], [ 77.11709348133293, 12.628309157814416 ], [ 77.117379133380808, 12.628271413388648 ], [ 77.117410457197337, 12.628267274154236 ], [ 77.11744535040161, 12.628262663750951 ], [ 77.117449520967099, 12.628262112803142 ], [ 77.117555973283842, 12.628248770872588 ], [ 77.117555094902769, 12.628209248480148 ], [ 77.117553724858993, 12.628147558661661 ], [ 77.1175522038358, 12.628103413343993 ], [ 77.117548116447821, 12.627984829677645 ], [ 77.117537009652267, 12.627662556493245 ], [ 77.117538149975942, 12.627583754403622 ], [ 77.117539877676649, 12.627464399773622 ], [ 77.117540813755596, 12.627322655970277 ], [ 77.117541405921131, 12.627233043234028 ], [ 77.117545375027007, 12.627232502923821 ], [ 77.1180232310614, 12.627167447726132 ], [ 77.118072812147389, 12.627158734269591 ], [ 77.118922294009124, 12.62700944554931 ], [ 77.118968824269189, 12.627001268585602 ], [ 77.119016670207884, 12.626993620692392 ], [ 77.119035924564471, 12.626990543259808 ], [ 77.119047417814144, 12.626988706850781 ], [ 77.119061198609373, 12.62696908847022 ], [ 77.119062220954575, 12.626967632566823 ], [ 77.119173091191954, 12.626809795795195 ], [ 77.119130844206964, 12.626427209288067 ], [ 77.119122670243371, 12.626353181570448 ], [ 77.11911374556405, 12.6262723601186 ], [ 77.119112379299153, 12.626259990716507 ], [ 77.119157937492105, 12.626212800027373 ], [ 77.119375040821808, 12.625987919005619 ], [ 77.119599177754012, 12.625755751203373 ], [ 77.119700003021791, 12.625651313533769 ], [ 77.119900989969437, 12.625443124803231 ], [ 77.119939989292391, 12.625402727992139 ], [ 77.120009417245399, 12.625329452844815 ], [ 77.120022292416124, 12.625315868633921 ], [ 77.120153663226361, 12.625177261952532 ], [ 77.120383444356918, 12.624934824900295 ], [ 77.120452269233368, 12.624862209673246 ], [ 77.120840879818246, 12.624437244532997 ], [ 77.121471186006545, 12.623747968429676 ], [ 77.121497701787703, 12.62371925295977 ], [ 77.121505490000217, 12.623710821563918 ], [ 77.121689556064794, 12.623511809194811 ], [ 77.121756462907101, 12.623439469263721 ], [ 77.121759005647135, 12.623436255252177 ], [ 77.121875922657708, 12.623288498756375 ], [ 77.12194382712994, 12.623202681625726 ], [ 77.122186644864428, 12.62289581214038 ], [ 77.122200115349244, 12.622878788938813 ], [ 77.122725983908182, 12.622215570963926 ], [ 77.122727189738825, 12.622214052138633 ], [ 77.122685573595945, 12.621814298964804 ], [ 77.122684465272343, 12.621803650966191 ], [ 77.122530054943866, 12.620899580288746 ], [ 77.122525032058547, 12.620862814817947 ], [ 77.122486977276481, 12.620584289709422 ], [ 77.122432529153073, 12.620185777107743 ], [ 77.122426930511878, 12.620144800294238 ], [ 77.122424872988731, 12.620129738778086 ], [ 77.122422571471958, 12.62011309766976 ], [ 77.122321835336493, 12.61938480770683 ], [ 77.122321323153869, 12.619380945610049 ], [ 77.122318125906901, 12.619357782150042 ], [ 77.122293071783929, 12.619196501461566 ], [ 77.122277552705242, 12.619096604213413 ], [ 77.122273458775226, 12.619070264029775 ], [ 77.122268090898132, 12.619035727176151 ], [ 77.121434992248069, 12.618986153951168 ], [ 77.121371068776526, 12.618982350289675 ], [ 77.121207451319677, 12.618973111277414 ], [ 77.121030922947, 12.618962356171384 ], [ 77.120500739933419, 12.618921742578982 ], [ 77.120159661096096, 12.618895614768284 ], [ 77.120083163649895, 12.618889754357532 ], [ 77.119869556760349, 12.618667106109346 ], [ 77.119694399366949, 12.61848453386572 ], [ 77.119386149546372, 12.618163233995865 ], [ 77.119315025525765, 12.618089092377824 ], [ 77.119248566872486, 12.618074306230868 ], [ 77.119193044535606, 12.618061952855559 ], [ 77.119164703965865, 12.618055647462178 ], [ 77.119045898889695, 12.618029214679689 ], [ 77.118952532262782, 12.618008437015652 ], [ 77.118931383306602, 12.618003730150447 ], [ 77.118928954188021, 12.617995032910576 ], [ 77.118922003454713, 12.617970150426912 ], [ 77.118829712703103, 12.617639759071835 ], [ 77.118794470282324, 12.617458171191437 ], [ 77.11871022371308, 12.617469463257237 ], [ 77.118643417029361, 12.617474761586399 ], [ 77.118465679666016, 12.617488857879689 ], [ 77.118150988854595, 12.617513815581516 ], [ 77.11801751884893, 12.617524400871362 ], [ 77.118002068476784, 12.617552666679316 ], [ 77.117986991599864, 12.617580249010782 ], [ 77.11790733723177, 12.617563415399843 ], [ 77.117786296934185, 12.617537835689935 ], [ 77.117780875845966, 12.617536690285359 ], [ 77.117750898069076, 12.617530354336603 ], [ 77.117743709871291, 12.617528832536406 ], [ 77.117649648415636, 12.617508913010182 ], [ 77.117616265039217, 12.617501574706615 ], [ 77.117551472920383, 12.617487332482611 ], [ 77.117451050860737, 12.617465258221939 ], [ 77.117147645104041, 12.617398564148429 ], [ 77.117034753072403, 12.617373748176226 ], [ 77.116996583418171, 12.617365357841534 ], [ 77.116923279802421, 12.617349244439454 ], [ 77.116853720786438, 12.617333953544998 ], [ 77.11674814697453, 12.617312368106141 ], [ 77.116533545614601, 12.617268491547874 ], [ 77.116476937638609, 12.617256917957919 ], [ 77.116380878106042, 12.617237277685785 ], [ 77.116360598820222, 12.617233131251165 ], [ 77.116341118197369, 12.617229984341698 ], [ 77.116263575323941, 12.617217456940947 ], [ 77.116065167284361, 12.617185404425346 ], [ 77.115875375443878, 12.617154742997023 ], [ 77.115564923968691, 12.617104588809996 ], [ 77.115220155277328, 12.617048889706439 ], [ 77.115166991327087, 12.617040300687997 ], [ 77.115042801163881, 12.617005265312882 ], [ 77.114989230285289, 12.616990152692463 ], [ 77.114800939958641, 12.616937034251709 ], [ 77.114729806951075, 12.616911024261052 ], [ 77.114684744970148, 12.616894546403328 ], [ 77.1145582598716, 12.616848296411 ], [ 77.114436102595647, 12.616803628859557 ], [ 77.114372085703025, 12.616808012019918 ], [ 77.114096662560982, 12.61682687084201 ], [ 77.114020334840205, 12.616832096993827 ], [ 77.113925413070248, 12.616838596418736 ], [ 77.113815803114591, 12.616846101391078 ], [ 77.113652578684125, 12.616857277945801 ], [ 77.113606827458582, 12.616860410132514 ], [ 77.113535093507991, 12.616863081964613 ], [ 77.11350898359359, 12.616864054142633 ], [ 77.113502356425727, 12.616818994732638 ], [ 77.11349993552696, 12.616802530625913 ], [ 77.113488987984638, 12.616728089658489 ], [ 77.113515039569009, 12.616726963407121 ], [ 77.113559724920947, 12.616725031708187 ], [ 77.113556492264948, 12.61668556757783 ], [ 77.113495475549257, 12.616642346787527 ], [ 77.113455047083164, 12.616613677650575 ], [ 77.113402379680863, 12.616576331004119 ], [ 77.113328824712639, 12.616524172045995 ], [ 77.113280377058175, 12.61648981677657 ], [ 77.113203827542222, 12.616435492627277 ], [ 77.113142130713157, 12.61640839438366 ], [ 77.113031883420376, 12.616359971708276 ], [ 77.112957247158903, 12.61632719009854 ], [ 77.112650136270702, 12.616192258687347 ], [ 77.112648490550825, 12.616191535163823 ], [ 77.112482240946619, 12.616118492014664 ], [ 77.112388322694358, 12.61612279315972 ], [ 77.112369408793512, 12.616123659476319 ], [ 77.112270107280651, 12.616087672038642 ], [ 77.112197514640968, 12.616061363766159 ], [ 77.112133632682472, 12.616038212001598 ], [ 77.111795283000831, 12.616046929165988 ], [ 77.111583340962611, 12.616052826013556 ], [ 77.111489586381751, 12.616055433746777 ], [ 77.111424965833763, 12.616057231740957 ], [ 77.111322163128122, 12.616059969717222 ], [ 77.111216504748498, 12.616062782653382 ], [ 77.111112678992029, 12.616065547618163 ], [ 77.110934317658575, 12.61517934961771 ], [ 77.11086399366954, 12.614829938010944 ], [ 77.110592225739097, 12.614109259370487 ], [ 77.110566959553609, 12.614042257921017 ], [ 77.11055787685882, 12.614018171853262 ], [ 77.110533229754338, 12.613941934709098 ], [ 77.110456235215977, 12.613699503308247 ], [ 77.110443182018486, 12.613657681998291 ], [ 77.110427090646596, 12.613606123408172 ], [ 77.110386102690256, 12.613416418933731 ], [ 77.110372334014627, 12.613398005607204 ], [ 77.110307697855745, 12.613311567638895 ], [ 77.110284101028014, 12.613280052740937 ], [ 77.110207584184423, 12.613177858841278 ], [ 77.11018085608616, 12.613142198819682 ], [ 77.110130702671938, 12.613075286413258 ], [ 77.109592842149013, 12.612539186292521 ], [ 77.109545259763792, 12.61239336775682 ], [ 77.109544688404711, 12.612391354218627 ], [ 77.109533969539356, 12.612353864993201 ], [ 77.109501398951963, 12.612239944655848 ], [ 77.109490646859797, 12.612202441229044 ], [ 77.109450932089885, 12.612063917856926 ], [ 77.109446209667666, 12.611985252042439 ], [ 77.109443055243759, 12.611934230098655 ], [ 77.109438436042268, 12.611859515523161 ], [ 77.109426533710192, 12.611739749185805 ], [ 77.109411973924409, 12.61159323776141 ], [ 77.109365155631068, 12.611106904564775 ], [ 77.10928773723704, 12.610072992693631 ], [ 77.109285673608625, 12.610042347790859 ], [ 77.109239954310397, 12.609310666447874 ], [ 77.109072538142399, 12.609115131120213 ], [ 77.109048016835558, 12.609086500832884 ], [ 77.108925112535943, 12.609119327170239 ], [ 77.108839141155869, 12.609142609378347 ], [ 77.108743519234537, 12.609168504548371 ], [ 77.108724965891795, 12.609083285477558 ], [ 77.108667085878849, 12.608817430786354 ], [ 77.108624041322685, 12.608662825124595 ], [ 77.10860769681608, 12.608604070912381 ], [ 77.108569638992591, 12.608467262998381 ], [ 77.108392100158611, 12.60806029273148 ], [ 77.108385843870408, 12.608046000644562 ], [ 77.108357257319568, 12.607971805906297 ], [ 77.108319779998538, 12.607874537426998 ], [ 77.108245185516793, 12.607680933871379 ], [ 77.108371560476201, 12.607268907870809 ], [ 77.108691791049708, 12.605773994199593 ], [ 77.108708782217278, 12.605682503638663 ], [ 77.10872374793388, 12.605579519922925 ], [ 77.108943887340601, 12.604064701502036 ], [ 77.109098245801533, 12.603002524886719 ], [ 77.109154313622597, 12.602616710101442 ], [ 77.109181483365191, 12.602429748463672 ], [ 77.109218860696444, 12.602172547958517 ], [ 77.109263713192476, 12.601966289266771 ], [ 77.109417059512978, 12.601261117303343 ], [ 77.109496450881409, 12.600896030113779 ], [ 77.109688796645827, 12.600011511171392 ], [ 77.109819751370708, 12.59934417935431 ], [ 77.109931095451145, 12.598776777111674 ], [ 77.109926726652816, 12.598693667450746 ], [ 77.1099344089521, 12.598596403177405 ], [ 77.109959050752011, 12.59825561502349 ], [ 77.109975870451976, 12.598023006722714 ], [ 77.109977864089956, 12.597948070882845 ], [ 77.109988130423304, 12.597562143177823 ], [ 77.109988549778961, 12.597546370496126 ], [ 77.10999381413788, 12.59734846395172 ], [ 77.109954423659701, 12.597030523425003 ], [ 77.110004769528089, 12.597025156419358 ], [ 77.110100655948457, 12.59701493477063 ], [ 77.111484695976287, 12.596867392817916 ], [ 77.111582739369794, 12.596864525425664 ], [ 77.111992568556332, 12.596852536458206 ], [ 77.112530397565408, 12.596836801688696 ], [ 77.113038436192028, 12.59682193752541 ], [ 77.113168967275783, 12.59683188447106 ], [ 77.113207239790043, 12.596825592886004 ], [ 77.113233913203587, 12.596821207685281 ], [ 77.113279503218138, 12.596822186671231 ], [ 77.113571894116873, 12.596828654272231 ], [ 77.113591716968315, 12.596868142779375 ], [ 77.113717178541521, 12.596834234934017 ], [ 77.113847723539394, 12.59679895382812 ], [ 77.114043317723812, 12.596751015684429 ], [ 77.114176801344769, 12.596718299501537 ], [ 77.114226618140293, 12.596702189550385 ], [ 77.114379476117236, 12.596652788880283 ], [ 77.114460463766989, 12.596580436745192 ], [ 77.114525536645161, 12.596522301548553 ], [ 77.114818440875041, 12.596260053473255 ], [ 77.114831886344334, 12.596248015066323 ], [ 77.11484003309117, 12.596240720721044 ], [ 77.114987500960908, 12.595988821116451 ], [ 77.115076166585524, 12.595837018334574 ], [ 77.115091680975837, 12.595810456748827 ], [ 77.115100468948086, 12.595795410482969 ], [ 77.114891252384339, 12.595664340616562 ], [ 77.114900893180206, 12.595152683442331 ], [ 77.114942197413697, 12.595145301261494 ], [ 77.114942580361628, 12.595080905978888 ], [ 77.114970566664226, 12.595064975840408 ], [ 77.114963449480726, 12.594993029501795 ], [ 77.114947926990723, 12.594836120526294 ], [ 77.114937500052889, 12.594730715051782 ], [ 77.114912211898371, 12.594475087538864 ], [ 77.114898464201261, 12.594248902908172 ], [ 77.114938461566751, 12.593890094369604 ], [ 77.114937630734602, 12.593792339951367 ], [ 77.114846766584606, 12.593062255027009 ], [ 77.115083722934386, 12.591450083835424 ], [ 77.115084590934842, 12.59144417646341 ], [ 77.11515387862282, 12.590972763674651 ], [ 77.115190997493499, 12.590720219591049 ], [ 77.115214353554705, 12.590611589903993 ], [ 77.115296870741858, 12.590227797485054 ], [ 77.115524913543794, 12.589647185827808 ], [ 77.115639011691499, 12.589356684161867 ], [ 77.115708813676292, 12.589163510251378 ], [ 77.115883073108364, 12.588681253844033 ], [ 77.116128106065531, 12.588003133488142 ], [ 77.116160799765709, 12.587925715540285 ], [ 77.116169628850898, 12.587903483335595 ], [ 77.116188639671023, 12.587870368213251 ], [ 77.117068739554796, 12.586337302398128 ], [ 77.117311707799104, 12.585791089455059 ], [ 77.117378427485704, 12.58562898678775 ], [ 77.117461649588066, 12.585328000000873 ], [ 77.117456059700643, 12.585190757473924 ], [ 77.117415139747607, 12.584186098925674 ], [ 77.117380977477239, 12.583347347365835 ], [ 77.117350953348492, 12.582991293565856 ], [ 77.117313941957022, 12.582548452150757 ], [ 77.117312580092602, 12.58253216220734 ], [ 77.11729049842171, 12.582268690389249 ], [ 77.117533346145123, 12.582042389178959 ], [ 77.117632375222883, 12.581951320491605 ], [ 77.117696886909854, 12.581891994833715 ], [ 77.117756326854575, 12.58183812991137 ], [ 77.117891358620753, 12.581604884986001 ], [ 77.117931101070482, 12.581533444569686 ], [ 77.117912168628976, 12.581413487668659 ], [ 77.117812034236863, 12.580779028403034 ], [ 77.117796981957525, 12.580683654064726 ], [ 77.117775155694588, 12.580545357883246 ], [ 77.117809439809221, 12.580529739366966 ], [ 77.11804449511628, 12.58042265470657 ], [ 77.118057238212486, 12.580416849485136 ], [ 77.11819803824929, 12.580371323892768 ], [ 77.118273192932378, 12.580347023242199 ], [ 77.118529888338401, 12.580264023269029 ], [ 77.118565581108655, 12.579918545710814 ], [ 77.118603762817528, 12.579548976512687 ], [ 77.11861298986851, 12.579459664862116 ], [ 77.118616295392926, 12.579427667190714 ], [ 77.118637010177125, 12.579337556998958 ], [ 77.11865204250617, 12.579272439444331 ], [ 77.118682678397406, 12.579139723574439 ], [ 77.119434504028106, 12.578687963589624 ], [ 77.119398221929146, 12.5784327815889 ], [ 77.119327570804458, 12.577935868063761 ], [ 77.119142264381608, 12.576632531962749 ], [ 77.119106199954544, 12.576378875393891 ], [ 77.119134891808187, 12.576358595298272 ], [ 77.119448537089454, 12.576136799391435 ], [ 77.119638931803166, 12.576002161012601 ], [ 77.120004423456209, 12.575743700773334 ], [ 77.120480001708117, 12.575407389952328 ], [ 77.121795074059264, 12.574483095555525 ], [ 77.122857184100496, 12.573717518929815 ], [ 77.122911052453247, 12.573678690413365 ], [ 77.12303537022126, 12.573589080154205 ], [ 77.123209358063193, 12.573463667739366 ], [ 77.124255371480004, 12.572758622716922 ], [ 77.124357993610559, 12.572689452101857 ], [ 77.124649024380957, 12.572493287155194 ], [ 77.125841555310103, 12.571649711819484 ], [ 77.12589633878504, 12.571610958710886 ], [ 77.126030252350418, 12.571516230170749 ], [ 77.127185988797606, 12.570701751387034 ], [ 77.12721406203849, 12.570682707309906 ], [ 77.128349457325953, 12.56991247922303 ], [ 77.128501901955474, 12.569192730188957 ], [ 77.12861517218694, 12.568425756078355 ], [ 77.128647062158421, 12.568209827852453 ], [ 77.128741365445975, 12.567611509897713 ], [ 77.128782236249279, 12.567352202559801 ], [ 77.128806273468342, 12.567199698318769 ], [ 77.128963722921583, 12.566053763572279 ], [ 77.129172047920235, 12.564651955770652 ], [ 77.129373839660985, 12.563230560018605 ], [ 77.129381341639018, 12.563232724502585 ], [ 77.129309712657687, 12.562651747152827 ], [ 77.129213989293675, 12.561906772781599 ], [ 77.129093613853371, 12.560955116991799 ], [ 77.128998308795957, 12.560145244608536 ], [ 77.128909410556119, 12.559475229878117 ], [ 77.1288418912971, 12.558910955539107 ], [ 77.128821066079425, 12.558736912810627 ], [ 77.128805018452255, 12.558615545078368 ], [ 77.128724811229645, 12.558008952827645 ], [ 77.128659563721129, 12.557425660148908 ], [ 77.128603234769173, 12.556986952644058 ], [ 77.128567666001885, 12.556709943435639 ], [ 77.128443978521673, 12.55567184428898 ], [ 77.128346624124092, 12.554916460491729 ], [ 77.128262159011143, 12.554154435744088 ], [ 77.12824113921107, 12.554074493791612 ], [ 77.128206370769703, 12.554077703200157 ], [ 77.127909583227492, 12.554105097792148 ], [ 77.12785341528037, 12.554110293441619 ], [ 77.12709527845665, 12.554166637956349 ], [ 77.125034875653725, 12.554350475499788 ], [ 77.124399957192665, 12.554407575939694 ], [ 77.123430789344809, 12.554503119399191 ], [ 77.123064748997393, 12.554498047193421 ], [ 77.122496500304038, 12.554461965295451 ], [ 77.122362039630971, 12.554453427168903 ], [ 77.122273164991213, 12.554447783511812 ], [ 77.122275002736046, 12.554545797290066 ], [ 77.122276816909462, 12.554642506258229 ], [ 77.121884365716468, 12.554634070792856 ], [ 77.121651821171739, 12.554629072845771 ], [ 77.121651865028838, 12.554622302604733 ], [ 77.121588837326215, 12.554627719337033 ], [ 77.121536055445475, 12.554632255198992 ], [ 77.120968922572132, 12.554680990553919 ], [ 77.12057586223797, 12.554667751009053 ], [ 77.120235108854985, 12.554654213047476 ], [ 77.119681963870974, 12.554636395928036 ], [ 77.119020644103728, 12.554601044001458 ], [ 77.118485842099389, 12.554649750967199 ], [ 77.117952864506606, 12.554698291562749 ], [ 77.117638919603024, 12.554741427143243 ], [ 77.117586400470131, 12.554748643367232 ], [ 77.117478915053681, 12.554763411415514 ], [ 77.117070372133384, 12.554824219360212 ], [ 77.116945095735588, 12.55484286550918 ], [ 77.116197750796516, 12.554954099879337 ], [ 77.115772288078631, 12.555017423508625 ], [ 77.115709100267424, 12.555026828357871 ], [ 77.11538136033839, 12.55503600103089 ], [ 77.115353615354138, 12.554801379325045 ], [ 77.115353531348688, 12.554800668743962 ], [ 77.115333809603882, 12.55463438152702 ], [ 77.115315221710574, 12.554454973894311 ], [ 77.115310977415731, 12.554433417010989 ], [ 77.115280654541536, 12.554283515058467 ], [ 77.11523447855788, 12.554062552293871 ], [ 77.115234445315565, 12.554062537192443 ], [ 77.115167689475243, 12.553996334170463 ], [ 77.115112971501972, 12.553942068597177 ], [ 77.114958234046426, 12.553789346543342 ], [ 77.114931653380125, 12.553763112689111 ], [ 77.114774222143453, 12.553608436158251 ], [ 77.114435137067161, 12.553276506637603 ], [ 77.114304018085249, 12.553148597175555 ], [ 77.11414187734556, 12.55299042545496 ], [ 77.114062833219577, 12.552985395557346 ], [ 77.11394522917567, 12.552885686331331 ], [ 77.113940353631492, 12.552881552182519 ], [ 77.113939304968412, 12.552880663032045 ], [ 77.113938477712907, 12.552879961922283 ], [ 77.113936838943658, 12.552878572231098 ], [ 77.113935679439393, 12.552877853857485 ], [ 77.113936762494276, 12.55287754708729 ], [ 77.113938324663152, 12.552877104594966 ], [ 77.113941195667422, 12.552876290291136 ], [ 77.113946444800206, 12.552874802032717 ], [ 77.113948140052983, 12.5528743214381 ], [ 77.113949515893964, 12.552873931023669 ], [ 77.113957465311842, 12.552871676801114 ], [ 77.11396269700306, 12.552870193198576 ], [ 77.113993495144683, 12.552861459824221 ], [ 77.11398425366913, 12.552733439993727 ], [ 77.113981261967183, 12.552691988175912 ], [ 77.114057371080634, 12.551995750724492 ], [ 77.114093248310851, 12.55166754728395 ], [ 77.114095012560014, 12.551651408829214 ], [ 77.114115675018937, 12.551462392091604 ], [ 77.114123786582255, 12.551388186139492 ], [ 77.114152854146454, 12.551122270700146 ], [ 77.114163500381707, 12.551024880982085 ], [ 77.114185000855102, 12.550828198435754 ], [ 77.114216739123137, 12.550557901400888 ], [ 77.11423593655816, 12.550394407923667 ], [ 77.114286241692469, 12.549965982474196 ], [ 77.114315276506474, 12.549718711481974 ], [ 77.114520758439525, 12.547968719863306 ], [ 77.11485792270598, 12.545097248587581 ], [ 77.114896512282513, 12.544768593640459 ], [ 77.1149985963239, 12.543899184601093 ], [ 77.115043795882343, 12.543514238667827 ], [ 77.115065254949798, 12.543332922790263 ], [ 77.115068877358993, 12.543302804184126 ], [ 77.115076727905418, 12.543237885338382 ], [ 77.11520173781652, 12.543186676672537 ], [ 77.115252775067631, 12.543165769509219 ], [ 77.115252806247355, 12.543165757514885 ], [ 77.11559404770513, 12.543025905666317 ], [ 77.11575585907174, 12.54295958989168 ], [ 77.115822295098184, 12.542935887994526 ], [ 77.115912709119655, 12.542903631147741 ], [ 77.116215854103572, 12.542795478466536 ], [ 77.116295910352733, 12.54276691631612 ], [ 77.116616873543535, 12.542652405922288 ], [ 77.116825002242507, 12.542578151920175 ], [ 77.1172984783516, 12.542409228563644 ], [ 77.117700842701851, 12.542272404173373 ], [ 77.118006972012594, 12.542168303817766 ], [ 77.118176421336358, 12.542110681919537 ], [ 77.118176448836294, 12.542110669953937 ], [ 77.11829254311192, 12.542046946697234 ], [ 77.118438921763101, 12.541966521895235 ], [ 77.118846254747098, 12.54174272156909 ], [ 77.118856968133201, 12.541735966510718 ], [ 77.11886421653044, 12.541731393315095 ], [ 77.118989985165896, 12.541651909958041 ], [ 77.119047118085447, 12.541587028708824 ], [ 77.119047314037999, 12.541586804842238 ], [ 77.119863591408546, 12.540656739330172 ], [ 77.119919089798302, 12.540593504823507 ], [ 77.119919086602522, 12.540593451528142 ], [ 77.119988560758529, 12.540513960460505 ], [ 77.12009147640795, 12.540484806538961 ], [ 77.120246680557699, 12.540440743683083 ], [ 77.120540589771139, 12.540357095022589 ], [ 77.12084258860763, 12.540310324275437 ], [ 77.120964547279598, 12.540291401761042 ], [ 77.121530303881983, 12.54018702173942 ], [ 77.121539076758751, 12.540185403410133 ], [ 77.121581763080613, 12.540175782003097 ], [ 77.121608096774622, 12.540169846020117 ], [ 77.121608123443096, 12.540169844905645 ], [ 77.121624237081406, 12.54016618305352 ], [ 77.12162476318295, 12.540166059602745 ], [ 77.121834737093579, 12.540116759721069 ], [ 77.121992827994532, 12.540078513974265 ], [ 77.122107003693529, 12.539807272901353 ], [ 77.122130267255145, 12.53975176040381 ], [ 77.12254884123567, 12.538752940644645 ], [ 77.122824381020266, 12.538155441696579 ], [ 77.12305677306901, 12.5376860451049 ], [ 77.12353866084726, 12.536688000263876 ], [ 77.123599115839355, 12.536562791145792 ], [ 77.123629373171482, 12.536500125346423 ], [ 77.123820577365976, 12.536103094659886 ], [ 77.123824744173021, 12.536094407523642 ], [ 77.123961117156426, 12.535810085255836 ], [ 77.12407128881263, 12.535469119706596 ], [ 77.124071311090361, 12.535469031867935 ], [ 77.124082130047498, 12.535435580340737 ], [ 77.12454190239329, 12.534459462625327 ], [ 77.124641147832961, 12.534230909766595 ], [ 77.124751085863423, 12.533973386181566 ], [ 77.125108281890519, 12.533187765653613 ], [ 77.125420609816501, 12.532591387146272 ], [ 77.125767622824753, 12.531927263786834 ], [ 77.126076458174154, 12.531343580234642 ], [ 77.126127099034491, 12.531240745520872 ], [ 77.126240024259118, 12.531011372928598 ], [ 77.126546736112559, 12.530417101499021 ], [ 77.126783713875128, 12.529957693286862 ], [ 77.126754769603977, 12.529516026337321 ], [ 77.126703392440575, 12.528644004387262 ], [ 77.126177609751835, 12.526442099895011 ], [ 77.125783488912873, 12.525163821308913 ], [ 77.125783459582877, 12.525163834193188 ], [ 77.125323417306149, 12.523638697455336 ], [ 77.125332468220904, 12.52364717524692 ], [ 77.126636349658128, 12.522410831168944 ], [ 77.127303679538755, 12.521777755966863 ], [ 77.12744535153135, 12.521921906864465 ], [ 77.127754617338027, 12.521629175000053 ], [ 77.128176682265632, 12.521228530587537 ], [ 77.12820491932915, 12.521201676703415 ], [ 77.129549938881112, 12.519922468698731 ], [ 77.130461968990005, 12.519040735552288 ], [ 77.13131377486944, 12.518203677333723 ], [ 77.131683961800618, 12.517829651141916 ], [ 77.132103567983862, 12.517400255984334 ], [ 77.132781906517607, 12.516693376129101 ], [ 77.132829465942635, 12.516643184301309 ], [ 77.132937955308478, 12.516528689441495 ], [ 77.13293155821637, 12.516495360786905 ], [ 77.132908768364786, 12.516216534668729 ], [ 77.132885886880516, 12.515967747549048 ], [ 77.132796308084721, 12.514993759785352 ], [ 77.132744794223655, 12.514431881569925 ], [ 77.132784652102316, 12.514407948290581 ], [ 77.132843902535441, 12.514372370277668 ], [ 77.132836746803264, 12.514220569077676 ], [ 77.132826196878995, 12.513996746447162 ], [ 77.132822701529207, 12.513922602047423 ], [ 77.132791711486973, 12.513313054505652 ], [ 77.132763329880746, 12.512841657149275 ], [ 77.132747365058265, 12.512501311141133 ], [ 77.132739604509666, 12.512335860188049 ], [ 77.132738398156292, 12.512305670590576 ], [ 77.132704409286049, 12.511455236609208 ], [ 77.132668639785592, 12.510839770243226 ], [ 77.132668437412534, 12.510837191687601 ], [ 77.132661828785814, 12.510752744064545 ], [ 77.132642206469299, 12.510503574824098 ], [ 77.13263462714869, 12.510416957794853 ], [ 77.13263424167819, 12.51039207744568 ], [ 77.132624549293453, 12.510302064663325 ], [ 77.132572775687706, 12.509848233997799 ], [ 77.132553972062041, 12.50968340641227 ], [ 77.132485929630661, 12.509086955314649 ], [ 77.132481540404513, 12.50904046045369 ], [ 77.132422903604123, 12.508419257375186 ], [ 77.132383111024581, 12.507774387040602 ], [ 77.132362393829737, 12.507439884015062 ], [ 77.131911658800647, 12.507482518674475 ], [ 77.131708081596088, 12.506622072482106 ], [ 77.131705390807682, 12.506610700412995 ], [ 77.13169879171285, 12.506448965233179 ], [ 77.13169623807272, 12.506386366601008 ], [ 77.131728394010864, 12.506381998131799 ], [ 77.131791345899657, 12.50595780716724 ], [ 77.131770798295221, 12.505588206950501 ], [ 77.131842262293944, 12.50548092349568 ], [ 77.131934783266544, 12.505342400158835 ], [ 77.131934795949974, 12.505342376561293 ], [ 77.131960790620255, 12.505268000296843 ], [ 77.131970926971135, 12.505238998708229 ], [ 77.131988897236582, 12.505190388203037 ], [ 77.131998898733997, 12.505190692172711 ], [ 77.132113079253202, 12.505193832930361 ], [ 77.132357115780763, 12.505201071895018 ], [ 77.132367294566393, 12.505131288958097 ], [ 77.132377634400754, 12.505060395863747 ], [ 77.132378803005977, 12.505052383136812 ], [ 77.132380481095481, 12.50504099815676 ], [ 77.132383047713432, 12.505023786090161 ], [ 77.132391487432216, 12.504966588775638 ], [ 77.132038477302203, 12.504894282792076 ], [ 77.1319862404265, 12.504883583290438 ], [ 77.131985123865093, 12.504883366199971 ], [ 77.131980269777245, 12.504882423188606 ], [ 77.131950508943973, 12.504420343607956 ], [ 77.131937981866287, 12.50422719999151 ], [ 77.131866709961699, 12.504095145895093 ], [ 77.131843520080267, 12.504052161753595 ], [ 77.131778304430426, 12.503907024191472 ], [ 77.131705389932151, 12.503357566087258 ], [ 77.1316204125106, 12.502516887230692 ], [ 77.13161459474388, 12.502459329239807 ], [ 77.131613955131584, 12.502453003641973 ], [ 77.131579234760366, 12.502398419115794 ], [ 77.13147643225831, 12.50223679749554 ], [ 77.131510623835581, 12.502081983646107 ], [ 77.131530661958948, 12.501993021320445 ], [ 77.131390747514288, 12.501662892017389 ], [ 77.131389669844566, 12.501660349304469 ], [ 77.131361073775608, 12.501599066563395 ], [ 77.131332173561617, 12.501537145476371 ], [ 77.131307051864908, 12.501483310015134 ], [ 77.131329750976349, 12.501480281768323 ], [ 77.131570687441339, 12.501450758195427 ], [ 77.131569373354395, 12.50142129057625 ], [ 77.131560925509703, 12.501232541040237 ], [ 77.131401541366301, 12.501251346920515 ], [ 77.131304752516769, 12.501262767181165 ], [ 77.131301915561536, 12.501050802332434 ], [ 77.131299744106627, 12.500888594572189 ], [ 77.131287160712134, 12.500409763418904 ], [ 77.131283897907792, 12.500280918436012 ], [ 77.131277746164557, 12.500033935670535 ], [ 77.131275906122482, 12.499960048203565 ], [ 77.13127282479735, 12.499836841989334 ], [ 77.131247790979884, 12.499734007085557 ], [ 77.130976818604523, 12.498616686477162 ], [ 77.130920328661745, 12.498382928631344 ], [ 77.130908936517812, 12.498335684725413 ], [ 77.130898044234712, 12.49829051274342 ], [ 77.130895615378606, 12.498280440851651 ], [ 77.130873631117311, 12.498189183883438 ], [ 77.130518354470652, 12.496823225535536 ], [ 77.130254172201418, 12.496712387812064 ], [ 77.130084113510151, 12.496165069218527 ], [ 77.129894260676608, 12.496200611483145 ], [ 77.129854578851607, 12.496208040360461 ], [ 77.129811426748745, 12.496262297546018 ], [ 77.129755221802711, 12.496215519019279 ], [ 77.129774673984059, 12.496147153027616 ], [ 77.129792483832404, 12.496084558627356 ], [ 77.129761167294205, 12.496029216522745 ], [ 77.129709149160647, 12.495937289462852 ], [ 77.129656984122477, 12.495845051759124 ], [ 77.129560776377289, 12.495674936625383 ], [ 77.129463236032649, 12.495475725335893 ], [ 77.129291077250457, 12.495201249590243 ], [ 77.129251029394837, 12.495142720241859 ], [ 77.129156395006547, 12.495004401251759 ], [ 77.129022639015076, 12.494938772557601 ], [ 77.12887070362612, 12.494682607152075 ], [ 77.128852358635683, 12.494625342249135 ], [ 77.128529208759119, 12.49361661593127 ], [ 77.128523101978672, 12.493597550142331 ], [ 77.12851794413703, 12.493582501196476 ], [ 77.128382091595242, 12.493186111831278 ], [ 77.128365465323085, 12.49312248452715 ], [ 77.12836484860884, 12.493120064672535 ], [ 77.128349897384396, 12.493062866874983 ], [ 77.128341297201885, 12.493029973715066 ], [ 77.128317378496789, 12.492938492091373 ], [ 77.128265541496859, 12.492785246376402 ], [ 77.128255701644619, 12.492756190328759 ], [ 77.128255690379206, 12.492756162401893 ], [ 77.128101231212881, 12.492428543189186 ], [ 77.127888059949356, 12.492086324897482 ], [ 77.127782347083709, 12.491737219941532 ], [ 77.127773197817575, 12.491737596748719 ], [ 77.127629528302776, 12.491743512877164 ], [ 77.127636171469874, 12.491715044205213 ], [ 77.127652160052349, 12.491646529433229 ], [ 77.127674481024854, 12.491550908568192 ], [ 77.127628115098062, 12.491377155184516 ], [ 77.127628108431196, 12.491377127221289 ], [ 77.127583518774145, 12.4912109304029 ], [ 77.127577502411171, 12.491188506471332 ], [ 77.12757731309685, 12.4911860507037 ], [ 77.127566009054931, 12.491039445275764 ], [ 77.127563546062191, 12.491007511273297 ], [ 77.127552627438718, 12.490865969150574 ], [ 77.12755159967513, 12.490852646232099 ], [ 77.12754083724046, 12.490671263408457 ], [ 77.127463891732944, 12.490598121376458 ], [ 77.127345389929815, 12.490605653269844 ], [ 77.127241903083572, 12.490612203516347 ], [ 77.127215318105684, 12.490598372000539 ], [ 77.126965219207975, 12.490468074130286 ], [ 77.126842280247004, 12.490274832045817 ], [ 77.126707313792281, 12.490127801640776 ], [ 77.126667087805814, 12.490083979614433 ], [ 77.126656718338083, 12.490072682478074 ], [ 77.126613533275147, 12.490186255324845 ], [ 77.126605541468862, 12.490207272462452 ], [ 77.126575725744829, 12.490210010196394 ], [ 77.126586698688527, 12.490187000289124 ], [ 77.125973446059959, 12.489624425798988 ], [ 77.125928464300529, 12.489583077625046 ], [ 77.125545705897395, 12.489085224823777 ], [ 77.125307736776819, 12.489124406042167 ], [ 77.125264387707247, 12.489131478025872 ], [ 77.124961326234938, 12.489180920874899 ], [ 77.12488556403116, 12.489193193622953 ], [ 77.124886755556687, 12.489178721691955 ], [ 77.124890307413423, 12.489135902545879 ], [ 77.124977450923865, 12.488085341784343 ], [ 77.124995210528482, 12.487847969349117 ], [ 77.125015680903374, 12.487574367235263 ], [ 77.125063590820034, 12.486937209520313 ], [ 77.125069292468467, 12.486861771941596 ], [ 77.125095501571209, 12.486515018417881 ], [ 77.125152564195233, 12.485760544665592 ], [ 77.125153765371635, 12.485744663729516 ], [ 77.125154634260511, 12.485733143243133 ], [ 77.125157674093572, 12.48572144658452 ], [ 77.125141087962518, 12.485722363590012 ], [ 77.125053797930633, 12.485727187211992 ], [ 77.12505083022387, 12.485761913287623 ], [ 77.125034447552224, 12.485764657851311 ], [ 77.125012986682805, 12.485768253098389 ], [ 77.124961529648019, 12.485776874610428 ], [ 77.124959267099257, 12.485744875674778 ], [ 77.124951584221961, 12.485636218210248 ], [ 77.124989794361312, 12.485590066711243 ], [ 77.125118163222737, 12.485435019691389 ], [ 77.125093079827181, 12.485294106679106 ], [ 77.125102877757655, 12.48517313353975 ], [ 77.124987326361094, 12.48512022579971 ], [ 77.12496399283124, 12.484884276199928 ], [ 77.12489634448454, 12.484859793894787 ], [ 77.124698625756864, 12.484787861916031 ], [ 77.124866408259265, 12.48444140240821 ], [ 77.124867415822237, 12.484439319481572 ], [ 77.124880065675484, 12.484413186666062 ], [ 77.125039498372317, 12.484083827505296 ], [ 77.125065951935213, 12.483736892189039 ], [ 77.125066916109446, 12.48372419880099 ], [ 77.125074620412832, 12.483622777388005 ], [ 77.125148180107402, 12.482900451520504 ], [ 77.125152853800842, 12.482854558951775 ], [ 77.1251532392602, 12.482850740326381 ], [ 77.125203757131942, 12.482347085895551 ], [ 77.125208408512009, 12.482300713617567 ], [ 77.125362377867305, 12.482314556369287 ], [ 77.125576926124836, 12.482347937518419 ], [ 77.125681318834197, 12.482364179892482 ], [ 77.125753067334287, 12.482288046327117 ], [ 77.1257793630067, 12.482260143039419 ], [ 77.125838230694356, 12.482266435300232 ], [ 77.125844250662368, 12.482261649536753 ], [ 77.12615289954087, 12.482021651122103 ], [ 77.126122842335946, 12.481909331056601 ], [ 77.125833576942398, 12.481906533534316 ], [ 77.125848120032984, 12.481835085860261 ], [ 77.125870924107531, 12.481785851130201 ], [ 77.125893246465253, 12.481737656785672 ], [ 77.125899756362557, 12.481723602028394 ], [ 77.125823439036992, 12.481745339422135 ], [ 77.12571955227412, 12.48177492891568 ], [ 77.125576675014386, 12.481815624497637 ], [ 77.125571619051229, 12.481261055893345 ], [ 77.125570270382084, 12.481113754325325 ], [ 77.125252732208878, 12.481031965229516 ], [ 77.125255172687957, 12.480916749954403 ], [ 77.125257657019105, 12.480779636728103 ], [ 77.124974447644362, 12.480787154446428 ], [ 77.125022056927435, 12.480188354618125 ], [ 77.125033875247681, 12.480039715635723 ], [ 77.125044651714447, 12.479904171011194 ], [ 77.129609658333919, 12.480442747097268 ], [ 77.132360207505968, 12.479605344488254 ], [ 77.13261645367767, 12.479083611717392 ], [ 77.132698531762784, 12.478916495536225 ], [ 77.133772616095925, 12.47672957247409 ], [ 77.133950338523519, 12.476367711953023 ], [ 77.133958354394139, 12.476172918961165 ], [ 77.134051187027907, 12.473917128107871 ], [ 77.135062621824034, 12.470925369856873 ], [ 77.135201846068099, 12.47067191313873 ], [ 77.135279012643011, 12.470531431610649 ], [ 77.13568293370669, 12.469796090487035 ], [ 77.135903355408615, 12.469391585274991 ], [ 77.136537858750032, 12.468687470922275 ], [ 77.137997192449802, 12.466585903248534 ], [ 77.139995776422495, 12.464556147372097 ], [ 77.1403655565544, 12.464180595781567 ], [ 77.140386020327611, 12.464167936756892 ], [ 77.140891920827158, 12.463854973495875 ], [ 77.142471636019422, 12.462879336634805 ], [ 77.1444755758138, 12.461890455205751 ], [ 77.145856479733467, 12.462009632273375 ], [ 77.146059549619537, 12.462027156882165 ], [ 77.146742130457852, 12.462086062761941 ], [ 77.14916380220852, 12.463059762924104 ], [ 77.150065396125342, 12.464300546019437 ], [ 77.150155130457989, 12.464424038781221 ], [ 77.150392822810261, 12.464751148491926 ], [ 77.150462144406518, 12.464846548659498 ], [ 77.150839269934849, 12.465364965972991 ], [ 77.151916099041713, 12.467198369338336 ], [ 77.152056927758295, 12.467438141101599 ], [ 77.152398885969546, 12.468020348362135 ], [ 77.154758123601582, 12.470619378030888 ], [ 77.156314481005595, 12.471767693994423 ], [ 77.156380038835579, 12.47181606337001 ], [ 77.15645150569128, 12.471868792963308 ], [ 77.156845774829222, 12.472533107316695 ], [ 77.156857234495504, 12.472552416841056 ], [ 77.157365239582219, 12.473408361706905 ], [ 77.157365620106248, 12.473409002114868 ], [ 77.157366423264065, 12.473422143952138 ], [ 77.15737073757677, 12.473492695607611 ], [ 77.157492217970329, 12.475479417386607 ], [ 77.157498898270802, 12.475588665563064 ], [ 77.157550565123202, 12.475566223229261 ], [ 77.158244101042527, 12.475494260386569 ], [ 77.15824478587227, 12.475494221470232 ], [ 77.158248310786078, 12.475465228079672 ], [ 77.158293605416773, 12.47546623937675 ], [ 77.158600924874122, 12.475473098873467 ], [ 77.158737991706602, 12.475476165571664 ], [ 77.158773374099511, 12.475476947933993 ], [ 77.158797641195065, 12.475477483956119 ], [ 77.158799003189912, 12.475477369129408 ], [ 77.159192625685094, 12.475444251658999 ], [ 77.159808653245292, 12.475392674126583 ], [ 77.159898677191435, 12.475387532400768 ], [ 77.160173635611145, 12.475371828432772 ], [ 77.160508278396108, 12.475355124778256 ], [ 77.16052317271668, 12.475352504000721 ], [ 77.160805747384217, 12.475302842558669 ], [ 77.161044715258626, 12.475276264131583 ], [ 77.161259483461421, 12.475252513709956 ], [ 77.161422335304493, 12.475232273400223 ], [ 77.161571834315836, 12.475214338732401 ], [ 77.161995190969719, 12.475162722095083 ], [ 77.162212467253838, 12.475135702873244 ], [ 77.162767408422908, 12.475127892892555 ], [ 77.162816071191244, 12.475125197392321 ], [ 77.162901660149387, 12.475119827257547 ], [ 77.164077027172425, 12.475046080449612 ], [ 77.164102623116847, 12.475044186083755 ], [ 77.164112284769956, 12.475058428910536 ], [ 77.164136556686046, 12.475094209448093 ], [ 77.164144721292303, 12.475106257400668 ], [ 77.164174176929421, 12.475149957209402 ], [ 77.164184025009476, 12.475145900943987 ], [ 77.164200078901274, 12.475139289787856 ], [ 77.164237993787921, 12.475123674834832 ], [ 77.164299635369417, 12.475098246741149 ], [ 77.164355024818107, 12.475075334136818 ], [ 77.164712821590655, 12.475072159858295 ], [ 77.164759560594746, 12.475067724426095 ], [ 77.164762006403635, 12.475076408513093 ], [ 77.164764366948162, 12.475084792345969 ], [ 77.164767287917371, 12.475095210470696 ], [ 77.164791410087815, 12.475181134950558 ], [ 77.164824965805209, 12.475300658081606 ], [ 77.164847055922991, 12.475389723913279 ], [ 77.165020097783454, 12.476151021965793 ], [ 77.165046131795535, 12.476265559029606 ], [ 77.165074932176751, 12.476392265041945 ], [ 77.165074950434615, 12.476392470039434 ], [ 77.165092249619917, 12.476464863616316 ], [ 77.165186708970651, 12.476860776256187 ], [ 77.165245576434955, 12.477104110604092 ], [ 77.165295549004441, 12.477284829921876 ], [ 77.165295560235066, 12.477284853328404 ], [ 77.165203690666686, 12.477433534835056 ], [ 77.165096388021439, 12.477609877395574 ], [ 77.16504702308292, 12.4776910045733 ], [ 77.165051973853409, 12.47769235385036 ], [ 77.165270215085712, 12.477751818082018 ], [ 77.165274243289517, 12.477736114372554 ], [ 77.165279601446983, 12.477715224394164 ], [ 77.165621926686569, 12.477767728587482 ], [ 77.165623191951198, 12.477767925380384 ], [ 77.16566303210071, 12.477823116374754 ], [ 77.16585010051827, 12.478082337798352 ], [ 77.165918296517006, 12.478176836882994 ], [ 77.165766241704873, 12.478292984532462 ], [ 77.165462948415694, 12.478523852436489 ], [ 77.165462970629164, 12.478523869428773 ], [ 77.16625372946794, 12.479308035514709 ], [ 77.166323869621891, 12.479377590662127 ], [ 77.166700113359042, 12.47974970758683 ], [ 77.166942612200046, 12.480266070745287 ], [ 77.166952622962995, 12.480302326956924 ], [ 77.16696478273947, 12.480347390695341 ], [ 77.166967513557211, 12.48035096193089 ], [ 77.167132108744156, 12.481056330480367 ], [ 77.167720357475588, 12.481986352533708 ], [ 77.167946812751893, 12.482243631923858 ], [ 77.168661877485647, 12.483056023002975 ], [ 77.169526445006539, 12.483876213066113 ], [ 77.169724236794451, 12.483835317001052 ], [ 77.169884038103021, 12.483802275289495 ], [ 77.169910517891381, 12.483796766403463 ], [ 77.170309147743993, 12.483715165980231 ], [ 77.170416230438079, 12.483702756306183 ], [ 77.170563068738502, 12.48368573840953 ], [ 77.170703136358568, 12.483669505148985 ], [ 77.170755665150438, 12.483663416839795 ], [ 77.171155143304247, 12.483616895118821 ], [ 77.171466387394119, 12.48358064838323 ], [ 77.171713191384441, 12.483556179736569 ], [ 77.171794773841185, 12.483548091350686 ], [ 77.171789532027233, 12.483494782812759 ], [ 77.171788939074574, 12.48348841821211 ], [ 77.171782470910131, 12.483418964758512 ], [ 77.171857424601242, 12.483402324589967 ], [ 77.172913238803062, 12.483165984254081 ], [ 77.173040787668171, 12.483281274160207 ], [ 77.173527647650857, 12.483235889276585 ], [ 77.174397073400385, 12.483155576265283 ], [ 77.17445326729046, 12.483097680393307 ], [ 77.174505727173383, 12.483043631006124 ], [ 77.174604870825007, 12.483047126751627 ], [ 77.174710732653608, 12.483050828542968 ], [ 77.174779464230681, 12.483053232020287 ], [ 77.174849566027731, 12.482996833414129 ], [ 77.175036009561055, 12.48284695616994 ], [ 77.175202913113864, 12.48285446793917 ], [ 77.175260362542602, 12.48285705359295 ], [ 77.175261241174198, 12.482857093497543 ], [ 77.175282656546472, 12.482858037714832 ], [ 77.17528740005686, 12.482506109267328 ], [ 77.17530142677731, 12.481627108827155 ], [ 77.175303089954284, 12.481522909132382 ], [ 77.175384542083023, 12.481445282880017 ], [ 77.175387235531872, 12.481442716297778 ], [ 77.175378735865934, 12.481341884489456 ], [ 77.175369868762289, 12.481236699750163 ], [ 77.175393072565484, 12.48102582379917 ], [ 77.175407569595322, 12.480894074835065 ], [ 77.17540786972809, 12.480894002828073 ], [ 77.175486480398831, 12.480192500062905 ], [ 77.17548815789722, 12.480177530092922 ], [ 77.175778063909448, 12.479952308805846 ], [ 77.175787669383126, 12.479910970527328 ], [ 77.175873012724566, 12.479543722811066 ], [ 77.175909745417883, 12.479545053136603 ], [ 77.17598092517089, 12.479547574063922 ], [ 77.176343870701047, 12.479560430619779 ], [ 77.176676927474261, 12.479606038936074 ], [ 77.176802219740892, 12.479719677962121 ], [ 77.177168634460145, 12.479683373283896 ], [ 77.177158581945605, 12.479116890651985 ], [ 77.17723233668822, 12.479098629517361 ], [ 77.17786525415309, 12.478941927369666 ], [ 77.177882931491624, 12.47898156417849 ], [ 77.177918164864536, 12.479004981296336 ], [ 77.177978513386321, 12.47904510222086 ], [ 77.17800963348877, 12.479134105924496 ], [ 77.178023833131249, 12.479172807446496 ], [ 77.178036800396228, 12.479181815748664 ], [ 77.178056621322384, 12.479195586384655 ], [ 77.178183440260653, 12.479283575908573 ], [ 77.178389813504495, 12.479426210018133 ], [ 77.178412776152797, 12.479442080773266 ], [ 77.178457195684942, 12.479455209865614 ], [ 77.178457222406465, 12.479455215975738 ], [ 77.17854066659207, 12.479479922665288 ], [ 77.179508519458793, 12.479760635840558 ], [ 77.179609090809677, 12.479790945023471 ], [ 77.179781686712957, 12.479842961136503 ], [ 77.1801898374014, 12.479966203887404 ], [ 77.180327774424342, 12.480007855002755 ], [ 77.180348949651318, 12.480017497190072 ], [ 77.180780969984738, 12.480215205019903 ], [ 77.181078286899861, 12.480352128170047 ], [ 77.181366077158955, 12.480532520492998 ], [ 77.181496001805343, 12.480614168832696 ], [ 77.181523290779253, 12.480625200160793 ], [ 77.181534921716207, 12.480629901151962 ], [ 77.181603441150386, 12.480657581430799 ], [ 77.181631082710069, 12.480668763524649 ], [ 77.181722869251885, 12.480703942487057 ], [ 77.18172584013405, 12.480705080621382 ], [ 77.181939393043848, 12.480731349731165 ], [ 77.182125562999886, 12.480754250712502 ], [ 77.182312558793043, 12.48082038190566 ], [ 77.182356714061257, 12.480831457390416 ], [ 77.182403469782756, 12.480854337750817 ], [ 77.184095917042939, 12.481158801260586 ], [ 77.185814443760478, 12.481465217317034 ], [ 77.185906122091438, 12.481491265447364 ], [ 77.186085456654084, 12.481542217586799 ], [ 77.187251395719713, 12.48186274466179 ], [ 77.187293608746259, 12.481874349237357 ], [ 77.187522144434311, 12.481917422157583 ], [ 77.189568471400932, 12.482304200967612 ], [ 77.189772681304902, 12.482342798141373 ], [ 77.189821473993618, 12.482352019105704 ], [ 77.190745896851837, 12.482241725428354 ], [ 77.190793886880371, 12.482236000053113 ], [ 77.191726797970134, 12.482164283749716 ], [ 77.191927004279705, 12.482148892943245 ], [ 77.191927048360085, 12.482148885355283 ], [ 77.192045450600986, 12.482130749766176 ], [ 77.192362613377298, 12.482081725412204 ], [ 77.192564917828093, 12.48205045529663 ], [ 77.193336346207943, 12.483069942339437 ], [ 77.193420370130482, 12.483198929235691 ], [ 77.193690137259509, 12.483608293071407 ], [ 77.19375415046774, 12.483705430783626 ], [ 77.193829646453366, 12.48372307849097 ], [ 77.194090293459666, 12.483784686523874 ], [ 77.194125471582922, 12.483781798482873 ], [ 77.194380969479027, 12.483760824480775 ], [ 77.194441333529625, 12.48375593484846 ], [ 77.194462251158825, 12.483744976202011 ], [ 77.194657964821133, 12.483642444196148 ], [ 77.194753526206782, 12.48359168438154 ], [ 77.194818249028089, 12.483557181945017 ], [ 77.194868444206776, 12.483542371935119 ], [ 77.194914556058322, 12.483528766355951 ], [ 77.195041377924156, 12.483491084268238 ], [ 77.195068642359516, 12.483482982924476 ], [ 77.195170606864721, 12.483452459849453 ], [ 77.195229647348043, 12.483444075373068 ], [ 77.195860659709837, 12.483351464969786 ], [ 77.196247932122233, 12.483391522863338 ], [ 77.196445647891494, 12.483411973372743 ], [ 77.19781918036044, 12.483373390069707 ], [ 77.197894289727671, 12.483371280364334 ], [ 77.197900428012844, 12.483371108326018 ], [ 77.198201706056366, 12.483958761656167 ], [ 77.198654830102655, 12.48499635064876 ], [ 77.199375007858166, 12.486645431483083 ], [ 77.199400734444282, 12.486704339732416 ], [ 77.199445590018485, 12.486807050506622 ], [ 77.199453868264854, 12.486826005815637 ], [ 77.199455026120333, 12.486828614382894 ], [ 77.199643862566774, 12.488218920146371 ], [ 77.199678513677128, 12.488440653471446 ], [ 77.199678517600077, 12.48844068235778 ], [ 77.199684025311342, 12.488474699609084 ], [ 77.199688634450311, 12.488503163737139 ], [ 77.199692531256247, 12.488526891069155 ], [ 77.199696028662643, 12.488548085882872 ], [ 77.199698480492955, 12.488562874778456 ], [ 77.199699810258551, 12.488570913167461 ], [ 77.199705221392094, 12.488603622650041 ], [ 77.199871431315501, 12.489566557340762 ], [ 77.200743881081294, 12.491548989812577 ], [ 77.202008500209118, 12.491274540868197 ], [ 77.203253392476554, 12.49113297719161 ], [ 77.203266610514163, 12.491131473805982 ], [ 77.203357336637637, 12.491113423463077 ], [ 77.203562454867523, 12.491101148500658 ], [ 77.203809513919239, 12.491086475365897 ], [ 77.204428584633689, 12.491050080391759 ], [ 77.204737722335764, 12.491032185660943 ], [ 77.205046553564387, 12.491014603056842 ], [ 77.205046976337854, 12.491015437322819 ], [ 77.205066048738928, 12.491052951790808 ], [ 77.205110755271534, 12.491050684567421 ], [ 77.205122075566308, 12.491050112970008 ], [ 77.205134014347706, 12.491061096381276 ], [ 77.205281531620471, 12.491051312160819 ], [ 77.205332859517313, 12.491047908084319 ], [ 77.205537821775053, 12.491034313519398 ], [ 77.205556525434972, 12.491025828360755 ], [ 77.205565561193879, 12.491021784469911 ], [ 77.205565342082622, 12.490968057072054 ], [ 77.205564991722497, 12.49088235711225 ], [ 77.205581399218602, 12.490880962161789 ], [ 77.205573171637951, 12.490449067765601 ], [ 77.205568958906269, 12.490295488534674 ], [ 77.205565608583228, 12.490173339085576 ], [ 77.205556503813668, 12.48984136437781 ], [ 77.205545955416355, 12.489549557169159 ], [ 77.205544283719462, 12.489307309148646 ], [ 77.205543235740194, 12.489155351437029 ], [ 77.205542638786369, 12.489108794330713 ], [ 77.205542244929646, 12.48908229217356 ], [ 77.205466311113383, 12.489102294239141 ], [ 77.205484998434045, 12.488971344075557 ], [ 77.205500616437206, 12.488861950473273 ], [ 77.205491704764398, 12.48851972171235 ], [ 77.205533293056035, 12.488258758381086 ], [ 77.205458537006649, 12.4877644270404 ], [ 77.205330701299161, 12.48674928380758 ], [ 77.205273646342789, 12.486333710882235 ], [ 77.205270410056045, 12.485377324737588 ], [ 77.205341814697292, 12.485374402739964 ], [ 77.205378007470259, 12.485369282725282 ], [ 77.205436373722492, 12.485361026218349 ], [ 77.206179825084121, 12.485263617299927 ], [ 77.206381917332209, 12.485240300862142 ], [ 77.206382019124405, 12.485129491663656 ], [ 77.206382033827481, 12.485124716419111 ], [ 77.206400810131115, 12.485123115928111 ], [ 77.206862467548575, 12.48508376221884 ], [ 77.206983125301818, 12.485039313069638 ], [ 77.207198071541299, 12.484960147332977 ], [ 77.207309602429916, 12.484919073072637 ], [ 77.207589617192738, 12.484874940977168 ], [ 77.207978009794587, 12.484813362598544 ], [ 77.208109643102731, 12.484797169271907 ], [ 77.208440207227937, 12.484756504563075 ], [ 77.208769423999641, 12.484781752363812 ], [ 77.20938446952141, 12.484828919764153 ], [ 77.209598296331365, 12.484855723973107 ], [ 77.210056375693682, 12.484913146337949 ], [ 77.210156346201742, 12.484925536038359 ], [ 77.210177298771143, 12.484906544856019 ], [ 77.210247875850357, 12.484916358690862 ], [ 77.210274789771873, 12.48492585814949 ], [ 77.210302408353698, 12.484897039771255 ], [ 77.210336940947045, 12.48487904335675 ], [ 77.21039930705291, 12.484888516004968 ], [ 77.210422208769941, 12.484899136391657 ], [ 77.210489377642617, 12.484931054416055 ], [ 77.21174919564146, 12.485048489013421 ], [ 77.211835885379315, 12.485056569782314 ], [ 77.211907524733348, 12.485063247675377 ], [ 77.21199360545036, 12.48495518277808 ], [ 77.212013976786977, 12.484929608329306 ], [ 77.21205013445595, 12.4849304620422 ], [ 77.212156820686886, 12.484933040524547 ], [ 77.21250496562898, 12.484879698751966 ], [ 77.212520623771113, 12.484877299266834 ], [ 77.212601703309446, 12.484883632913963 ], [ 77.212622128940779, 12.484885119026311 ], [ 77.212717183208142, 12.484892033781883 ], [ 77.212905612130939, 12.484903881626568 ], [ 77.213117779292062, 12.48491515581453 ], [ 77.213381356450412, 12.484928538980638 ], [ 77.21338707279584, 12.48492882550925 ], [ 77.213482456590455, 12.484933611801681 ], [ 77.213492610884956, 12.484994417321094 ], [ 77.213550016724895, 12.485338536892938 ], [ 77.213579834826348, 12.485957368236514 ], [ 77.21359005606719, 12.48617255522487 ], [ 77.213809362196514, 12.486263669891386 ], [ 77.213911039777088, 12.486306078224546 ], [ 77.213917354349505, 12.486331171555817 ], [ 77.213931527591768, 12.486387515935167 ], [ 77.213972643397653, 12.486550971266043 ], [ 77.21397329968211, 12.486575902315904 ], [ 77.213992505487099, 12.48732500531713 ], [ 77.214302886911469, 12.487369241490793 ], [ 77.214304935352658, 12.487399327494391 ], [ 77.214347610338777, 12.488026222079446 ], [ 77.214340195005647, 12.488082105764866 ], [ 77.214324096789596, 12.48820303341515 ], [ 77.214321412517421, 12.488223168905629 ], [ 77.214242963666464, 12.48824121217312 ], [ 77.214064232198496, 12.488282321790393 ], [ 77.214065074661249, 12.488287946668896 ], [ 77.214169494833953, 12.488985470752915 ], [ 77.214178545546091, 12.489046116256628 ], [ 77.214182153374878, 12.489070315458754 ], [ 77.214216860324356, 12.489303103805828 ], [ 77.21441188420421, 12.489655085563005 ], [ 77.214525063042728, 12.489860446316005 ], [ 77.214550297978661, 12.489906328948313 ], [ 77.21456227283619, 12.489928110687258 ], [ 77.214590402256135, 12.489979313046758 ], [ 77.214590465090438, 12.489979347774295 ], [ 77.214625720340536, 12.48999879283002 ], [ 77.215213198543125, 12.490322811513927 ], [ 77.215216477841366, 12.490334441250692 ], [ 77.215391255051358, 12.490954263053515 ], [ 77.215403117674768, 12.490996330778234 ], [ 77.215449261733525, 12.491153092171075 ], [ 77.216092722494906, 12.491578178414386 ], [ 77.216206458938785, 12.492024691077109 ], [ 77.21621612922101, 12.492062656848081 ], [ 77.216400331374857, 12.492046082595026 ], [ 77.216690657928638, 12.492039021247207 ], [ 77.216733501480391, 12.492038008171651 ], [ 77.216791442090951, 12.492043289781439 ], [ 77.216826694719728, 12.492046512379268 ], [ 77.217201925214738, 12.492080542090362 ], [ 77.217252043510101, 12.492084382422192 ], [ 77.217531526705486, 12.49210579876466 ], [ 77.217569272572305, 12.49210869168097 ], [ 77.217591840023047, 12.492110420857644 ], [ 77.217587808437756, 12.492100536059764 ], [ 77.217582648708031, 12.492087883512561 ], [ 77.217582644713715, 12.492087846494224 ], [ 77.217615003363022, 12.492090240626581 ], [ 77.21829710341909, 12.492140701379103 ], [ 77.218440832085307, 12.492150302623369 ], [ 77.21845434638864, 12.492151205289279 ], [ 77.219950434167274, 12.492115927398114 ], [ 77.219954543440394, 12.492115830282877 ], [ 77.21995462904998, 12.492116701635494 ], [ 77.219958169685711, 12.492115710940428 ], [ 77.220084725127762, 12.492080298265936 ], [ 77.220746777371403, 12.491895813007625 ], [ 77.221158342154339, 12.491782353375823 ], [ 77.221283753065549, 12.491748122608064 ], [ 77.221334930392274, 12.491734153540259 ], [ 77.221334958854357, 12.491734147883506 ], [ 77.22149884381362, 12.491703773963174 ], [ 77.221614019584308, 12.491682596239158 ], [ 77.221614040959437, 12.491682622269822 ], [ 77.221621651298037, 12.49169262748862 ], [ 77.221950954880811, 12.492125563749649 ], [ 77.221963965242253, 12.492142733124608 ], [ 77.221992817404526, 12.492180806047255 ], [ 77.222158406523704, 12.492904154826521 ], [ 77.222159545735011, 12.492908965690189 ], [ 77.222160165523718, 12.492927042426283 ], [ 77.222180797335582, 12.493422618878242 ], [ 77.222182983190649, 12.493475123061604 ], [ 77.222202678941457, 12.493948191873798 ], [ 77.222308460700575, 12.494208369660202 ], [ 77.222352958320542, 12.494317716337237 ], [ 77.222368413697538, 12.494355694546352 ], [ 77.222278951293504, 12.494416225818441 ], [ 77.222206505405254, 12.494465166097225 ], [ 77.222271751262781, 12.494710760199021 ], [ 77.22231071872497, 12.494857335534855 ], [ 77.222310740989244, 12.494857357943317 ], [ 77.222620227965095, 12.495274017014431 ], [ 77.222762893412096, 12.496112212515746 ], [ 77.222773762912851, 12.496176071199891 ], [ 77.222887115853538, 12.497073959066606 ], [ 77.223055100779732, 12.497453321302002 ], [ 77.223073989343078, 12.497495980181299 ], [ 77.223049009843962, 12.497551680755352 ], [ 77.22297132950267, 12.497724898651713 ], [ 77.223017154356967, 12.497763124933813 ], [ 77.22308305435152, 12.497818097059534 ], [ 77.223238159785168, 12.49814724276 ], [ 77.223516193919153, 12.498360720197986 ], [ 77.223516215210111, 12.498360736288531 ], [ 77.223642447272397, 12.49845760556442 ], [ 77.223723351813732, 12.498519681259241 ], [ 77.223668521367642, 12.498809926663812 ], [ 77.223619628125761, 12.499069692372801 ], [ 77.223528962220556, 12.499088455950471 ], [ 77.223490995885214, 12.499096352246159 ], [ 77.223410228336306, 12.499113228496991 ], [ 77.223386541113442, 12.499118178351791 ], [ 77.223738359890135, 12.499974563485765 ], [ 77.223834226736855, 12.500207887498528 ], [ 77.223855929509028, 12.500260698507264 ], [ 77.22388293731268, 12.500326420918116 ], [ 77.223916740553676, 12.500432415017249 ], [ 77.22393451281242, 12.500488166531824 ], [ 77.223974994444447, 12.500615154071818 ], [ 77.224148257827764, 12.501158669827998 ], [ 77.224170385462159, 12.50122811590817 ], [ 77.224162441189037, 12.501296835320421 ], [ 77.224143534123584, 12.501460395670865 ], [ 77.224148658972339, 12.501486211354901 ], [ 77.224154046177446, 12.501513344250275 ], [ 77.224165030155035, 12.501568669234009 ], [ 77.224175362699853, 12.50162095237482 ], [ 77.224185504900561, 12.501672271952145 ], [ 77.224259025580309, 12.502048115884586 ], [ 77.224263225488954, 12.502069771412216 ], [ 77.224275595354911, 12.502133670834631 ], [ 77.224300257925776, 12.502121651416068 ], [ 77.224303205517344, 12.50213367407612 ], [ 77.224305589902926, 12.502143400609537 ], [ 77.224322305804108, 12.502211743683587 ], [ 77.224892216135743, 12.502093135274855 ], [ 77.225257863761968, 12.50197660534592 ], [ 77.225268503981198, 12.50196864812831 ], [ 77.225293172131558, 12.501950198874281 ], [ 77.22531383020744, 12.501934748651754 ], [ 77.225375206089609, 12.501888875548932 ], [ 77.225394182573055, 12.501890789942543 ], [ 77.225632104280962, 12.501914787028143 ], [ 77.225638172903189, 12.501911598370572 ], [ 77.225713174966813, 12.501872020579208 ], [ 77.225778508418145, 12.501837544467339 ], [ 77.225835569955578, 12.50180748253922 ], [ 77.225861818799288, 12.501798778144927 ], [ 77.225868616481947, 12.501796524189924 ], [ 77.225870593792749, 12.501795868939157 ], [ 77.225872267490445, 12.501794986662865 ], [ 77.225898378831303, 12.501786335815785 ], [ 77.225954933108085, 12.501767603920456 ], [ 77.225964871948207, 12.501764311868731 ], [ 77.226054229785063, 12.501734713968339 ], [ 77.226078837964181, 12.501726562618662 ], [ 77.226314950589654, 12.50164835488091 ], [ 77.226534123684146, 12.501636082377869 ], [ 77.22673360481933, 12.501624912388081 ], [ 77.227040825372086, 12.501607687474856 ], [ 77.22706970545714, 12.501606067767304 ], [ 77.227071434540917, 12.501606498076944 ], [ 77.227156149180445, 12.501626146465744 ], [ 77.227165688383408, 12.501622909188528 ], [ 77.227315411194141, 12.501569190206757 ], [ 77.227382140575045, 12.501545249079474 ], [ 77.227385699985092, 12.501543971648415 ], [ 77.227641200680907, 12.50146879063408 ], [ 77.227814703046874, 12.501459762358968 ], [ 77.227814874040746, 12.501459753714672 ], [ 77.227916539170423, 12.501428762050228 ], [ 77.227916612572429, 12.501428741561853 ], [ 77.227923947491107, 12.501426505705878 ], [ 77.22808956531604, 12.501404098424151 ], [ 77.228102415457556, 12.501402360036934 ], [ 77.228251803373013, 12.501382149167648 ], [ 77.228400086107456, 12.501362087436499 ], [ 77.228407904772212, 12.501361029580393 ], [ 77.228446753737586, 12.501355773947841 ], [ 77.228648293134782, 12.501341010584021 ], [ 77.228687128705943, 12.501338163340353 ], [ 77.228706447782116, 12.501335632168017 ], [ 77.228720358540997, 12.501333809064 ], [ 77.229027157724616, 12.501293607535361 ], [ 77.229053440434683, 12.501290163807266 ], [ 77.22936800444738, 12.501248974964657 ], [ 77.230189554073334, 12.501087009418415 ], [ 77.230349232704413, 12.501055605062124 ], [ 77.230427457864238, 12.501040220762158 ], [ 77.230603046819951, 12.501019774436227 ], [ 77.230755663994685, 12.501091180436406 ], [ 77.231096255260923, 12.501250386520717 ], [ 77.23136858056705, 12.501256243062072 ], [ 77.232439563600238, 12.501285576574556 ], [ 77.232517365238266, 12.501273370716181 ], [ 77.232722319082882, 12.501239266211375 ], [ 77.233130922640001, 12.501170766649455 ], [ 77.233204353705929, 12.50115845587737 ], [ 77.233323012876554, 12.501138563106071 ], [ 77.233569127913697, 12.501019426501193 ], [ 77.233686272117566, 12.500962704972446 ], [ 77.233796345424935, 12.500909400131903 ], [ 77.233891535422075, 12.500863429184506 ], [ 77.233928341402773, 12.500845653907311 ], [ 77.233957673529233, 12.500831488476411 ], [ 77.234016199471171, 12.500803224722642 ], [ 77.235245792444502, 12.50053300038716 ], [ 77.2361591129972, 12.500271375322187 ], [ 77.236429835442635, 12.500272115436628 ], [ 77.237344182016201, 12.500130027372647 ], [ 77.238146530608375, 12.500051630309139 ], [ 77.238262417408606, 12.500086531265531 ], [ 77.238364848359723, 12.500181081826328 ], [ 77.238579938620589, 12.500196949799173 ], [ 77.238685083450378, 12.499890101787754 ], [ 77.238749701386297, 12.499701186970348 ], [ 77.238615607162046, 12.498869669913063 ], [ 77.238557286117285, 12.498019074238877 ], [ 77.238528258400891, 12.497500625202907 ], [ 77.238518122853236, 12.49731959915513 ], [ 77.238490936303904, 12.49717011034134 ], [ 77.238137719843905, 12.49543689506236 ], [ 77.238207906810985, 12.495066569882068 ], [ 77.238231016427548, 12.494945658417917 ], [ 77.238293773713352, 12.494555102918984 ], [ 77.238354110074511, 12.494189422262565 ], [ 77.238371497643698, 12.494084044652279 ], [ 77.238354638822187, 12.493998120376952 ], [ 77.238337644428611, 12.493911295355449 ], [ 77.238312898047852, 12.493784825378981 ], [ 77.238312551712127, 12.493783053435576 ], [ 77.238300195494517, 12.493719758660925 ], [ 77.238332797860082, 12.493652367204254 ], [ 77.238722881643596, 12.492875371955089 ], [ 77.238874447944156, 12.492573472002828 ], [ 77.23887806242621, 12.49256654149427 ], [ 77.238945693214745, 12.492075022960263 ], [ 77.238960083078922, 12.491892681560117 ], [ 77.238956238921276, 12.491645209190892 ], [ 77.238955748648976, 12.491611538667364 ], [ 77.23895404672264, 12.491494572802184 ], [ 77.238939043452561, 12.491173598643151 ], [ 77.238903589217927, 12.490428642087787 ], [ 77.238899755286084, 12.490348082264207 ], [ 77.239034545089183, 12.490238383798438 ], [ 77.239033316507971, 12.490217770302969 ], [ 77.23900924954097, 12.490180257142864 ], [ 77.238947326407526, 12.489742968391731 ], [ 77.238921888538897, 12.489563551433047 ], [ 77.238868910060944, 12.489475817144003 ], [ 77.238833096759635, 12.489416453040434 ], [ 77.238864057962033, 12.489242501050482 ], [ 77.239032885533732, 12.489067752494984 ], [ 77.239047353320672, 12.488817069909295 ], [ 77.238999041008483, 12.488787113178686 ], [ 77.238956141772093, 12.48875436519419 ], [ 77.238912067343989, 12.488720670874141 ], [ 77.238764099966062, 12.488607040060728 ], [ 77.238678134969376, 12.488502824630665 ], [ 77.238347986897111, 12.48829775365234 ], [ 77.238135752460195, 12.488199918350146 ], [ 77.238057372127471, 12.488163794094911 ], [ 77.237919162964289, 12.488084478333709 ], [ 77.237812336685437, 12.488096397431073 ], [ 77.237766220809377, 12.488072110844211 ], [ 77.237663722122747, 12.488126662883763 ], [ 77.237589372552137, 12.488166238597929 ], [ 77.23749048934468, 12.488256876034312 ], [ 77.237452067625, 12.488427389097001 ], [ 77.23741317356523, 12.488446600656001 ], [ 77.237381334675518, 12.488462328702916 ], [ 77.237285597171365, 12.488441578892987 ], [ 77.23720749805895, 12.488392916233506 ], [ 77.237183184627867, 12.488369150721299 ], [ 77.237093759592199, 12.488281733838644 ], [ 77.236976616979021, 12.488219271595991 ], [ 77.236871879496178, 12.488163405298858 ], [ 77.23681171751133, 12.488132263238457 ], [ 77.236775122994402, 12.488113324031634 ], [ 77.236775101695969, 12.488113307038512 ], [ 77.236775061047069, 12.488113285687598 ], [ 77.236759081652039, 12.488096147212792 ], [ 77.236743042860908, 12.488078945972145 ], [ 77.23671253587662, 12.488046232078052 ], [ 77.236696925206772, 12.488029513459367 ], [ 77.236650795724344, 12.487980093685332 ], [ 77.236615066075188, 12.487941827543523 ], [ 77.236589969089209, 12.487914948063814 ], [ 77.236589874124917, 12.487914813300186 ], [ 77.236496704770374, 12.487777875854675 ], [ 77.236421243312677, 12.487513331251877 ], [ 77.236420821246909, 12.487405358780464 ], [ 77.23643696383526, 12.487302052816874 ], [ 77.23644302144244, 12.487263286274857 ], [ 77.236458919298016, 12.487161574623256 ], [ 77.236451346787973, 12.487032725971998 ], [ 77.23644257737952, 12.486884028019613 ], [ 77.236390312918687, 12.486782466226265 ], [ 77.236329701210252, 12.486664693004286 ], [ 77.236313075989912, 12.486679728975959 ], [ 77.236314466513036, 12.486684437350393 ], [ 77.236271888388046, 12.486691766093529 ], [ 77.236261273817576, 12.486667919336 ], [ 77.236263539720809, 12.486658162500859 ], [ 77.236233879917265, 12.486662900753664 ], [ 77.236204209061384, 12.486667637287722 ], [ 77.23535014067977, 12.486803078173697 ], [ 77.234812755882174, 12.486760430866379 ], [ 77.234710707390732, 12.486752100983114 ], [ 77.23467271702556, 12.486749000040442 ], [ 77.234345596773764, 12.486722297092879 ], [ 77.234290601389944, 12.486800025675585 ], [ 77.233590692165848, 12.486934704716445 ], [ 77.233565546902867, 12.486939125136585 ], [ 77.233491044990501, 12.48695222140509 ], [ 77.233470769849944, 12.486955628198473 ], [ 77.233428413802656, 12.48695853025499 ], [ 77.232970437466378, 12.486989157662165 ], [ 77.232804007109067, 12.486999958153802 ], [ 77.23251008083345, 12.487018288550123 ], [ 77.232503654723899, 12.487018670715198 ], [ 77.232342339162415, 12.487028256489516 ], [ 77.232248116485323, 12.487040577735781 ], [ 77.232195142958417, 12.487047462396253 ], [ 77.231821446181712, 12.487095150854751 ], [ 77.23176053685458, 12.487111585271991 ], [ 77.231724878742966, 12.487121146859936 ], [ 77.231708253522555, 12.487125605011258 ], [ 77.231486166037953, 12.487185157334572 ], [ 77.231443425272133, 12.487196618323589 ], [ 77.231442895234906, 12.487196689584074 ], [ 77.231442822710278, 12.487196704643379 ], [ 77.23105922690101, 12.487247918883964 ], [ 77.231021599440666, 12.48725294213417 ], [ 77.231115307438742, 12.48764730281068 ], [ 77.231118706464571, 12.487661668505282 ], [ 77.231120834412948, 12.487670659686428 ], [ 77.231013699911472, 12.487721573399773 ], [ 77.230990861779873, 12.487732411421248 ], [ 77.230754258793297, 12.487762186010395 ], [ 77.230571116877044, 12.487785071100113 ], [ 77.230387281305752, 12.487796240158628 ], [ 77.230264389433174, 12.487803645221895 ], [ 77.230175113043884, 12.487808976465063 ], [ 77.230168731027319, 12.487809356405817 ], [ 77.230159062885221, 12.487809934333157 ], [ 77.230147192553375, 12.487810668745276 ], [ 77.230025395640141, 12.487835313212692 ], [ 77.23000605913758, 12.487840200360456 ], [ 77.23000166068276, 12.487841312133979 ], [ 77.229987299858024, 12.487844941756757 ], [ 77.229953396049964, 12.487853510837654 ], [ 77.229891106557304, 12.487906615953184 ], [ 77.229861985570508, 12.487931455101144 ], [ 77.229833557456487, 12.487955692988177 ], [ 77.229812650651908, 12.487973519379336 ], [ 77.229763727247033, 12.487981825021285 ], [ 77.229704471949589, 12.48799192047345 ], [ 77.229702315702625, 12.48799228713299 ], [ 77.229676590401851, 12.487996658697682 ], [ 77.229671503771215, 12.487997525839718 ], [ 77.229667870856588, 12.48799814509448 ], [ 77.229650882657481, 12.488001040055298 ], [ 77.229486929374914, 12.48805087706778 ], [ 77.228748453400527, 12.48827534880218 ], [ 77.228695370111936, 12.488291483828375 ], [ 77.228567480467859, 12.488346692720175 ], [ 77.228394909562709, 12.488421151638992 ], [ 77.228365562925958, 12.488432875570263 ], [ 77.228109604211184, 12.488570501689184 ], [ 77.227419910028445, 12.488940969867853 ], [ 77.227417697837012, 12.488941786103684 ], [ 77.226879579214113, 12.489140438266013 ], [ 77.226699837931108, 12.48920432547758 ], [ 77.226661005735806, 12.489218113015342 ], [ 77.226330234137009, 12.489335556646536 ], [ 77.226204557877494, 12.4893711978036 ], [ 77.226066380056736, 12.489410348157728 ], [ 77.226065670322072, 12.489407368249175 ], [ 77.226004392735092, 12.489120942151018 ], [ 77.225991895841346, 12.489062530038373 ], [ 77.2259198777151, 12.488419822148503 ], [ 77.225911868743268, 12.488360744894731 ], [ 77.225902794716305, 12.488293809867686 ], [ 77.225900038061795, 12.48826903554807 ], [ 77.225908641420276, 12.488256218031847 ], [ 77.22601685457451, 12.488095232169574 ], [ 77.226010358312166, 12.488039039636151 ], [ 77.225986639778426, 12.487833883307985 ], [ 77.22600779453505, 12.487424403044578 ], [ 77.226011633732355, 12.487346831643576 ], [ 77.226029935311075, 12.486977085524069 ], [ 77.225860090470476, 12.486978354407135 ], [ 77.225839646693927, 12.485618723613795 ], [ 77.225838491651942, 12.485547214687342 ], [ 77.225836949495289, 12.485451730602604 ], [ 77.226212200321243, 12.484189868868661 ], [ 77.226235194150121, 12.484112823384702 ], [ 77.226271492154112, 12.483991196848315 ], [ 77.226184977395405, 12.483451164801965 ], [ 77.226168712577802, 12.483348702946923 ], [ 77.226203065220744, 12.483283289887504 ], [ 77.226235589003636, 12.483221359362757 ], [ 77.226236483771274, 12.483208124751672 ], [ 77.22625700488156, 12.482904732269542 ], [ 77.226271367380107, 12.482694187240144 ], [ 77.22627650969379, 12.482618966402994 ], [ 77.226280431554898, 12.482561589847217 ], [ 77.226088209748383, 12.48246411144677 ], [ 77.226091153305816, 12.482304574241541 ], [ 77.226097518758976, 12.481961092791698 ], [ 77.226101410067542, 12.481743204101223 ], [ 77.225883238271237, 12.481293097035651 ], [ 77.225888740399611, 12.480938827241767 ], [ 77.225884897265317, 12.480721416243803 ], [ 77.225883227617942, 12.48065670272962 ], [ 77.225883168672055, 12.480654433161057 ], [ 77.225859253906236, 12.479855358759576 ], [ 77.225857662367702, 12.479799239537666 ], [ 77.225855485478434, 12.479722516623264 ], [ 77.225802086527125, 12.479355209276335 ], [ 77.225764374975711, 12.479050085085701 ], [ 77.225804128717201, 12.478833959858683 ], [ 77.225821315162491, 12.478744350546499 ], [ 77.22586724028325, 12.478735645889429 ], [ 77.225973103367807, 12.478715580644675 ], [ 77.226043912661495, 12.478702313919475 ], [ 77.226048265711668, 12.478645982069287 ], [ 77.226048635006919, 12.478641201241967 ], [ 77.226084492945049, 12.478177187782057 ], [ 77.225971172264579, 12.478072597994299 ], [ 77.225907130781579, 12.477594545139683 ], [ 77.225893537560623, 12.477506406195207 ], [ 77.2258851803102, 12.47745221884516 ], [ 77.225869715763835, 12.477031894567636 ], [ 77.225869717379041, 12.477031868347451 ], [ 77.225873984922572, 12.476876309920705 ], [ 77.225721390284463, 12.476423354544224 ], [ 77.225693638965069, 12.476343115816 ], [ 77.225676202354506, 12.476292701231998 ], [ 77.225544982830243, 12.47565279930884 ], [ 77.225531201331151, 12.475586608742615 ], [ 77.225522205135931, 12.475543400068887 ], [ 77.225435071744897, 12.474658150692857 ], [ 77.225498345538838, 12.474648869336004 ], [ 77.225832061662018, 12.474599919939239 ], [ 77.226056476462887, 12.474569923118249 ], [ 77.2261231945986, 12.474877632975769 ], [ 77.226125150346689, 12.474877382783678 ], [ 77.226125481064784, 12.474877342100015 ], [ 77.226470421033099, 12.474819756742789 ], [ 77.226787909932895, 12.474766582508103 ], [ 77.2269121083351, 12.474745510034099 ], [ 77.226924250939717, 12.474743449714119 ], [ 77.227047986962731, 12.474722511128077 ], [ 77.227048521524878, 12.47472910360889 ], [ 77.227057260179237, 12.474836829230323 ], [ 77.227085283433141, 12.475182288660941 ], [ 77.227070493388212, 12.475473733173134 ], [ 77.227164066534229, 12.475539886606132 ], [ 77.227169455925335, 12.475580910932477 ], [ 77.227220432721879, 12.475968973836908 ], [ 77.227237832590987, 12.475979998808192 ], [ 77.22729662120517, 12.476017250359293 ], [ 77.227324343652427, 12.476034803253157 ], [ 77.2273450050413, 12.476047930365846 ], [ 77.2273577578367, 12.476112600219826 ], [ 77.227364567819066, 12.476147137006345 ], [ 77.227421054479805, 12.476429569698384 ], [ 77.227434771505344, 12.476498158084988 ], [ 77.22744871426768, 12.476567870595323 ], [ 77.227449816622752, 12.476596013047734 ], [ 77.2274548603813, 12.476724796029808 ], [ 77.227465493956444, 12.476996312162321 ], [ 77.22747760323422, 12.477305527722635 ], [ 77.227473568570957, 12.477305824012792 ], [ 77.227404990350337, 12.477310863556074 ], [ 77.227317799314477, 12.477317264098104 ], [ 77.227229240713967, 12.47732376536935 ], [ 77.226990581558056, 12.477341185273479 ], [ 77.226996659410148, 12.477367211796672 ], [ 77.227011323052096, 12.477430353121871 ], [ 77.226975405683092, 12.477433570372083 ], [ 77.226980624388545, 12.477459142206207 ], [ 77.227038424037104, 12.477740669488959 ], [ 77.227071686586029, 12.477902877207235 ], [ 77.227062432737867, 12.478455502061726 ], [ 77.227061229914213, 12.478527348531758 ], [ 77.22705714997339, 12.478710444162653 ], [ 77.227003313300528, 12.47879120721919 ], [ 77.226984083774937, 12.478816390812826 ], [ 77.226925332332968, 12.479346562991104 ], [ 77.227356178865435, 12.479417268871805 ], [ 77.227394604358352, 12.479436093344219 ], [ 77.227975317673554, 12.479720579166948 ], [ 77.228014691041523, 12.479740759363235 ], [ 77.228045079636374, 12.479756333606435 ], [ 77.228060264078849, 12.479764204850472 ], [ 77.228151346182656, 12.479746330259305 ], [ 77.228247296069696, 12.479727503603765 ], [ 77.228576951046691, 12.479662893663832 ], [ 77.229155549109791, 12.479576782151772 ], [ 77.22937852168306, 12.479567851469097 ], [ 77.229641930290825, 12.479557673586108 ], [ 77.229888409174478, 12.479555660127405 ], [ 77.229987775589905, 12.479555024672521 ], [ 77.230021382796579, 12.479568643605688 ], [ 77.230032168111634, 12.479573018613001 ], [ 77.230050130415549, 12.479580305580429 ], [ 77.230073863314644, 12.479589936875694 ], [ 77.230072217743654, 12.479609979692457 ], [ 77.230107820085365, 12.479606251300636 ], [ 77.230110509327943, 12.479606812841388 ], [ 77.230101659275007, 12.47969493718864 ], [ 77.230016445581782, 12.48053742348597 ], [ 77.230008880022922, 12.48061274107534 ], [ 77.229960480623319, 12.480682075079399 ], [ 77.229944178234888, 12.480801291690744 ], [ 77.229909828999041, 12.481053270172366 ], [ 77.229856682369814, 12.481445196488755 ], [ 77.229827094512416, 12.481664472013305 ], [ 77.229809125683175, 12.481797971549824 ], [ 77.229802631403032, 12.481846219523751 ], [ 77.229753808987638, 12.48230280469415 ], [ 77.229771628975911, 12.482849238588052 ], [ 77.229797087503755, 12.483094344282803 ], [ 77.22982587958758, 12.483330935012313 ], [ 77.229865323834446, 12.483603780099573 ], [ 77.229909343360191, 12.483913647316079 ], [ 77.229969043092026, 12.484065580260157 ], [ 77.230019060659004, 12.484235108427955 ], [ 77.230080172555859, 12.484219401185017 ], [ 77.230003831886862, 12.484012761478242 ], [ 77.230002248741741, 12.483937564746432 ], [ 77.229998300099339, 12.483906796314654 ], [ 77.230436628320945, 12.4839203818721 ], [ 77.230570918038168, 12.483986558977314 ], [ 77.230614529923002, 12.484008014824976 ], [ 77.230897336013882, 12.483869867754782 ], [ 77.23096414828332, 12.483865487800747 ], [ 77.231073065412247, 12.483858239935632 ], [ 77.23110603158409, 12.483910624631759 ], [ 77.231145582345547, 12.483973183597028 ], [ 77.231180283979356, 12.483917309174663 ], [ 77.231198868504222, 12.48388738630551 ], [ 77.231212898293265, 12.483864797452322 ], [ 77.231271429476621, 12.483770555222021 ], [ 77.231287095726302, 12.483745331244313 ], [ 77.23129635518184, 12.483730567081958 ], [ 77.231304776848575, 12.483728787618103 ], [ 77.231317580183003, 12.483726092608583 ], [ 77.231545419242366, 12.483678132687649 ], [ 77.232003712260237, 12.483718190095168 ], [ 77.232063637105341, 12.483723460371113 ], [ 77.232823682921705, 12.483899716627676 ], [ 77.232824790849676, 12.483900008377422 ], [ 77.233285440763524, 12.484010981963779 ], [ 77.233374445031345, 12.484032423680869 ], [ 77.233449783000978, 12.484050837391433 ], [ 77.233423532624954, 12.48402246332769 ], [ 77.2333857322851, 12.483981652707657 ], [ 77.233305592490211, 12.483895131338766 ], [ 77.233327299343969, 12.483891729001611 ], [ 77.233784968881139, 12.483819992404049 ], [ 77.234054809554422, 12.483712974868167 ], [ 77.234114382094461, 12.483583648141902 ], [ 77.234125076149681, 12.483560432557475 ], [ 77.234130355143705, 12.483548987991298 ], [ 77.234150348490871, 12.48336318393944 ], [ 77.23429038657595, 12.483306159815486 ], [ 77.234335100788684, 12.483090117120712 ], [ 77.234454333262704, 12.483083756636216 ], [ 77.234470941919795, 12.483082870745308 ], [ 77.234497953266469, 12.483065651388044 ], [ 77.234505056394028, 12.483061121114265 ], [ 77.234677961342442, 12.482950602244163 ], [ 77.234722707907579, 12.482922001334032 ], [ 77.234734274081333, 12.482918112727132 ], [ 77.235271164302006, 12.482737537904139 ], [ 77.235568528922428, 12.482635534989736 ], [ 77.235471179195798, 12.482366459337843 ], [ 77.235877391481793, 12.48227715317133 ], [ 77.235980626574062, 12.482254456994903 ], [ 77.235790746801612, 12.48126649246452 ], [ 77.235691725910186, 12.480749487410522 ], [ 77.235622056441031, 12.480385717936905 ], [ 77.235613299770179, 12.480339997505139 ], [ 77.23558616690076, 12.480198306889081 ], [ 77.235374542038599, 12.480215347787118 ], [ 77.235343850306393, 12.480217853257134 ], [ 77.235290209106267, 12.480104139715994 ], [ 77.235201403135306, 12.479500410206317 ], [ 77.23519033222496, 12.479026259240436 ], [ 77.23518996443056, 12.479010515677947 ], [ 77.235186752604676, 12.478873206547631 ], [ 77.235165177138896, 12.478787178872279 ], [ 77.234989475717953, 12.478086617930844 ], [ 77.235359751784955, 12.478102849312606 ], [ 77.235611258490849, 12.47811387444418 ], [ 77.235665919980178, 12.478116270666765 ], [ 77.235903752384331, 12.478202463914728 ], [ 77.235922751346806, 12.478209349689076 ], [ 77.23593349666892, 12.478213244027646 ], [ 77.236005541494819, 12.478220294604473 ], [ 77.236013340214214, 12.478206182264106 ], [ 77.236202891786306, 12.477864673946272 ], [ 77.236219028139089, 12.477835598045287 ], [ 77.236257725307084, 12.477765870170506 ], [ 77.236296967731789, 12.477557218862069 ], [ 77.236221856114071, 12.477097941403748 ], [ 77.236217194861723, 12.476773958792807 ], [ 77.236207455988861, 12.476550830866286 ], [ 77.236179579206947, 12.476451194607453 ], [ 77.23615675621356, 12.476369710213865 ], [ 77.236134659004705, 12.476290817875958 ], [ 77.236061382212952, 12.475750876195738 ], [ 77.23603606748469, 12.475161707511097 ], [ 77.236032411341739, 12.475079135230061 ], [ 77.236030381931059, 12.475033302089816 ], [ 77.235927874149695, 12.47502148391534 ], [ 77.235861415360461, 12.475013822077948 ], [ 77.235270254844011, 12.474947181002308 ], [ 77.235127120628121, 12.474932325681126 ], [ 77.235122899682622, 12.474875210152009 ], [ 77.235113255958751, 12.474744698418236 ], [ 77.235066438332993, 12.474111124347194 ], [ 77.235051343720571, 12.473835846709996 ], [ 77.235050694268637, 12.473824460304913 ], [ 77.235041037867219, 12.473655253091472 ], [ 77.2351221529631, 12.473585709006512 ], [ 77.235185569034456, 12.473469960899711 ], [ 77.235217679830555, 12.473411388577674 ], [ 77.235277564715915, 12.473236817586683 ], [ 77.235341884043876, 12.473050576790122 ], [ 77.235340669474056, 12.472994330093041 ], [ 77.235339272973192, 12.472929632788542 ], [ 77.23533721995085, 12.472834502285936 ], [ 77.235337041275642, 12.472826217025123 ], [ 77.235335075847416, 12.472735185789883 ], [ 77.235335066787385, 12.472734772883395 ], [ 77.235335304252445, 12.472733831993164 ], [ 77.235344357625308, 12.472698002912393 ], [ 77.235651574577247, 12.472596036658103 ], [ 77.23579318119161, 12.472555731329736 ], [ 77.23582960265297, 12.472545356229995 ], [ 77.235879173785008, 12.472531244796771 ], [ 77.235887015669391, 12.472529998708435 ], [ 77.236052978240878, 12.472503635820798 ], [ 77.236203977396372, 12.47254956103702 ], [ 77.23626144421516, 12.47252376098232 ], [ 77.236273979335479, 12.472480565162845 ], [ 77.236292169251399, 12.472417879824823 ], [ 77.23629632595204, 12.472300235169632 ], [ 77.236301696572696, 12.472134375504917 ], [ 77.23630622305879, 12.471994560538384 ], [ 77.236298088964162, 12.471269312567989 ], [ 77.236295105101277, 12.47100326435867 ], [ 77.236294372493063, 12.47094339807661 ], [ 77.236294172462493, 12.470927053987163 ], [ 77.237000158972535, 12.47092282392846 ], [ 77.237020823310885, 12.470922699624639 ], [ 77.237570350575453, 12.470925666911757 ], [ 77.237680666788748, 12.470926334544668 ], [ 77.23768239153847, 12.470944918846122 ], [ 77.237683947426632, 12.470958509917795 ], [ 77.23770711062113, 12.471160825823812 ], [ 77.237751189279578, 12.471164257569823 ], [ 77.23823571882096, 12.471202001842132 ], [ 77.238363271698105, 12.471211922655199 ], [ 77.238364577490074, 12.471212023880238 ], [ 77.238590065031843, 12.471208478940111 ], [ 77.238689331468166, 12.471206918061723 ], [ 77.238845876268471, 12.471204256604452 ], [ 77.238958172951897, 12.471310518251894 ], [ 77.239576317510085, 12.4712989022826 ], [ 77.239624827979526, 12.47124746993558 ], [ 77.239687919563281, 12.471178366253197 ], [ 77.239746220084072, 12.471184814489044 ], [ 77.239784860964846, 12.471189088072215 ], [ 77.239931660228137, 12.471205323236228 ], [ 77.240043419729417, 12.471211072831457 ], [ 77.240700106060956, 12.471166725843361 ], [ 77.241354406680969, 12.471123047751316 ], [ 77.241595274183197, 12.471179168818125 ], [ 77.24222188594355, 12.471185722626652 ], [ 77.242268000040909, 12.471182469391223 ], [ 77.242328941111595, 12.47117816939026 ], [ 77.242330447427335, 12.471178062891557 ], [ 77.242531611902507, 12.471165564344009 ], [ 77.242843651229236, 12.47114826198098 ], [ 77.242863016212056, 12.471147188322224 ], [ 77.242881875650497, 12.4711461423594 ], [ 77.243138069130438, 12.471131936215047 ], [ 77.24316112547163, 12.471130657442359 ], [ 77.243611736724262, 12.471111515517238 ], [ 77.243610308242125, 12.471078471867921 ], [ 77.243595770818374, 12.470486044017754 ], [ 77.24359530209793, 12.47046695597305 ], [ 77.243592695696563, 12.470360750646275 ], [ 77.243591849680783, 12.470263655090097 ], [ 77.243667074786828, 12.470261189820363 ], [ 77.243665166365133, 12.470248236143371 ], [ 77.243659901528162, 12.470235083547951 ], [ 77.243650401907331, 12.47021135339982 ], [ 77.243641459599431, 12.470189015699301 ], [ 77.243652368291436, 12.47018607029994 ], [ 77.24421811229459, 12.470033299254192 ], [ 77.244230143422186, 12.470005214211348 ], [ 77.244342967802538, 12.469741838939823 ], [ 77.244378329740343, 12.469717243255268 ], [ 77.244508820748308, 12.469626481018176 ], [ 77.24454797351639, 12.469599248496618 ], [ 77.245258343888125, 12.469728466125368 ], [ 77.24534642571686, 12.469758671520134 ], [ 77.245420796200776, 12.469784162629868 ], [ 77.245551763416216, 12.469829298596878 ], [ 77.245854082671016, 12.469776211617923 ], [ 77.245945012830575, 12.469760244291978 ], [ 77.246703306190895, 12.469627087840992 ], [ 77.246710603628671, 12.469557266226964 ], [ 77.246713797489548, 12.469533169398087 ], [ 77.246727542553785, 12.469429464198006 ], [ 77.24675928635456, 12.469425654834076 ], [ 77.24678020024551, 12.469423145641114 ], [ 77.246804015861656, 12.469420256243064 ], [ 77.246833630813796, 12.469416662497382 ], [ 77.246818488758848, 12.469544349257975 ], [ 77.24699522363295, 12.469528185073802 ], [ 77.247019495222489, 12.469528904744383 ], [ 77.248088286688926, 12.469407728343656 ], [ 77.248135996444688, 12.469402319170944 ], [ 77.248146136096949, 12.469401169280388 ], [ 77.248162972771198, 12.469511165923384 ], [ 77.248173145129826, 12.46957617181174 ], [ 77.248242722812407, 12.470020821674019 ], [ 77.248345610215466, 12.470007510138009 ], [ 77.248468361885926, 12.469998683366846 ], [ 77.248983031351614, 12.469998317834515 ], [ 77.249036593854356, 12.469998279939722 ], [ 77.249126997923696, 12.469998215145791 ], [ 77.250188123647646, 12.470028763621023 ], [ 77.250212324931169, 12.470025919501381 ], [ 77.253193427437978, 12.469675550788548 ], [ 77.253217971264007, 12.469672665595468 ], [ 77.253284755061031, 12.469664816316714 ], [ 77.254575099624887, 12.470070739926044 ], [ 77.254603237259801, 12.47001120250151 ], [ 77.254721871046144, 12.46975958249034 ], [ 77.254751033591575, 12.46969043501756 ], [ 77.254775121983087, 12.469633318004973 ], [ 77.25544428157977, 12.468046654031639 ], [ 77.256213470227792, 12.466397216152176 ], [ 77.256475287286406, 12.465732757583558 ], [ 77.256923802568139, 12.464577707637929 ], [ 77.256923825430661, 12.464577692988135 ], [ 77.256940957696102, 12.46456597288616 ], [ 77.257259116976883, 12.464348856507485 ], [ 77.257413978765044, 12.464243428534978 ], [ 77.257631347742617, 12.464095671472691 ], [ 77.257699030582387, 12.464049754075873 ], [ 77.257747555431592, 12.464016835267335 ], [ 77.257529070794533, 12.463581983814107 ], [ 77.257741579284129, 12.463623694150362 ], [ 77.257961669449656, 12.463554620883707 ], [ 77.260093542561805, 12.462885543280162 ], [ 77.260504563945972, 12.462839154198891 ], [ 77.261988890351432, 12.462671303674568 ], [ 77.262996278698608, 12.46247597709017 ], [ 77.265111182852195, 12.461950262331323 ], [ 77.26617195320371, 12.462186098758897 ], [ 77.266224123117823, 12.462197697726095 ], [ 77.266699421874677, 12.462303366991458 ], [ 77.267284281282286, 12.462891152625348 ], [ 77.2679815147048, 12.463591940767325 ], [ 77.268627208027226, 12.464113434881829 ], [ 77.268736631827309, 12.464201810707623 ], [ 77.268815292357147, 12.464265433458003 ], [ 77.269427333288775, 12.464760467657259 ], [ 77.26985335937303, 12.462431450651213 ], [ 77.269857356806739, 12.462409595454494 ], [ 77.269920575584024, 12.462105037397876 ], [ 77.269925379285098, 12.462081894033416 ], [ 77.270126826930934, 12.461033995867641 ], [ 77.27013178328157, 12.46100821433982 ], [ 77.27027569200645, 12.460178685076638 ], [ 77.270279599894081, 12.460156160118789 ], [ 77.270279605143571, 12.460156129350212 ], [ 77.270436139411686, 12.459309242207519 ], [ 77.270439943720049, 12.459288658280103 ], [ 77.270577992776907, 12.458584707604514 ], [ 77.270626656236345, 12.458338171276742 ], [ 77.270636773803858, 12.458287127013461 ], [ 77.270639500062259, 12.458273372073721 ], [ 77.270916592392794, 12.456858919043368 ], [ 77.271014839025185, 12.456359934179465 ], [ 77.2710165430057, 12.45635128086349 ], [ 77.271016548302285, 12.456351255516472 ], [ 77.27106094829638, 12.456063937624453 ], [ 77.271061575053537, 12.456059881246995 ], [ 77.271061581238115, 12.456059852277876 ], [ 77.271376186507879, 12.454562851862896 ], [ 77.271389316804857, 12.454498873496403 ], [ 77.271393496253935, 12.454478506912745 ], [ 77.271394199326323, 12.454475084263439 ], [ 77.271395800334915, 12.454467279446988 ], [ 77.271402763545225, 12.454436388931001 ], [ 77.271424425158244, 12.454333316995026 ], [ 77.271425781386853, 12.454326864304569 ], [ 77.271425839648785, 12.454326585487477 ], [ 77.271426756154511, 12.454322223948425 ], [ 77.271426766763327, 12.4543221750616 ], [ 77.27142759057962, 12.45431825709519 ], [ 77.27142906598813, 12.454311235000628 ], [ 77.271433371288879, 12.45429074897968 ], [ 77.272147477764733, 12.450892752095839 ], [ 77.272147483972773, 12.450892725837502 ], [ 77.272156051455468, 12.450852942476393 ], [ 77.272274892383138, 12.450301122917219 ], [ 77.272288578763707, 12.450237570932348 ], [ 77.272471600043517, 12.449387735131141 ], [ 77.272630432018133, 12.448645956324341 ], [ 77.272661645841382, 12.44849989562721 ], [ 77.272637842437987, 12.448477910002799 ], [ 77.272634053949062, 12.448474410351793 ], [ 77.272635859047625, 12.448466817085103 ], [ 77.272644415208617, 12.448430813831752 ], [ 77.272646402978339, 12.448422445496538 ], [ 77.272650969430316, 12.448403241385316 ], [ 77.272669695598225, 12.44832448814193 ], [ 77.272799223134911, 12.447778222145741 ], [ 77.27290038575201, 12.447341626920279 ], [ 77.272952040181835, 12.447118698068319 ], [ 77.272966675003062, 12.447055535727291 ], [ 77.273110726914851, 12.446433833932627 ], [ 77.273114274963604, 12.446426194383836 ], [ 77.273186681446248, 12.446156170341309 ], [ 77.273407125048578, 12.445334491616336 ], [ 77.273416232637857, 12.445300479913257 ], [ 77.273417705357005, 12.445295057320999 ], [ 77.273418257865202, 12.445297157298265 ], [ 77.273463777577533, 12.445251329519149 ], [ 77.273463938488263, 12.445246365268465 ], [ 77.273553907137497, 12.445067736962935 ], [ 77.273903249444032, 12.444675077235964 ], [ 77.274152765476572, 12.443993953057698 ], [ 77.27417939383264, 12.44341990375688 ], [ 77.274170804852346, 12.443271737935099 ], [ 77.274335326195398, 12.442887804689738 ], [ 77.274431632718617, 12.442772230024934 ], [ 77.274122976714423, 12.442528559662657 ], [ 77.274080727207362, 12.442426103820615 ], [ 77.27415721858236, 12.442270050193573 ], [ 77.274435596538595, 12.442109907682186 ], [ 77.274550780243999, 12.441927227593302 ], [ 77.274500958633382, 12.441819897011491 ], [ 77.274464242786024, 12.441740801269662 ], [ 77.274500226947225, 12.441678945004469 ], [ 77.274528559659842, 12.441630239876469 ], [ 77.274564451390361, 12.441568542525012 ], [ 77.274618032703856, 12.441306067832803 ], [ 77.274624361835635, 12.441275061571686 ], [ 77.274672124493037, 12.441041084811198 ], [ 77.27468069892511, 12.440999089246832 ], [ 77.274684583631981, 12.440980070700228 ], [ 77.27481302666088, 12.440351571002289 ], [ 77.274885505555631, 12.440065322972863 ], [ 77.274978347926066, 12.439698924444233 ], [ 77.274991660513294, 12.43964638761182 ], [ 77.274976525083488, 12.439621788089786 ], [ 77.274880331986196, 12.439465446288605 ], [ 77.274428850000234, 12.439275003127793 ], [ 77.274153773682599, 12.438955212818124 ], [ 77.273986914605217, 12.438760543122342 ], [ 77.273913795651922, 12.4385654242037 ], [ 77.273863684574906, 12.438431567934506 ], [ 77.27386142469706, 12.438390381859517 ], [ 77.273844307979346, 12.438078381820144 ], [ 77.273831721287607, 12.437846124188091 ], [ 77.273818715244218, 12.437606137457163 ], [ 77.273962888088079, 12.437684358244027 ], [ 77.274096816159954, 12.437512902604738 ], [ 77.274101103620239, 12.437507406654138 ], [ 77.274126812929396, 12.437474451863764 ], [ 77.275112644688818, 12.43720561485442 ], [ 77.275106662441118, 12.437135782503239 ], [ 77.27510307920835, 12.437093951538003 ], [ 77.275068108329805, 12.436846821073516 ], [ 77.275037865153948, 12.43663335008825 ], [ 77.275030379528047, 12.436580509218583 ], [ 77.275018472750148, 12.436496466934349 ], [ 77.274009811758646, 12.436307295358821 ], [ 77.273685879021613, 12.436656122163974 ], [ 77.273579722083724, 12.4367934976271 ], [ 77.273539191612542, 12.436845867342369 ], [ 77.273442884391585, 12.436970305441285 ], [ 77.273391162047503, 12.437027633590787 ], [ 77.273255447224827, 12.437177856175747 ], [ 77.273002827174935, 12.437214406350195 ], [ 77.272876603784582, 12.437177420898317 ], [ 77.272764293655172, 12.437072652417299 ], [ 77.27258299953327, 12.436903576909518 ], [ 77.272444329640024, 12.436774296482188 ], [ 77.272250833389052, 12.436593974997029 ], [ 77.272094575572879, 12.43633146171925 ], [ 77.271936200119086, 12.435883059546617 ], [ 77.271898472668553, 12.435776647660662 ], [ 77.271865348777098, 12.435707336669392 ], [ 77.271841596426427, 12.435657635948473 ], [ 77.271754311305642, 12.435474992504414 ], [ 77.271728044043428, 12.435420081587187 ], [ 77.271168154885189, 12.434923557821243 ], [ 77.270908231958373, 12.434693191984158 ], [ 77.270495789994513, 12.434416501590457 ], [ 77.270233919622044, 12.434330299788517 ], [ 77.269714326532537, 12.434354267912694 ], [ 77.269713464425422, 12.434354307675573 ], [ 77.269664554920894, 12.43435655324453 ], [ 77.269658703469588, 12.434194540441519 ], [ 77.269691592081756, 12.434170138617592 ], [ 77.27001769810721, 12.433928106286514 ], [ 77.270195767840292, 12.433795913151146 ], [ 77.270285848210122, 12.43372904011828 ], [ 77.270432064076317, 12.433620458395435 ], [ 77.270746472048302, 12.433386972781451 ], [ 77.270854868521695, 12.433306439789627 ], [ 77.270875014550825, 12.433263558270415 ], [ 77.270886943653821, 12.433238168296755 ], [ 77.270968636117345, 12.433064262608509 ], [ 77.27100746915437, 12.432981594196615 ], [ 77.271079127511072, 12.432953319131897 ], [ 77.271255776840576, 12.432883617460449 ], [ 77.271558641123477, 12.432547581154553 ], [ 77.271618635653496, 12.432531852710104 ], [ 77.271696610458946, 12.432511410745724 ], [ 77.271902277319569, 12.43245749339407 ], [ 77.272083605928074, 12.432338163595119 ], [ 77.272164936564408, 12.432196904597923 ], [ 77.272306938023277, 12.432142508473417 ], [ 77.272354853689862, 12.432124147725611 ], [ 77.272464366657474, 12.43194856958433 ], [ 77.272601872221273, 12.431728158914497 ], [ 77.272888022559272, 12.431332267913637 ], [ 77.273019892129156, 12.431149920555677 ], [ 77.273034145993762, 12.431130214916191 ], [ 77.273089614200217, 12.431053529853694 ], [ 77.273159401640442, 12.430957049130267 ], [ 77.273236628606554, 12.430637471688124 ], [ 77.27325603100563, 12.43055723991116 ], [ 77.273515310667278, 12.430258661704787 ], [ 77.27355393412266, 12.430194950955434 ], [ 77.273643064493669, 12.430048042508403 ], [ 77.273694000992762, 12.430057918197976 ], [ 77.27389964793133, 12.430097788036875 ], [ 77.274676503379666, 12.430610620369713 ], [ 77.274703980011054, 12.430559786336762 ], [ 77.274729567235283, 12.430512446366366 ], [ 77.274737730097911, 12.430494380483935 ], [ 77.274777341874497, 12.430518517788336 ], [ 77.274940697315699, 12.430618058363736 ], [ 77.275028895403921, 12.430671802316455 ], [ 77.275170020075421, 12.430699629015361 ], [ 77.275146163847793, 12.430618965585513 ], [ 77.275094060685262, 12.430442795960488 ], [ 77.275094088250782, 12.430442793921481 ], [ 77.275097938294252, 12.430442938678794 ], [ 77.275293486569623, 12.430450281899169 ], [ 77.275308966815416, 12.430414206921782 ], [ 77.2754338620922, 12.43012314932276 ], [ 77.275770661139504, 12.430154280153342 ], [ 77.276173671310858, 12.430102964240463 ], [ 77.276276629665475, 12.430090016542962 ], [ 77.276531790013834, 12.430057928900666 ], [ 77.276824945651498, 12.430015759222471 ], [ 77.27687954858483, 12.429998569610012 ], [ 77.277051965439199, 12.429944292331465 ], [ 77.277266011634367, 12.429877768984666 ], [ 77.277622525137517, 12.429766967619416 ], [ 77.277640289114302, 12.429313754787584 ], [ 77.277642506789178, 12.429257174370163 ], [ 77.277642517601237, 12.429257148976763 ], [ 77.278259906609463, 12.429280428873554 ], [ 77.2788787837044, 12.429270857716407 ], [ 77.278980118381085, 12.429240158639599 ], [ 77.278988922281954, 12.429304124899192 ], [ 77.278994839808277, 12.429356771848932 ], [ 77.278995226551103, 12.429360214237812 ], [ 77.278997970224623, 12.429387440921232 ], [ 77.279020502320563, 12.429382422985995 ], [ 77.279089943074297, 12.429366956935512 ], [ 77.279385978017018, 12.429305104084609 ], [ 77.279462302083019, 12.42930467015292 ], [ 77.279551240170861, 12.429304164318385 ], [ 77.279674187973185, 12.429303214814842 ], [ 77.279769518705734, 12.429302477957465 ], [ 77.279780338751806, 12.429302387738375 ], [ 77.279913638281826, 12.429301312993397 ], [ 77.280613010479172, 12.429221762125458 ], [ 77.280615258843511, 12.428793992974096 ], [ 77.280853481069641, 12.428777330484046 ], [ 77.280887190811114, 12.428774972575958 ], [ 77.28099310878514, 12.428759717440476 ], [ 77.28102917694649, 12.428754522947736 ], [ 77.281463278216492, 12.428739400202963 ], [ 77.282050893199539, 12.428753675393724 ], [ 77.282086012832025, 12.428754528792197 ], [ 77.282465486728299, 12.428722561751263 ], [ 77.28248931006857, 12.428720554483121 ], [ 77.282756841817516, 12.428698456245375 ], [ 77.283210990256791, 12.428698246388072 ], [ 77.283330005366736, 12.428699752943311 ], [ 77.283475612799592, 12.428683106633915 ], [ 77.283936022472602, 12.428627540004438 ], [ 77.284153476069122, 12.428819123498736 ], [ 77.284432184062098, 12.428704823461603 ], [ 77.285226178930969, 12.428795393253353 ], [ 77.285223954105376, 12.428764588408987 ], [ 77.285218803529958, 12.428693262227062 ], [ 77.285206310743092, 12.428520022515251 ], [ 77.285203787343647, 12.428485035369652 ], [ 77.28519822263759, 12.42840787507736 ], [ 77.285183194652276, 12.428199657345807 ], [ 77.285114724540293, 12.427963502412158 ], [ 77.285137163369953, 12.427947426782582 ], [ 77.285160142279793, 12.42793065800879 ], [ 77.285222071905693, 12.427885176694392 ], [ 77.285219076836583, 12.427862497676719 ], [ 77.285200739704308, 12.427724963647593 ], [ 77.285231812904712, 12.427290845479547 ], [ 77.285235692736293, 12.427236638691911 ], [ 77.285249077607048, 12.42704964109339 ], [ 77.285276594736914, 12.42679990552935 ], [ 77.285211629669007, 12.426478266951426 ], [ 77.285171336940678, 12.426278639277536 ], [ 77.285162120011066, 12.426232997604879 ], [ 77.285159960628192, 12.426222302109718 ], [ 77.285156456403556, 12.426220898489074 ], [ 77.285142379813863, 12.426166251349832 ], [ 77.285090125494023, 12.426153523398378 ], [ 77.285008403534746, 12.426134352557966 ], [ 77.284977770475621, 12.426127535458454 ], [ 77.284962821970026, 12.426124208745081 ], [ 77.284963811664895, 12.426113308652438 ], [ 77.284978050563339, 12.425956471407401 ], [ 77.28497860245254, 12.425950394195743 ], [ 77.284993362984977, 12.425787805310398 ], [ 77.285001138749877, 12.42570216005141 ], [ 77.285031612711819, 12.425366500893013 ], [ 77.285036587992224, 12.425311701095167 ], [ 77.285037419171843, 12.425302547296118 ], [ 77.285104706807104, 12.4251234192733 ], [ 77.285118564002559, 12.424922259224074 ], [ 77.285093331097741, 12.424684867198494 ], [ 77.285092122458124, 12.424348941333664 ], [ 77.285077448708691, 12.424128335020646 ], [ 77.285080605167011, 12.424125610979397 ], [ 77.285083263371902, 12.424123315859751 ], [ 77.285135029590435, 12.424078635250952 ], [ 77.285138725612725, 12.424025794526981 ], [ 77.285140079887711, 12.424006425024658 ], [ 77.285142634480948, 12.42397005941074 ], [ 77.285145802765484, 12.423969426324565 ], [ 77.285209174886816, 12.423956764539412 ], [ 77.28520922911342, 12.423955183591156 ], [ 77.28523970308477, 12.423067881684956 ], [ 77.285240423619982, 12.423047323803635 ], [ 77.285243769097761, 12.422951929359972 ], [ 77.285243247132584, 12.42295195906655 ], [ 77.285243348003263, 12.422948560476597 ], [ 77.285243872699866, 12.422930949255866 ], [ 77.285244782643545, 12.422900392652696 ], [ 77.285280572573683, 12.422879560547894 ], [ 77.28530604447181, 12.422872259162435 ], [ 77.285341384751959, 12.422829528082113 ], [ 77.285279290377133, 12.422610980115699 ], [ 77.285228525883582, 12.422432630450926 ], [ 77.285228554304013, 12.422432410623202 ], [ 77.285226340352821, 12.422424619021958 ], [ 77.285234413719309, 12.422359886328165 ], [ 77.285279173385263, 12.421998845008082 ], [ 77.28528268023716, 12.421970555448723 ], [ 77.285284656569644, 12.421954615487 ], [ 77.285285763154377, 12.421945940108738 ], [ 77.285312665442461, 12.421931677569724 ], [ 77.285562623071939, 12.421799124212397 ], [ 77.285830524643714, 12.421651123087203 ], [ 77.28583320569237, 12.421555358354059 ], [ 77.285833708457005, 12.421537765395902 ], [ 77.285944115079033, 12.421524395749302 ], [ 77.286077446924324, 12.421508278846332 ], [ 77.286123076474283, 12.421502752843733 ], [ 77.286235838418634, 12.421131907713914 ], [ 77.286247219063355, 12.421094478117595 ], [ 77.285860089440661, 12.420845830204163 ], [ 77.285785233957554, 12.420854819776759 ], [ 77.28538507472453, 12.420902761734306 ], [ 77.285297954601205, 12.420939992633697 ], [ 77.285150111500386, 12.421003218835621 ], [ 77.284928702749227, 12.421080502878588 ], [ 77.284775220497139, 12.421134118214789 ], [ 77.284203463638988, 12.421270199808642 ], [ 77.284193249350579, 12.421272550503401 ], [ 77.284192070282586, 12.421272821602546 ], [ 77.283798104044848, 12.421133078759485 ], [ 77.28362951497499, 12.421158282531724 ], [ 77.283583502843285, 12.421165173145541 ], [ 77.283305025217871, 12.421206879429366 ], [ 77.283294389991781, 12.421205982288146 ], [ 77.282583980024711, 12.421146049010964 ], [ 77.282572782991807, 12.421147570238826 ], [ 77.282433786636744, 12.421166459478144 ], [ 77.282285177302455, 12.421186654099925 ], [ 77.282124372781297, 12.421442123301292 ], [ 77.281705494378684, 12.421452070847286 ], [ 77.281706667137314, 12.421442113522305 ], [ 77.281718481028022, 12.421341788607336 ], [ 77.281743899185216, 12.421336230266968 ], [ 77.281812353203264, 12.42132121860851 ], [ 77.281932037074938, 12.421065580889051 ], [ 77.282020295412508, 12.420877087473974 ], [ 77.281955626868353, 12.420338284309098 ], [ 77.281795370959173, 12.419899383863893 ], [ 77.281749973054218, 12.419774670425907 ], [ 77.281808154208179, 12.419274176596428 ], [ 77.281868562936097, 12.418951780054902 ], [ 77.281925877679868, 12.418398642017301 ], [ 77.281927341103085, 12.418384587779141 ], [ 77.281981959227366, 12.418356914139517 ], [ 77.282066725814971, 12.418314018388365 ], [ 77.282070236340161, 12.418291273617104 ], [ 77.282086197911312, 12.418187615432499 ], [ 77.282097131921034, 12.418117770125404 ], [ 77.282113386737819, 12.417890630298327 ], [ 77.282136918288103, 12.417559382225074 ], [ 77.282174132844759, 12.416965525802187 ], [ 77.282064983145247, 12.416898808263284 ], [ 77.282094835353718, 12.416586187324112 ], [ 77.2820956112933, 12.416578064149869 ], [ 77.282197182707961, 12.416341642715409 ], [ 77.282392266911742, 12.416193719358743 ], [ 77.282646088021863, 12.416004389901445 ], [ 77.282893746420655, 12.415822054969967 ], [ 77.282831939639181, 12.415716922945409 ], [ 77.282758474898458, 12.415592050245655 ], [ 77.282742590230711, 12.415565006609484 ], [ 77.282750591682927, 12.415545400360381 ], [ 77.282768974163403, 12.415500307608786 ], [ 77.282813063974373, 12.415392107470632 ], [ 77.282865652657733, 12.415263150151167 ], [ 77.282880444579718, 12.41522687569717 ], [ 77.282881398726346, 12.41522453622744 ], [ 77.282817459640199, 12.41519083985723 ], [ 77.282749247871109, 12.41515489230796 ], [ 77.28281459609876, 12.414589134048164 ], [ 77.282971172261526, 12.414192056337992 ], [ 77.283100203931838, 12.41343865521759 ], [ 77.283384176553298, 12.412847727413263 ], [ 77.283770993841699, 12.412138428875382 ], [ 77.284017119531811, 12.411268007366058 ], [ 77.283991920062476, 12.411131649360827 ], [ 77.283951912002877, 12.411239926277529 ], [ 77.283937513107148, 12.411165109266062 ], [ 77.283932204067895, 12.411137525638631 ], [ 77.283931908445979, 12.411135991915284 ], [ 77.283921454843636, 12.411136686344561 ], [ 77.283866863892257, 12.411140299146204 ], [ 77.283807628201643, 12.411144218551222 ], [ 77.283762157167672, 12.411103632615195 ], [ 77.283732051647561, 12.411076763028742 ], [ 77.283728521374357, 12.411073611902983 ], [ 77.283780754599533, 12.409293165708984 ], [ 77.28379003447067, 12.409222710843666 ], [ 77.283790836556051, 12.409215903175472 ], [ 77.283801979267523, 12.409121326703012 ], [ 77.283864502552603, 12.408590667792849 ], [ 77.283832654434136, 12.408587333192861 ], [ 77.283835433767081, 12.408538946135749 ], [ 77.283756148527999, 12.408530549412765 ], [ 77.283586246584093, 12.408512554588643 ], [ 77.283455720275924, 12.408498293580333 ], [ 77.283425681004104, 12.408495011469656 ], [ 77.28334874205602, 12.408486623779462 ], [ 77.283377370440547, 12.408808029026646 ], [ 77.282622871136212, 12.408896453306165 ], [ 77.282613211312977, 12.40889749793187 ], [ 77.282448212686106, 12.408915344427125 ], [ 77.281939488444678, 12.409126204407144 ], [ 77.281930196896653, 12.409130055379006 ], [ 77.281867358133113, 12.409155980641204 ], [ 77.281826291243064, 12.40821650162269 ], [ 77.28179529464019, 12.407334615453959 ], [ 77.281786377065785, 12.407080890349139 ], [ 77.282480383775962, 12.407029808744841 ], [ 77.282785611793201, 12.406760691439127 ], [ 77.282843821587264, 12.406709412300341 ], [ 77.28293611351782, 12.406687660546645 ], [ 77.283154779576748, 12.406636138309116 ], [ 77.28325267538662, 12.406613071443227 ], [ 77.283276419898627, 12.40668368560838 ], [ 77.283356340762467, 12.406927412715422 ], [ 77.283357037671394, 12.406931425404862 ], [ 77.283906462966357, 12.406881328161841 ], [ 77.283929040870859, 12.406879266523394 ], [ 77.284043060309216, 12.406868857517091 ], [ 77.284053871421534, 12.406762086303088 ], [ 77.284089513879451, 12.40638679433955 ], [ 77.284221114858369, 12.404836263647331 ], [ 77.284236449460437, 12.404641153638252 ], [ 77.284237577501173, 12.404624069565827 ], [ 77.284253792353411, 12.404375856958159 ], [ 77.284258141540306, 12.404309284169505 ], [ 77.284301108705762, 12.40363988734371 ], [ 77.284353202993685, 12.402818806453269 ], [ 77.284372684529572, 12.402545829668982 ], [ 77.284526677155611, 12.400108300848354 ], [ 77.284979501382779, 12.393995664772035 ], [ 77.284983191447509, 12.393945857639775 ], [ 77.285357233689027, 12.393846465603287 ], [ 77.28764734311406, 12.393237104749655 ], [ 77.28820407561436, 12.393090164363178 ], [ 77.289082101592541, 12.392858233328443 ], [ 77.289885224579393, 12.393033163334037 ], [ 77.29004550493535, 12.393066870190564 ], [ 77.29016834476414, 12.393092242166643 ], [ 77.295014710018961, 12.394178732615879 ], [ 77.295985646746516, 12.39378232049669 ], [ 77.296145593822445, 12.393729796522026 ], [ 77.298539100191888, 12.392942894106806 ], [ 77.299506908409086, 12.392843190226611 ], [ 77.299933424125143, 12.392799105102046 ], [ 77.300052646049963, 12.39278678216859 ], [ 77.300094300771249, 12.39266650078979 ], [ 77.300107084373948, 12.392629588732049 ], [ 77.300304525878929, 12.3925710057856 ], [ 77.300563890107526, 12.392503215683845 ], [ 77.300842746286378, 12.392430330750962 ], [ 77.302705830110398, 12.391943365791921 ], [ 77.310496148571602, 12.392233730261731 ], [ 77.311322904153485, 12.392260012060069 ], [ 77.312203559438174, 12.392284254450306 ], [ 77.313127164574666, 12.390427038643004 ], [ 77.315076007163924, 12.386508162763766 ], [ 77.319048258686237, 12.378826766217109 ], [ 77.325397817628129, 12.366254947564196 ], [ 77.325841327866627, 12.365505808596177 ], [ 77.327355116365538, 12.362948815177131 ], [ 77.330448080166505, 12.357332690102831 ], [ 77.332423161287608, 12.353740756271554 ], [ 77.330494281225157, 12.347463325619884 ], [ 77.329486848475867, 12.344197472889508 ], [ 77.327847123653626, 12.338886972777487 ], [ 77.327570837665064, 12.337991579144274 ], [ 77.327570708983117, 12.337991161860543 ], [ 77.327570638972389, 12.337990935646223 ], [ 77.324535450408092, 12.328153869070428 ], [ 77.324534903032571, 12.328139420070665 ], [ 77.324528625362333, 12.327973792733605 ], [ 77.3243922336042, 12.324374813440034 ], [ 77.324372240649495, 12.323847241833233 ], [ 77.323930644702173, 12.312192399124713 ], [ 77.324020435488634, 12.312146461316733 ], [ 77.324300302588455, 12.31200906537271 ], [ 77.324385045131223, 12.311957379919797 ], [ 77.324855508323537, 12.311670438628951 ], [ 77.324860789220608, 12.311018067058191 ], [ 77.324865779940609, 12.31040160124868 ], [ 77.324142136713519, 12.310050137725073 ], [ 77.323991191503367, 12.309952902908291 ], [ 77.323819291052274, 12.309850490399363 ], [ 77.324338316705422, 12.308996630718745 ], [ 77.325539494945957, 12.309347240767799 ], [ 77.325525995319254, 12.309246137520157 ], [ 77.325387098024066, 12.308205878314466 ], [ 77.325160589040877, 12.306509424673427 ], [ 77.325036176570265, 12.305974337299995 ], [ 77.323749674692138, 12.305974013017517 ], [ 77.319427645697758, 12.304736943772708 ], [ 77.319427650494944, 12.304736652759679 ], [ 77.319281395489853, 12.304700834900554 ], [ 77.319274559241791, 12.304699160642379 ], [ 77.315035255872701, 12.303660911886 ], [ 77.311892891199363, 12.298603817915406 ], [ 77.306041294979508, 12.296708322833172 ], [ 77.302315057713443, 12.297246676942679 ], [ 77.295339588198445, 12.301252704980937 ], [ 77.28950383721201, 12.302033522366189 ], [ 77.279384887766653, 12.307173604535645 ], [ 77.277793205593085, 12.307956921320523 ], [ 77.274179235768472, 12.309752534653569 ], [ 77.273283159643356, 12.310138520438057 ], [ 77.26973648388956, 12.312532061653091 ], [ 77.263986213970284, 12.31276694434152 ], [ 77.25526117978572, 12.309513581563321 ], [ 77.25252218523849, 12.307846304265942 ], [ 77.250910699632058, 12.306865338028274 ], [ 77.249387257385493, 12.305937949396425 ], [ 77.248677740682297, 12.306128769194824 ], [ 77.247719311578052, 12.306386530222888 ], [ 77.245410292559114, 12.307007504362556 ], [ 77.244213936714559, 12.30732923640349 ], [ 77.244015204205269, 12.307382680523009 ], [ 77.243457884096486, 12.307532556233141 ], [ 77.243388555540065, 12.307551200091027 ], [ 77.243125407848154, 12.307621965695125 ], [ 77.243060087160615, 12.307639531912661 ], [ 77.242889018939309, 12.30768553585715 ], [ 77.242864172709062, 12.307692217437369 ], [ 77.242768000717703, 12.307718079647508 ], [ 77.242263957464019, 12.307853626156204 ], [ 77.240577888036569, 12.308307033215554 ], [ 77.240115052956398, 12.308431493324358 ], [ 77.240101705933668, 12.308435082859544 ], [ 77.239969352480841, 12.308470673516792 ], [ 77.239880245726042, 12.308494635158977 ], [ 77.239791425033189, 12.308518519423421 ], [ 77.239481553754317, 12.308601845673119 ], [ 77.23912769395892, 12.308639583293711 ], [ 77.238500226890963, 12.308706497800056 ], [ 77.238375952632012, 12.308688346146287 ], [ 77.238375323235545, 12.308688254608672 ], [ 77.237676618731044, 12.308586202009854 ], [ 77.237223614282655, 12.308406789724787 ], [ 77.236037301747061, 12.307945215734216 ], [ 77.235323439969449, 12.307657694626533 ], [ 77.235166982476642, 12.307594678089854 ], [ 77.234337418793857, 12.307260552973156 ], [ 77.232324278922235, 12.306449699644446 ], [ 77.230839574212752, 12.305506384098816 ], [ 77.230826743738305, 12.30549823181528 ], [ 77.229157971195647, 12.304410205738881 ], [ 77.228114103296434, 12.303729601981448 ], [ 77.225502464076612, 12.302650178780226 ], [ 77.224312491881463, 12.302158336331502 ], [ 77.224029406235687, 12.30204132949336 ], [ 77.222897567684768, 12.302557489318961 ], [ 77.221978337934132, 12.302976687024668 ], [ 77.220886315266995, 12.303474677995752 ], [ 77.219000689995497, 12.304334559849297 ], [ 77.218915780499415, 12.304522131352879 ], [ 77.217840440834166, 12.306897610389798 ], [ 77.217268166575778, 12.306992468528557 ], [ 77.216328570190413, 12.307148210809988 ], [ 77.216127944604068, 12.307157714790335 ], [ 77.214585343203922, 12.307027821782999 ], [ 77.211348055291424, 12.306755199809901 ], [ 77.211142235088758, 12.306722356692191 ], [ 77.210498883394777, 12.306555406820102 ], [ 77.210211844922085, 12.306533805970858 ], [ 77.209760748318615, 12.306499857701453 ], [ 77.208132616875304, 12.306377323295992 ], [ 77.207949288931559, 12.306363524907564 ], [ 77.206710770749439, 12.306530099514712 ], [ 77.204744494094982, 12.30679454194436 ], [ 77.202862282533744, 12.307047665488422 ], [ 77.202471958110138, 12.307100155428383 ], [ 77.201947134867282, 12.307170732047817 ], [ 77.201378382066309, 12.307075176976085 ], [ 77.201366462133066, 12.307123285202074 ], [ 77.201335202301493, 12.307249447957012 ], [ 77.201227976992826, 12.307682209186515 ], [ 77.199529159906504, 12.307384690456663 ], [ 77.198604979673405, 12.307222831498386 ], [ 77.197060298856513, 12.306949225331916 ], [ 77.196850912158339, 12.306912136132562 ], [ 77.194563065446545, 12.306506874775014 ], [ 77.192437908982413, 12.306142491162952 ], [ 77.192412469227136, 12.30613812881742 ], [ 77.192149610800186, 12.30582997768609 ], [ 77.192122855200736, 12.305798612074518 ], [ 77.191123835404269, 12.305911831267121 ], [ 77.191025535769839, 12.305922971511684 ], [ 77.189672731235817, 12.306076279490256 ], [ 77.189848603076499, 12.306593508999912 ], [ 77.18880988139982, 12.306585624450634 ], [ 77.185877841457099, 12.306664816296031 ], [ 77.185243647117261, 12.306714106954741 ], [ 77.185080976133804, 12.306726749517432 ], [ 77.179243878743748, 12.307180347352592 ], [ 77.179022603211891, 12.30719754042839 ], [ 77.178246547571533, 12.307257837755413 ], [ 77.178203122900385, 12.307261211406937 ], [ 77.178199401230927, 12.307261500444097 ], [ 77.178038905255008, 12.307151298701717 ], [ 77.178026490096272, 12.307142774364625 ], [ 77.177968829660813, 12.307103181990442 ], [ 77.177934015089875, 12.30707927683523 ], [ 77.177923517852477, 12.30707206928904 ], [ 77.176919895022436, 12.308673164265135 ], [ 77.176753936411217, 12.308937918658176 ], [ 77.176652986830177, 12.308952685477411 ], [ 77.176558149050109, 12.308966558588466 ], [ 77.174298333387895, 12.309297113055699 ], [ 77.173941239114242, 12.309181341311593 ], [ 77.173592620711517, 12.309182163217226 ], [ 77.172931999846853, 12.309183722310609 ], [ 77.172572862435445, 12.309229913975809 ], [ 77.172465724273891, 12.309243693751172 ], [ 77.171892820553396, 12.309317377575544 ], [ 77.171151451091291, 12.309552589743914 ], [ 77.170529035991578, 12.309933712044433 ], [ 77.170054429448555, 12.310197303558708 ], [ 77.169609067429164, 12.310314936443119 ], [ 77.16925316949586, 12.310344874663233 ], [ 77.168332387835306, 12.31034766563266 ], [ 77.167590332886405, 12.310290294046373 ], [ 77.16708518561569, 12.310262671500706 ], [ 77.166788309803323, 12.310205155509088 ], [ 77.16660952648904, 12.310118459298726 ], [ 77.166576098569081, 12.310107479351393 ], [ 77.166465919058211, 12.310071288633345 ], [ 77.1664315493055, 12.310059998927652 ], [ 77.166371664609159, 12.309972361373331 ], [ 77.166282106281542, 12.309768602455764 ], [ 77.166222175415157, 12.309535238328349 ], [ 77.166191779293953, 12.309331012012565 ], [ 77.166191431541648, 12.309186624490112 ], [ 77.166190585456633, 12.308835101248775 ], [ 77.166367801334047, 12.308310663139318 ], [ 77.16643769185913, 12.308106968289415 ], [ 77.166757178206495, 12.307175833724857 ], [ 77.166868783978842, 12.306850560437118 ], [ 77.167095803186001, 12.306043776278646 ], [ 77.16722209173038, 12.305594968184305 ], [ 77.167487712876309, 12.304924102888297 ], [ 77.168196015925759, 12.303390057113354 ], [ 77.168610442466658, 12.302863737656125 ], [ 77.169113327764052, 12.301987651725016 ], [ 77.169390709784437, 12.301283705552073 ], [ 77.169584858499746, 12.300790991592692 ], [ 77.169820546884708, 12.299973508597441 ], [ 77.169819487960183, 12.299564582065484 ], [ 77.169759130177354, 12.2990691416373 ], [ 77.169578338630913, 12.298106977819289 ], [ 77.169436317041402, 12.297335278958254 ], [ 77.169428039675424, 12.297290298409465 ], [ 77.169365531865509, 12.296182601187363 ], [ 77.169334413022682, 12.295540071958719 ], [ 77.169215233829433, 12.295365920370903 ], [ 77.168944695625456, 12.294981130270843 ], [ 77.168918616354773, 12.294944036694471 ], [ 77.168887452545945, 12.294899712054548 ], [ 77.168757264178524, 12.294809067752842 ], [ 77.168678906262571, 12.294754511188053 ], [ 77.168559866748126, 12.294667341756744 ], [ 77.168470028134109, 12.294288487986345 ], [ 77.168439633197238, 12.294084261714408 ], [ 77.168468287189029, 12.293515815474676 ], [ 77.168474893260537, 12.293385803585844 ], [ 77.16849647805617, 12.292960929707599 ], [ 77.16861317492237, 12.292202003774124 ], [ 77.169263708940719, 12.291121411292787 ], [ 77.169437236020627, 12.290649023026115 ], [ 77.16944123811605, 12.290638127595564 ], [ 77.169499682039685, 12.290479024921691 ], [ 77.169508945320018, 12.290376327918478 ], [ 77.169514283688812, 12.290317135794268 ], [ 77.169528640257624, 12.290157972441857 ], [ 77.169527247527981, 12.290143463315395 ], [ 77.169510419311592, 12.28996815907988 ], [ 77.169509770211221, 12.289961400739195 ], [ 77.169507665052336, 12.289939470438433 ], [ 77.169496365858734, 12.289822918789115 ], [ 77.169485563164486, 12.289718721657913 ], [ 77.169437366843781, 12.289253840170453 ], [ 77.16939440328342, 12.288984841427116 ], [ 77.169376820707598, 12.288874754220654 ], [ 77.169376790269339, 12.288860057158388 ], [ 77.169376545261784, 12.288739943007656 ], [ 77.169376477051998, 12.288706515609707 ], [ 77.169376345335976, 12.288641915573871 ], [ 77.169375867520074, 12.288408213884127 ], [ 77.169367842505764, 12.288366482869309 ], [ 77.16934613460343, 12.288253591557131 ], [ 77.169255275412894, 12.287781079976687 ], [ 77.169288639528929, 12.287455610370808 ], [ 77.169341966112853, 12.286935407470244 ], [ 77.169519540281883, 12.286526194041711 ], [ 77.169728693921655, 12.285904503609228 ], [ 77.168896865924367, 12.284802146494842 ], [ 77.168257330069281, 12.283447152817999 ], [ 77.167943924399538, 12.282783128878332 ], [ 77.167400631204586, 12.282099791710468 ], [ 77.167150944815816, 12.281785742859531 ], [ 77.167064657220948, 12.281677211272605 ], [ 77.166585419264948, 12.281074433639192 ], [ 77.166512349985638, 12.280994669511255 ], [ 77.166512797412423, 12.280864827299187 ], [ 77.166551090527733, 12.276894289180687 ], [ 77.166582373798306, 12.27423454330974 ], [ 77.166581942909389, 12.274143315292761 ], [ 77.166617941320155, 12.274029730983864 ], [ 77.167025172163576, 12.273004343794948 ], [ 77.167760308314243, 12.27115329151235 ], [ 77.167762448848507, 12.270939336769457 ], [ 77.167960825366123, 12.270388077159303 ], [ 77.168312327037654, 12.269409338977036 ], [ 77.169078323060859, 12.267473263811336 ], [ 77.169971852506876, 12.265258472037917 ], [ 77.170079642453572, 12.265060685647624 ], [ 77.170081493358879, 12.264978867394912 ], [ 77.170058797436951, 12.264840395398783 ], [ 77.169700078448926, 12.263270154146587 ], [ 77.168841992636288, 12.25942293310179 ], [ 77.168786905500966, 12.259272255432547 ], [ 77.168768779712622, 12.25914565718805 ], [ 77.168803636816605, 12.259099959225463 ], [ 77.168868734431243, 12.259074870209398 ], [ 77.169008566555689, 12.258999007869898 ], [ 77.167027891954589, 12.25559748504579 ], [ 77.166997039301393, 12.255544499100843 ], [ 77.166789034805944, 12.25559192244701 ], [ 77.16658659643538, 12.255623876822455 ], [ 77.16633049916075, 12.255624642351234 ], [ 77.162207739346073, 12.255257907789966 ], [ 77.16179028333039, 12.255224637409949 ], [ 77.161493056324943, 12.255245971509744 ], [ 77.157429627247865, 12.255597310198217 ], [ 77.157320365641695, 12.255583391632824 ], [ 77.157280879251402, 12.255578361999982 ], [ 77.157001079748724, 12.255420577682218 ], [ 77.152226684085178, 12.252643394150553 ], [ 77.148962919234478, 12.250728028863779 ], [ 77.147844749628575, 12.250081587554959 ], [ 77.144243673787855, 12.247665045412678 ], [ 77.143916188914815, 12.247421074290321 ], [ 77.143781360848024, 12.247341468317657 ], [ 77.143752125278709, 12.247324207420384 ], [ 77.143573706499254, 12.247324698882798 ], [ 77.141747858727911, 12.247327820135004 ], [ 77.14174782013751, 12.247327820436114 ], [ 77.140123436079193, 12.247330587917121 ], [ 77.135682448550966, 12.247383326543414 ], [ 77.134892581383852, 12.247392699263017 ], [ 77.134826919812525, 12.247393478368286 ], [ 77.134706318058505, 12.247394908867168 ], [ 77.134301915968962, 12.247395062233043 ], [ 77.133825180546381, 12.247395241398801 ], [ 77.133239584447452, 12.247395460553035 ], [ 77.132694378404622, 12.247395663778587 ], [ 77.132357467778363, 12.247381633324069 ], [ 77.132352449004927, 12.247381424685221 ], [ 77.126256778200059, 12.243044260862604 ], [ 77.126296285930195, 12.242744661950555 ], [ 77.126318214151794, 12.242578373414766 ], [ 77.126322843555158, 12.242543265646443 ], [ 77.126330264131582, 12.242486992976655 ], [ 77.126349079760217, 12.242344304734001 ], [ 77.12639987332669, 12.241959120746817 ], [ 77.126426121843977, 12.241762965893779 ], [ 77.126766821773458, 12.239216943474419 ], [ 77.127191597252349, 12.235880945637524 ], [ 77.130172458269641, 12.233474908618456 ], [ 77.133145728488131, 12.231070718296127 ], [ 77.134551801326424, 12.229872288112279 ], [ 77.134577155261738, 12.228854688858089 ], [ 77.134691604713026, 12.224261393223504 ], [ 77.133966303336663, 12.223050968538296 ], [ 77.133552703982133, 12.22236737407251 ], [ 77.133320617223788, 12.222020937106487 ], [ 77.132387464298674, 12.220620539368975 ], [ 77.132385266780133, 12.220617242352978 ], [ 77.131716076390902, 12.219622301894384 ], [ 77.131552653255284, 12.21937778512736 ], [ 77.13144509625144, 12.218306964176799 ], [ 77.131426486976153, 12.217715101709773 ], [ 77.131404462179106, 12.217010807395731 ], [ 77.131368530896978, 12.215849032546069 ], [ 77.131511008649142, 12.214661808768367 ], [ 77.13181102975615, 12.213546920088008 ], [ 77.131860073497819, 12.213366868130285 ], [ 77.131914166254433, 12.213168281794291 ], [ 77.132118658000621, 12.212417537758366 ], [ 77.132353546284705, 12.211555858683598 ], [ 77.132361806033529, 12.211525578685464 ], [ 77.132365508215514, 12.211504413077426 ], [ 77.132476019860562, 12.210873503360599 ], [ 77.132511216898465, 12.210672974847366 ], [ 77.132511239981469, 12.210672874352191 ], [ 77.132574778144161, 12.210439225223196 ], [ 77.132444304361357, 12.209794787927327 ], [ 77.132266177205452, 12.208915447823912 ], [ 77.132127701701393, 12.208233280790507 ], [ 77.132010796307384, 12.207658998122643 ], [ 77.131951959677806, 12.207372984423795 ], [ 77.131919096762999, 12.207213235124629 ], [ 77.131886185134178, 12.207053246696729 ], [ 77.131781339718032, 12.206609527513816 ], [ 77.131817914086355, 12.206375880346599 ], [ 77.131482095248288, 12.205701405593681 ], [ 77.130759281912006, 12.205304199089777 ], [ 77.130152397876984, 12.204974602574968 ], [ 77.129804711428591, 12.204935677606654 ], [ 77.129528922424342, 12.204905122578772 ], [ 77.129500396112476, 12.204901962230656 ], [ 77.128698075665824, 12.20504478024441 ], [ 77.128564066168934, 12.205068634071839 ], [ 77.128190135524449, 12.204722072463168 ], [ 77.1276985166418, 12.204340525076319 ], [ 77.127253430931489, 12.203995083631458 ], [ 77.126768097994301, 12.203852781667029 ], [ 77.126193750738949, 12.203684294640375 ], [ 77.12581092401048, 12.203223792578775 ], [ 77.125524494448399, 12.202879260415475 ], [ 77.125519811764278, 12.202873627296997 ], [ 77.125692273416504, 12.202779635229584 ], [ 77.125902877900174, 12.202664795477634 ], [ 77.126261974901908, 12.202468781837577 ], [ 77.126675418425194, 12.202242789105798 ], [ 77.126739354724378, 12.202207798234157 ], [ 77.126934354074862, 12.202100960865359 ], [ 77.127068485455339, 12.20204601704862 ], [ 77.12669187227894, 12.201526392329942 ], [ 77.126695583755691, 12.201347081368914 ], [ 77.12649316328249, 12.201108313134142 ], [ 77.12648436558753, 12.201097950816678 ], [ 77.126370123543609, 12.200963499043052 ], [ 77.126201473399874, 12.200624658231671 ], [ 77.126019229161017, 12.200258600737641 ], [ 77.12576203430595, 12.199742066850206 ], [ 77.125503333252539, 12.199222457843595 ], [ 77.12542918641131, 12.199086391102499 ], [ 77.125189214124319, 12.198645871148242 ], [ 77.125189168389596, 12.198645781125466 ], [ 77.125067616030591, 12.19837657349524 ], [ 77.124871279521329, 12.197941587296256 ], [ 77.124762141859733, 12.197696856798148 ], [ 77.124700897601571, 12.197560466093533 ], [ 77.12453171213167, 12.197222434691009 ], [ 77.124404444835534, 12.196967959344986 ], [ 77.12418365714764, 12.196526016590877 ], [ 77.1240512600545, 12.196260639634552 ], [ 77.12396144353454, 12.196080382735939 ], [ 77.123635809652797, 12.195491650344188 ], [ 77.122892870396399, 12.194402861480917 ], [ 77.122737548461899, 12.194357347138341 ], [ 77.122595576150559, 12.194315744377228 ], [ 77.122532889403175, 12.194297402792788 ], [ 77.122330807807444, 12.19423832049959 ], [ 77.121544768066556, 12.194016897345529 ], [ 77.120949534447476, 12.193850079890536 ], [ 77.119632415993223, 12.193482278432267 ], [ 77.118192333490441, 12.193301628393485 ], [ 77.118200877590454, 12.193207015023804 ], [ 77.117519540958128, 12.193151587989011 ], [ 77.116994870813599, 12.193109943057078 ], [ 77.116793327945501, 12.193096907842641 ], [ 77.115862903894651, 12.192958744976659 ], [ 77.114920104185998, 12.192772923535452 ], [ 77.114321014975715, 12.192526137304846 ], [ 77.11398437758794, 12.192387490177635 ], [ 77.113942757575288, 12.192159909535363 ], [ 77.113407577750905, 12.192013982347106 ], [ 77.113167281678244, 12.191948497856442 ], [ 77.112929206987999, 12.191698106196 ], [ 77.112649329173635, 12.191403747544008 ], [ 77.112259449673672, 12.191067487901503 ], [ 77.11176986752794, 12.190645324021075 ], [ 77.111649487281099, 12.190574562322119 ], [ 77.111406070879141, 12.190355706874971 ], [ 77.110982468357221, 12.189974995795016 ], [ 77.110747721128007, 12.189784037465458 ], [ 77.110337299140397, 12.189450259674908 ], [ 77.109745586985326, 12.188969271424192 ], [ 77.109333175455404, 12.188634182028425 ], [ 77.109139913364857, 12.188477196123523 ], [ 77.109139884701435, 12.1884771728449 ], [ 77.109052626242288, 12.188419139865138 ], [ 77.108943902130093, 12.188349654941648 ], [ 77.10861511351203, 12.188073629091477 ], [ 77.108399914733724, 12.18782488652448 ], [ 77.108179715889392, 12.187681730880552 ], [ 77.108036684788289, 12.187588755937767 ], [ 77.107635638107269, 12.187514259447541 ], [ 77.107073703982223, 12.187409696133159 ], [ 77.106374491647813, 12.18727932571942 ], [ 77.106298438049024, 12.187265130061329 ], [ 77.106272271073692, 12.187260245338424 ], [ 77.106229040958397, 12.187252175021346 ], [ 77.106133844901663, 12.187234402005204 ], [ 77.10611944159939, 12.187454403780682 ], [ 77.10606545053561, 12.188254283312798 ], [ 77.105999108930547, 12.189209246772737 ], [ 77.105993937244506, 12.189283697872336 ], [ 77.105611746850059, 12.189250860248602 ], [ 77.105350594014425, 12.189228421172412 ], [ 77.105194577094181, 12.189233506782857 ], [ 77.105125525445942, 12.189235757487424 ], [ 77.103071744802733, 12.189302615450424 ], [ 77.10056319060098, 12.189788257685935 ], [ 77.099869009544136, 12.189884115100757 ], [ 77.099255313649223, 12.189968568820923 ], [ 77.097216184411579, 12.190150243126874 ], [ 77.09520635987549, 12.190327294944494 ], [ 77.095087391113452, 12.190337693168354 ], [ 77.093995292474588, 12.190348077856042 ], [ 77.093194832193049, 12.190344223961429 ], [ 77.092394378246937, 12.190340637010603 ], [ 77.091770115497752, 12.190432912755982 ], [ 77.090403925982486, 12.190448111113495 ], [ 77.08988140322127, 12.190453850275937 ], [ 77.089133194482699, 12.190380930519323 ], [ 77.086869698255128, 12.190401519341545 ], [ 77.086108873236455, 12.190270409373658 ], [ 77.085445795819325, 12.190156124541327 ], [ 77.08484893074403, 12.189981013809296 ], [ 77.084175617505949, 12.189780942420711 ], [ 77.083747973788775, 12.189548230874932 ], [ 77.083263730114368, 12.18928469626271 ], [ 77.082614693347551, 12.188931478046904 ], [ 77.082613751290793, 12.188930958259443 ], [ 77.082003158531521, 12.188590823887116 ], [ 77.081354610887885, 12.188220419431028 ], [ 77.080965525987139, 12.187998187485618 ], [ 77.080407933690012, 12.187679651448422 ], [ 77.079840876278169, 12.187222717288581 ], [ 77.079781880662068, 12.18717471057318 ], [ 77.079701574762524, 12.18710936284914 ], [ 77.079363320817961, 12.186726302991385 ], [ 77.079158641989594, 12.186494513551491 ], [ 77.0791161376318, 12.18642248725971 ], [ 77.078931422971834, 12.186109478838402 ], [ 77.078821414646029, 12.185923045591528 ], [ 77.078802851701965, 12.185891587525797 ], [ 77.078728739593203, 12.185765988269505 ], [ 77.078520714744286, 12.185413436642936 ], [ 77.078368539972175, 12.185155525419324 ], [ 77.078086599060811, 12.184810669245227 ], [ 77.077694405000727, 12.184330955758663 ], [ 77.077274679860992, 12.183817561516189 ], [ 77.076956045818264, 12.18352373462292 ], [ 77.076612663416796, 12.183207055244301 ], [ 77.076133578584589, 12.182765160842541 ], [ 77.076133555485171, 12.182765143844517 ], [ 77.076127045805535, 12.182759138398163 ], [ 77.075805860736551, 12.182556111213046 ], [ 77.075278380568733, 12.182222663364568 ], [ 77.074817019696454, 12.181930968897159 ], [ 77.074213338467615, 12.181549248508418 ], [ 77.073849163091012, 12.181318968246703 ], [ 77.073623724026419, 12.181176414346616 ], [ 77.07329747526731, 12.18097010298878 ], [ 77.073103053835069, 12.1807137748879 ], [ 77.072830184101932, 12.180353825112872 ], [ 77.07265104702266, 12.180117409581872 ], [ 77.072408059426266, 12.179796504158334 ], [ 77.07204787547667, 12.179320366869797 ], [ 77.071914461339659, 12.17914395571308 ], [ 77.071687211090591, 12.178843466998341 ], [ 77.071686803615165, 12.178842928690337 ], [ 77.071567789856275, 12.17868553507382 ], [ 77.071420737243429, 12.178491059875656 ], [ 77.071403591546456, 12.178469802311142 ], [ 77.071190437684265, 12.1782055547173 ], [ 77.070876350858242, 12.177816138092687 ], [ 77.070436651055061, 12.177270875531521 ], [ 77.069553831213625, 12.176175827016277 ], [ 77.068604327335322, 12.175405374890513 ], [ 77.067502015782466, 12.175418706906029 ], [ 77.066177237535626, 12.173424974837454 ], [ 77.064776179226101, 12.172152513813089 ], [ 77.063614715440465, 12.171300214234108 ], [ 77.06276306222297, 12.1708920205377 ], [ 77.06164814062943, 12.170715348816152 ], [ 77.060475156816864, 12.1706507636246 ], [ 77.060141256357142, 12.170632377495819 ], [ 77.05818249643653, 12.170347920021417 ], [ 77.056211695355202, 12.170167040981708 ], [ 77.052190925765231, 12.170168301312147 ], [ 77.051326741679844, 12.170097933321737 ], [ 77.051004403336549, 12.170071685512044 ], [ 77.048056073874989, 12.169831587669677 ], [ 77.047771379179707, 12.169836234195959 ], [ 77.047116541745822, 12.16984785536911 ], [ 77.044260546131099, 12.169898519565333 ], [ 77.044083149945607, 12.169901665690432 ], [ 77.044193799012675, 12.166865537793882 ], [ 77.044193968423414, 12.166729104322091 ], [ 77.044188132553316, 12.166368106539698 ], [ 77.044155565485894, 12.166088872714875 ], [ 77.044146510960431, 12.166011451524414 ], [ 77.044079580200872, 12.165439143653726 ], [ 77.044077987887974, 12.165425526131257 ], [ 77.044071577391335, 12.165370707479354 ], [ 77.044064433755665, 12.16530975202625 ], [ 77.044060396675931, 12.16527531277106 ], [ 77.044047667318836, 12.16511745433648 ], [ 77.044016627438481, 12.164736659045309 ], [ 77.043976754359704, 12.164247499269301 ], [ 77.043960578719506, 12.164049053136473 ], [ 77.043941494874275, 12.163814932921888 ], [ 77.043912732326788, 12.163462066198239 ], [ 77.043856912739827, 12.162777255698531 ], [ 77.043856762547392, 12.162775994200498 ], [ 77.043851014140614, 12.162650798012184 ], [ 77.04384320297514, 12.162481309171149 ], [ 77.04382664462824, 12.162122014642483 ], [ 77.044060531593715, 12.162080866122738 ], [ 77.044238223051138, 12.162049604105976 ], [ 77.044386924864909, 12.162023118860683 ], [ 77.044498084799272, 12.162004324298394 ], [ 77.044944196342769, 12.161928114341913 ], [ 77.045511098821876, 12.161831268723084 ], [ 77.045599478055792, 12.161816170818252 ], [ 77.045684076913545, 12.161802249604172 ], [ 77.045685593503336, 12.161801999772882 ], [ 77.045697940955307, 12.161799971514672 ], [ 77.045684158719226, 12.161433769951694 ], [ 77.045683897320288, 12.16142974003743 ], [ 77.045679434357226, 12.161360524865142 ], [ 77.045680691390785, 12.161341712914234 ], [ 77.045682995242117, 12.161307591887926 ], [ 77.045685330543748, 12.161269655691127 ], [ 77.045685335860952, 12.161269510140034 ], [ 77.045686779171888, 12.161245987110881 ], [ 77.045687019477555, 12.161242094474989 ], [ 77.045687017170366, 12.161242033033707 ], [ 77.045686461031025, 12.161235499065398 ], [ 77.045685290747031, 12.161221813359335 ], [ 77.045684000307304, 12.161206710481373 ], [ 77.045683461552855, 12.161200287551669 ], [ 77.045681639070537, 12.161178438133996 ], [ 77.045679510591938, 12.161153213482834 ], [ 77.045678767173953, 12.161144413267913 ], [ 77.045677452787544, 12.161128821611484 ], [ 77.045676939174754, 12.16112256298706 ], [ 77.045676649069648, 12.161119103582648 ], [ 77.045676425315335, 12.161116632443674 ], [ 77.045675657646925, 12.161107544096202 ], [ 77.04567467136259, 12.1610959357665 ], [ 77.045674070528449, 12.161088842677007 ], [ 77.04567363945695, 12.161083767418841 ], [ 77.045672538231486, 12.161070703015215 ], [ 77.045671679093317, 12.161060585013361 ], [ 77.045670956742867, 12.161052016918809 ], [ 77.04567029384171, 12.161044135271764 ], [ 77.045669247908648, 12.161031814285709 ], [ 77.045668161037099, 12.161018944996394 ], [ 77.045667301353561, 12.161008755598321 ], [ 77.045665800941904, 12.160991061273357 ], [ 77.04566466434747, 12.160977696166109 ], [ 77.045663754733539, 12.160966983837671 ], [ 77.045663471591368, 12.160963593974174 ], [ 77.045663283331734, 12.160961319600656 ], [ 77.045662242124152, 12.160949015751623 ], [ 77.045660758792181, 12.160931032084177 ], [ 77.045659488850035, 12.160915966109432 ], [ 77.045658098821875, 12.160899492000162 ], [ 77.045656749082937, 12.160883481241758 ], [ 77.045655422863078, 12.16086778302383 ], [ 77.04565406818628, 12.160851727111904 ], [ 77.045652519925667, 12.160833421268357 ], [ 77.045651185286843, 12.160817583023681 ], [ 77.045649616340043, 12.160798974560317 ], [ 77.045648269027751, 12.160783040606603 ], [ 77.045647939457112, 12.160779105191772 ], [ 77.04564724176123, 12.160770877646682 ], [ 77.045646426562314, 12.160761219352965 ], [ 77.045645926672208, 12.160755553519039 ], [ 77.045645660516612, 12.160752582892645 ], [ 77.045645595167784, 12.160751605465299 ], [ 77.04564544611172, 12.160749532348785 ], [ 77.045627350551143, 12.160535188344454 ], [ 77.045626537385743, 12.160525555341643 ], [ 77.045624057524904, 12.160496062835607 ], [ 77.045560132075138, 12.159731098199449 ], [ 77.045544633255318, 12.159567507688166 ], [ 77.04554197019786, 12.159539401153955 ], [ 77.045542267635994, 12.159539375453578 ], [ 77.045523342713054, 12.159337623854071 ], [ 77.045522242564772, 12.159325897965557 ], [ 77.04551492551245, 12.159247900885305 ], [ 77.045514304391446, 12.159241276111748 ], [ 77.045514211390454, 12.159240286235624 ], [ 77.045513261274692, 12.159230160769487 ], [ 77.045395017793112, 12.158931235599091 ], [ 77.045385549336174, 12.158907298944287 ], [ 77.045378542598115, 12.158889584807659 ], [ 77.045190211900774, 12.158676410125814 ], [ 77.045156813873788, 12.158678016585178 ], [ 77.045103137361551, 12.158680599169431 ], [ 77.045015304731351, 12.158684639245612 ], [ 77.045004790196799, 12.158685122852843 ], [ 77.04494233819851, 12.158445319653357 ], [ 77.044930688520537, 12.158400168849024 ], [ 77.044927246530378, 12.158387440793517 ], [ 77.044923320153956, 12.158372393555686 ], [ 77.044920269138473, 12.158360700169654 ], [ 77.044917144333496, 12.158348727151466 ], [ 77.044913091250521, 12.158333207259529 ], [ 77.044908995450982, 12.158317506923485 ], [ 77.044904475885431, 12.158300207285119 ], [ 77.04490035277172, 12.158284418578445 ], [ 77.044896786045157, 12.158270754204221 ], [ 77.044892822944064, 12.158255588839229 ], [ 77.044888634647947, 12.158239564722564 ], [ 77.044884844723356, 12.158225062369072 ], [ 77.04488162360353, 12.158212746618455 ], [ 77.044817465967526, 12.157967769060026 ], [ 77.044797521484455, 12.157891765125203 ], [ 77.044806185252938, 12.157869923964697 ], [ 77.044885055849818, 12.157669888943046 ], [ 77.044909783999699, 12.157607608600777 ], [ 77.044910198583338, 12.157606564355786 ], [ 77.044923444048678, 12.157573137827725 ], [ 77.044934842891138, 12.157543171151394 ], [ 77.044943469918323, 12.157520491534873 ], [ 77.044751577967602, 12.157640355998099 ], [ 77.044695410888863, 12.157675343673597 ], [ 77.044637936107762, 12.157668195000685 ], [ 77.044619390007327, 12.157665899163671 ], [ 77.044595881521815, 12.157663001950636 ], [ 77.044576960452673, 12.157660683577994 ], [ 77.044556368792442, 12.157658174206551 ], [ 77.044536707834638, 12.157655803460885 ], [ 77.044520002205715, 12.157653810332913 ], [ 77.044510882149112, 12.157652728159972 ], [ 77.044497011454581, 12.157651105406108 ], [ 77.044482876102109, 12.15764947014835 ], [ 77.044474884433299, 12.157648550445881 ], [ 77.044460338177345, 12.157646878459117 ], [ 77.044448484995669, 12.157645525476674 ], [ 77.044439209922317, 12.15764447336951 ], [ 77.044423282002782, 12.157642673319039 ], [ 77.044406248307538, 12.157640784739936 ], [ 77.044397177632788, 12.157639793481692 ], [ 77.044296256932341, 12.157629663595348 ], [ 77.044255953269769, 12.157625796973605 ], [ 77.044244282101829, 12.157625302150137 ], [ 77.044195072694762, 12.15762327464255 ], [ 77.04416248173618, 12.157621929507696 ], [ 77.044129633495444, 12.15762057542609 ], [ 77.044033074486777, 12.157616588852727 ], [ 77.043917201906098, 12.157611814151371 ], [ 77.043860996841616, 12.157609498485828 ], [ 77.043664019702987, 12.157601407232574 ], [ 77.043574049127002, 12.157597434144485 ], [ 77.04357350333197, 12.157597416488635 ], [ 77.043541856405398, 12.157596392379428 ], [ 77.043556324258461, 12.157470775497313 ], [ 77.043590821206067, 12.157176836700366 ], [ 77.043598540400012, 12.157111293837904 ], [ 77.043600395599626, 12.157095243983942 ], [ 77.043606019950786, 12.15704732987971 ], [ 77.043606019640166, 12.157047289210974 ], [ 77.043604964356504, 12.157033605334574 ], [ 77.043601208647445, 12.156985082729614 ], [ 77.043589565030857, 12.156834479909895 ], [ 77.043585041985679, 12.156773890004708 ], [ 77.043582277044891, 12.156740104679638 ], [ 77.043575175616724, 12.156648143928308 ], [ 77.043424980599056, 12.156225769314414 ], [ 77.043316359342839, 12.155920380731281 ], [ 77.043313085342348, 12.155891380265404 ], [ 77.043289359402053, 12.155681212212942 ], [ 77.043230973498623, 12.155164026932326 ], [ 77.042910833191044, 12.155133644545254 ], [ 77.042810192504092, 12.155124093035589 ], [ 77.042789683871732, 12.155002707702659 ], [ 77.042771074588416, 12.15488560680922 ], [ 77.042625913329999, 12.153972153408725 ], [ 77.042625871914581, 12.153971902457897 ], [ 77.04260339806487, 12.153826369365428 ], [ 77.042516695079541, 12.153342567743486 ], [ 77.042482177573959, 12.153142505048098 ], [ 77.042479904236984, 12.153129291089524 ], [ 77.042449945257431, 12.152955153696178 ], [ 77.04238513220885, 12.152926984650492 ], [ 77.042194765951734, 12.152844247700672 ], [ 77.042066445477801, 12.152783960140496 ], [ 77.041822730438838, 12.152669537347206 ], [ 77.041821684062953, 12.152669044367778 ], [ 77.041821611235363, 12.152669010561086 ], [ 77.041797977033042, 12.152670889655079 ], [ 77.041791895887627, 12.152671372904102 ], [ 77.041207001006356, 12.15271793233026 ], [ 77.040920256418516, 12.152742938689601 ], [ 77.040905727454472, 12.152703381655792 ], [ 77.040892890657744, 12.152668535402199 ], [ 77.040882752202748, 12.152641090353061 ], [ 77.040882713722084, 12.152640983084591 ], [ 77.040863123484527, 12.15261988832097 ], [ 77.040855080058876, 12.152611197072973 ], [ 77.040781174814285, 12.152531454154767 ], [ 77.040773691356208, 12.152523676130228 ], [ 77.040677284032498, 12.152420194577063 ], [ 77.040573054020598, 12.152308527123276 ], [ 77.040520487297144, 12.152252298132797 ], [ 77.040364518609394, 12.15208587227135 ], [ 77.04028595269375, 12.152002275403612 ], [ 77.040285887998053, 12.152002103254638 ], [ 77.040123951518211, 12.151489760851828 ], [ 77.039960479093352, 12.150847842293063 ], [ 77.039946936068475, 12.150794663004595 ], [ 77.039829228812252, 12.150332450547742 ], [ 77.039744672072175, 12.150084575333324 ], [ 77.03940449345528, 12.149099020895338 ], [ 77.039419919183899, 12.148954034692585 ], [ 77.039438469272881, 12.148777723124505 ], [ 77.039450151809589, 12.148665188471224 ], [ 77.039457355108908, 12.148595804596225 ], [ 77.039468005556202, 12.148493213064532 ], [ 77.039481643444105, 12.148360495620434 ], [ 77.039496044791576, 12.148219592222397 ], [ 77.03948731159241, 12.148084011987917 ], [ 77.039432543377572, 12.147248042377079 ], [ 77.03941947898106, 12.14704862768132 ], [ 77.039411544220343, 12.146928729758297 ], [ 77.039418198090701, 12.14662025412454 ], [ 77.039418325100087, 12.146614375753616 ], [ 77.03941839443678, 12.146611056475754 ], [ 77.039442676851934, 12.145454317970168 ], [ 77.039445203820662, 12.145331025047339 ], [ 77.03945092669386, 12.145051771709145 ], [ 77.039460722151503, 12.144547470159127 ], [ 77.039464396307181, 12.144349598646338 ], [ 77.039471850552601, 12.143931326624109 ], [ 77.039471855695339, 12.143930916259318 ], [ 77.039397906598268, 12.143907975078472 ], [ 77.039360234120011, 12.14389628728823 ], [ 77.039320987164416, 12.143884111293305 ], [ 77.039331114633015, 12.14385891813593 ], [ 77.039356269243243, 12.143796345874231 ], [ 77.039440649735539, 12.143586445478773 ], [ 77.039473234741806, 12.143505305835337 ], [ 77.03953303786686, 12.143331012073256 ], [ 77.03956773323543, 12.143229783391703 ], [ 77.039632467615434, 12.143040710431412 ], [ 77.039632651838517, 12.143040174021738 ], [ 77.039634433027487, 12.143034996558512 ], [ 77.039642781398996, 12.14297991326371 ], [ 77.039674542403361, 12.14276981323381 ], [ 77.039675486553648, 12.142763521223902 ], [ 77.03967964370176, 12.142735974279447 ], [ 77.039681944132965, 12.14272069569455 ], [ 77.039684037513084, 12.142706815916275 ], [ 77.039685179498079, 12.14269924175837 ], [ 77.039685911189267, 12.142694362152 ], [ 77.039688150468436, 12.142679497056145 ], [ 77.039689959456283, 12.142667474883025 ], [ 77.039691466672608, 12.14265744059087 ], [ 77.039693485549378, 12.142644030435889 ], [ 77.039695028683951, 12.142633767216667 ], [ 77.039696833237173, 12.142621765863751 ], [ 77.039697960191916, 12.142614268639946 ], [ 77.039699213089676, 12.142605939892267 ], [ 77.03970004889608, 12.142600378050538 ], [ 77.039701360148641, 12.142591630411642 ], [ 77.039702285226298, 12.142585487669947 ], [ 77.039703406773015, 12.142578004043077 ], [ 77.03970383785186, 12.142575143942262 ], [ 77.039705330970023, 12.142565188384989 ], [ 77.039706140500627, 12.142559794844404 ], [ 77.03970795196804, 12.142547736500912 ], [ 77.039709776346157, 12.142535564182989 ], [ 77.039710416333492, 12.1425313079733 ], [ 77.039711815890328, 12.142521973114969 ], [ 77.03971275222041, 12.142515739909982 ], [ 77.039713248761316, 12.14251242923244 ], [ 77.039714457686927, 12.142504357489136 ], [ 77.039715385244634, 12.142498178577037 ], [ 77.039716868678454, 12.142488278223183 ], [ 77.039717766362031, 12.142482277580593 ], [ 77.03971930664386, 12.142472001729196 ], [ 77.039720538260354, 12.142463773460632 ], [ 77.039721755067092, 12.142455651046244 ], [ 77.039722922084877, 12.142447866117614 ], [ 77.039724163261383, 12.142439566378101 ], [ 77.03972507225248, 12.142433482502229 ], [ 77.039726793412356, 12.142421989701706 ], [ 77.039727551261549, 12.142416926430426 ], [ 77.039728607145932, 12.142409867171486 ], [ 77.039729399048866, 12.142404571371653 ], [ 77.039731115636627, 12.142393081316248 ], [ 77.039732042130964, 12.142386883432117 ], [ 77.039733529874695, 12.142376945990584 ], [ 77.039734612794845, 12.142369697637408 ], [ 77.039735559458549, 12.142363373975913 ], [ 77.039736474576287, 12.142357250287549 ], [ 77.039738148392715, 12.1423460542836 ], [ 77.039738607198615, 12.142342975257961 ], [ 77.039739582583806, 12.142336442606108 ], [ 77.039740377021914, 12.142331117865901 ], [ 77.039741105320218, 12.142326275340523 ], [ 77.039741811364308, 12.142321526070978 ], [ 77.039742585739305, 12.14231597914295 ], [ 77.03974313343771, 12.142312028195359 ], [ 77.039744048747579, 12.142305447180945 ], [ 77.039745417011446, 12.142295621787946 ], [ 77.039745863831712, 12.142292416318142 ], [ 77.039747020325024, 12.142284093703957 ], [ 77.039747479282013, 12.142280793245325 ], [ 77.039748141071996, 12.142276022610686 ], [ 77.03975310602415, 12.142240322826266 ], [ 77.0397548617658, 12.142227701823955 ], [ 77.03975956869435, 12.142193824202003 ], [ 77.039764388042116, 12.14215914859664 ], [ 77.039767841565236, 12.142134256791289 ], [ 77.039772024025453, 12.142104123878525 ], [ 77.03977540656463, 12.142079801992727 ], [ 77.039781249401145, 12.142037673308987 ], [ 77.039784801602835, 12.14201210925027 ], [ 77.039793662584728, 12.141929408266025 ], [ 77.039794772296389, 12.14191904340052 ], [ 77.039803827639716, 12.141834483667303 ], [ 77.039809160629048, 12.141784628509342 ], [ 77.039810897988858, 12.141768387005296 ], [ 77.039811137324918, 12.141767006036806 ], [ 77.039812324696214, 12.141760084994585 ], [ 77.039818729036739, 12.1417224549221 ], [ 77.039819410445304, 12.141718451472201 ], [ 77.039822192229124, 12.141702091101969 ], [ 77.039825262384184, 12.141684033974359 ], [ 77.03982618921421, 12.141678604320964 ], [ 77.039826665691322, 12.141675795402408 ], [ 77.039826999802571, 12.141673832589616 ], [ 77.039827406011824, 12.141671446265304 ], [ 77.039827704080921, 12.14166969611202 ], [ 77.039828293029274, 12.141666216645968 ], [ 77.039829072997108, 12.141661645784723 ], [ 77.039830120939854, 12.141655474119633 ], [ 77.039831213793306, 12.141649048154704 ], [ 77.039831604239907, 12.141646763172563 ], [ 77.039832537100295, 12.141641281054122 ], [ 77.039833925212179, 12.141633097726192 ], [ 77.039834556570241, 12.141629397419447 ], [ 77.03983627368811, 12.141619304640786 ], [ 77.03983720479394, 12.141613833380919 ], [ 77.039839140809832, 12.141602450164784 ], [ 77.039840120211423, 12.141596686620371 ], [ 77.039842326259247, 12.141583731506961 ], [ 77.039843312836865, 12.141577945314552 ], [ 77.039844162160648, 12.141572952769618 ], [ 77.039844185120003, 12.141572831490684 ], [ 77.039845082310237, 12.141568576096704 ], [ 77.03984672005862, 12.141560847349577 ], [ 77.039850046558371, 12.141545091224202 ], [ 77.039851340239537, 12.141538982821665 ], [ 77.039852113372049, 12.141535323948698 ], [ 77.039853092196196, 12.141530691066874 ], [ 77.039853774819136, 12.141527450418302 ], [ 77.039854488551057, 12.141524073066099 ], [ 77.039855128743554, 12.141521050546976 ], [ 77.039855344160401, 12.141520026757235 ], [ 77.039855664294478, 12.141518520468319 ], [ 77.039856555357659, 12.141514304886849 ], [ 77.039856565994526, 12.141514254195442 ], [ 77.039856823060873, 12.141513030358107 ], [ 77.039857191060761, 12.141511295957862 ], [ 77.039857692815943, 12.141508911640704 ], [ 77.039857965933876, 12.141507624418805 ], [ 77.039858329492574, 12.141505909934962 ], [ 77.039858855249449, 12.14150342059966 ], [ 77.0398591017684, 12.141502259202531 ], [ 77.039859555754049, 12.141500115649238 ], [ 77.03986007968075, 12.141497627231246 ], [ 77.039860640918974, 12.141494972238347 ], [ 77.039861031062884, 12.141493130122248 ], [ 77.039861437127669, 12.141491207450262 ], [ 77.039862030297073, 12.141488403094399 ], [ 77.039862317574531, 12.141487045271466 ], [ 77.039862973660263, 12.14148393858145 ], [ 77.039863392102561, 12.141481952551963 ], [ 77.039863905406136, 12.141479516632881 ], [ 77.0398644959851, 12.141476733987414 ], [ 77.039865014565805, 12.141474267300095 ], [ 77.039865488118792, 12.14147203954885 ], [ 77.03986616989873, 12.141468808848334 ], [ 77.039866424436539, 12.141467614855173 ], [ 77.039866905870838, 12.141465336432816 ], [ 77.039867360616668, 12.141463172086439 ], [ 77.039867820866704, 12.141461006795693 ], [ 77.039868393639551, 12.141458298393365 ], [ 77.039868606369595, 12.141457283661481 ], [ 77.039868950429607, 12.141455662413144 ], [ 77.039869546216835, 12.141452839961918 ], [ 77.039872856869735, 12.141437174333735 ], [ 77.039875642766802, 12.141424008879122 ], [ 77.039877907183111, 12.141413291153308 ], [ 77.039880076724302, 12.141403021509609 ], [ 77.039882455637851, 12.141391778733745 ], [ 77.039884205831967, 12.141383496933802 ], [ 77.039886719425851, 12.141371605138024 ], [ 77.03988831713319, 12.14136404660114 ], [ 77.039890559363542, 12.141353431168691 ], [ 77.039892877121574, 12.141342480772188 ], [ 77.039899291882563, 12.141312132569041 ], [ 77.039906090755665, 12.141279994714878 ], [ 77.03991554669345, 12.141235264463475 ], [ 77.039923921982762, 12.141195667647823 ], [ 77.039933350619549, 12.141151092148126 ], [ 77.039933800321521, 12.1411489892976 ], [ 77.039942765246238, 12.141106607132105 ], [ 77.039956944563642, 12.14103957415146 ], [ 77.039958608851862, 12.141031712349644 ], [ 77.039967242351381, 12.140990922417707 ], [ 77.03998427957022, 12.1409104107359 ], [ 77.039993004506385, 12.140869204380403 ], [ 77.040008162019973, 12.140797579194054 ], [ 77.04001496371481, 12.140765452165006 ], [ 77.04002737279626, 12.140706845740912 ], [ 77.040040320089119, 12.140645697469179 ], [ 77.040061227170469, 12.140546966407967 ], [ 77.04007074382811, 12.140502011566236 ], [ 77.040103612708265, 12.140346737146816 ], [ 77.040127363961801, 12.1402344172221 ], [ 77.040127488985306, 12.140233827020598 ], [ 77.040138631471649, 12.140178254060034 ], [ 77.040216307072626, 12.13964697528233 ], [ 77.040235626822266, 12.139513260650626 ], [ 77.040238780071107, 12.139491161102065 ], [ 77.040240103821844, 12.139481885550522 ], [ 77.040236688999769, 12.139379870396935 ], [ 77.040230286485368, 12.139187056755615 ], [ 77.040226283015144, 12.139065391825124 ], [ 77.040224825007996, 12.139021080044349 ], [ 77.040235748989645, 12.13902416103009 ], [ 77.040250488968766, 12.138959960960509 ], [ 77.040356428440901, 12.138978954388058 ], [ 77.040858532429183, 12.139068971751117 ], [ 77.040859046720612, 12.139069079126978 ], [ 77.041046269886195, 12.139109482360313 ], [ 77.041075098626123, 12.139115969672282 ], [ 77.041313841122047, 12.139170379542495 ], [ 77.041420653157786, 12.139195259801427 ], [ 77.041427950343447, 12.139196969302199 ], [ 77.041427988996446, 12.139196978958955 ], [ 77.041448854498967, 12.139203912691617 ], [ 77.041485041066792, 12.139215968248831 ], [ 77.041543349772837, 12.139235445348662 ], [ 77.041654246754405, 12.139272634096612 ], [ 77.041763497137055, 12.139309386655334 ], [ 77.041838782537326, 12.139334754166965 ], [ 77.042022471362174, 12.139396738452163 ], [ 77.04211635715518, 12.139428435361639 ], [ 77.042123749628146, 12.139442647344186 ], [ 77.042131540220524, 12.139457632755507 ], [ 77.042186822779257, 12.139568525447535 ], [ 77.042198202761696, 12.139591540868048 ], [ 77.042275136672004, 12.13974653569959 ], [ 77.042653057227128, 12.140518497941535 ], [ 77.042700627160329, 12.140580238060931 ], [ 77.042954303502455, 12.140914411904165 ], [ 77.043033810914764, 12.141015278569984 ], [ 77.043246266202488, 12.141230150786225 ], [ 77.043531284239052, 12.141521309220579 ], [ 77.043575351374827, 12.141705670270914 ], [ 77.04361081124425, 12.141854215746436 ], [ 77.043634084855228, 12.141951743932145 ], [ 77.043792097503839, 12.14192513497407 ], [ 77.044004694801799, 12.141889235685317 ], [ 77.044182738852669, 12.141859061286574 ], [ 77.044324258287489, 12.14183495177272 ], [ 77.044390857708478, 12.141823606027152 ], [ 77.044392685104455, 12.141823293369027 ], [ 77.044463131217427, 12.141273602511717 ], [ 77.044560461933671, 12.14044948438816 ], [ 77.044580818825011, 12.140242641887115 ], [ 77.044606650968845, 12.139954145685492 ], [ 77.044641121115106, 12.139454002181713 ], [ 77.044649393551168, 12.139304112512193 ], [ 77.044654627593403, 12.139209263286286 ], [ 77.044745341320663, 12.138482011072778 ], [ 77.044778310398968, 12.138223467456294 ], [ 77.045102803094466, 12.13788598059956 ], [ 77.045621181378621, 12.137346648404392 ], [ 77.045656100005871, 12.137310061194668 ], [ 77.045660172232203, 12.137247280208257 ], [ 77.045673880405189, 12.137034476606264 ], [ 77.045674893868352, 12.137018751116262 ], [ 77.045685837101146, 12.136848655364744 ], [ 77.045697539156365, 12.136666778384175 ], [ 77.045702153305143, 12.136597374859269 ], [ 77.045721866468611, 12.136309168869838 ], [ 77.045721869901158, 12.136309137211445 ], [ 77.045729619880845, 12.136255247756564 ], [ 77.045750771069592, 12.136109964542149 ], [ 77.045775632520332, 12.136051128677579 ], [ 77.045789059616979, 12.136019813083028 ], [ 77.04581250966487, 12.135965243644819 ], [ 77.045845348975803, 12.135889842711883 ], [ 77.04585549109288, 12.135866557258101 ], [ 77.045871846710568, 12.135827808855096 ], [ 77.045916878198909, 12.13572405597319 ], [ 77.045928950356497, 12.135696463202379 ], [ 77.045934168239285, 12.13568450170399 ], [ 77.045941898998407, 12.135666850286269 ], [ 77.045993152549869, 12.135550087302288 ], [ 77.046018338636401, 12.135492878583811 ], [ 77.046017868624347, 12.135492915497716 ], [ 77.046017929984913, 12.135492771339942 ], [ 77.045964050225166, 12.135496997994146 ], [ 77.045928197348914, 12.135499723979207 ], [ 77.045844886796374, 12.135506148314269 ], [ 77.045494286907655, 12.135533183836429 ], [ 77.045269520007594, 12.135552401542844 ], [ 77.045267106748696, 12.135552610071866 ], [ 77.045212260875445, 12.135557349848545 ], [ 77.045169715623089, 12.13572250300443 ], [ 77.045156697777671, 12.135773034888157 ], [ 77.04493423182241, 12.135810828360391 ], [ 77.044524450749492, 12.13579046704278 ], [ 77.044218530321544, 12.135784911687114 ], [ 77.044186625302117, 12.135591916252606 ], [ 77.044180621244308, 12.135370831025138 ], [ 77.044172924677284, 12.135091368175592 ], [ 77.044180374695728, 12.134990752573312 ], [ 77.044194103137954, 12.134803313899251 ], [ 77.044202883021256, 12.134682196581338 ], [ 77.044221388612272, 12.134424025456472 ], [ 77.044243887112088, 12.134093460156151 ], [ 77.044249021057354, 12.134019528324213 ], [ 77.044249569714992, 12.134011616008083 ], [ 77.044241762374483, 12.13399863720888 ], [ 77.044233998275473, 12.133985065196104 ], [ 77.044208552756814, 12.133943362735335 ], [ 77.044175196236679, 12.133887733242064 ], [ 77.044135186282432, 12.133820837259039 ], [ 77.044093702197173, 12.133751304009143 ], [ 77.044072013096681, 12.13371496407381 ], [ 77.044000683760416, 12.133595529870712 ], [ 77.043972414388023, 12.133548239224906 ], [ 77.043902505044755, 12.133431434505997 ], [ 77.04383570861394, 12.133320042249427 ], [ 77.043764080421425, 12.133200895757252 ], [ 77.043721975657505, 12.133131006383138 ], [ 77.043616071683232, 12.13295524375039 ], [ 77.043588920741385, 12.132910178084332 ], [ 77.043552910601292, 12.132850417795503 ], [ 77.043509555085834, 12.132778502237647 ], [ 77.04340660672807, 12.132780802873341 ], [ 77.043158997796809, 12.132786288407795 ], [ 77.043120265964887, 12.132787135425708 ], [ 77.043115102258824, 12.132738235331189 ], [ 77.04307810483904, 12.132391462595058 ], [ 77.04307594188856, 12.132371357197179 ], [ 77.043066975900658, 12.132288156018468 ], [ 77.043048250386249, 12.13211512921511 ], [ 77.04303665573002, 12.132005786859123 ], [ 77.043033966118671, 12.131978884230593 ], [ 77.043030408860176, 12.131934790447856 ], [ 77.043028578311137, 12.13191081160954 ], [ 77.043020677071084, 12.131807131440102 ], [ 77.043016817426491, 12.131771209357943 ], [ 77.043005488359611, 12.13163294425658 ], [ 77.042998052771011, 12.131541791869845 ], [ 77.042995613912083, 12.131511872303752 ], [ 77.042979989941458, 12.131320211490404 ], [ 77.042975603421965, 12.131266369981709 ], [ 77.042943806266251, 12.130859042865326 ], [ 77.042931739109861, 12.130695491171902 ], [ 77.042914786593926, 12.1304584231414 ], [ 77.042849451019038, 12.130452657039912 ], [ 77.042672834406346, 12.130437047651048 ], [ 77.041895200916102, 12.130367788375755 ], [ 77.041896013216999, 12.130360833948432 ], [ 77.041902697884609, 12.130302518284051 ], [ 77.041905681729276, 12.130276040159767 ], [ 77.041923568139723, 12.130111244395646 ], [ 77.041938495167628, 12.129965644633346 ], [ 77.041980013175959, 12.129519496060029 ], [ 77.042001132510421, 12.129267685406127 ], [ 77.0420097856463, 12.129159315262898 ], [ 77.042010159720277, 12.129154520540666 ], [ 77.0420101790492, 12.129154284505537 ], [ 77.04195676406016, 12.129151975886254 ], [ 77.041824443895749, 12.12914575697488 ], [ 77.0417096956416, 12.129141060637298 ], [ 77.041347161045735, 12.129126224005871 ], [ 77.040780767308121, 12.129127175266996 ], [ 77.040737686920579, 12.12912804667771 ], [ 77.040737461922447, 12.129128051950495 ], [ 77.040742273528892, 12.129010162284775 ], [ 77.040764283380909, 12.128559912129321 ], [ 77.040766598038559, 12.128516933663171 ], [ 77.040769025327307, 12.1284723401735 ], [ 77.040767111447494, 12.128472019865209 ], [ 77.040744549284966, 12.128468208433935 ], [ 77.040708955995001, 12.128461852984492 ], [ 77.040697683332155, 12.128459846430433 ], [ 77.040618835480103, 12.128443286611812 ], [ 77.040143232345045, 12.128343401635254 ], [ 77.039714363205533, 12.128242594162982 ], [ 77.039712598519429, 12.128249451667266 ], [ 77.039694955513824, 12.128317688658747 ], [ 77.039671034516047, 12.128408768533889 ], [ 77.039634212391832, 12.128548463236307 ], [ 77.039612699696193, 12.128630600310235 ], [ 77.039574466189094, 12.128779531440086 ], [ 77.039563151341596, 12.128825246932706 ], [ 77.039554994669359, 12.128860009464997 ], [ 77.039539236461934, 12.128927165185939 ], [ 77.039398690268726, 12.128927385609295 ], [ 77.039370527410526, 12.128927505276684 ], [ 77.039352427735508, 12.128927483071529 ], [ 77.03910120028408, 12.128870066386352 ], [ 77.039094032531111, 12.12886842812938 ], [ 77.039086553543271, 12.12888819335574 ], [ 77.039079756171731, 12.128906155897059 ], [ 77.039078380735901, 12.128958053452003 ], [ 77.03907145513584, 12.129016295899577 ], [ 77.03906639432094, 12.129058856261528 ], [ 77.039063441710837, 12.129083682013041 ], [ 77.039050543291339, 12.129154534927778 ], [ 77.03899553004139, 12.129252631227557 ], [ 77.038862672467275, 12.129251987712081 ], [ 77.038820624625586, 12.12925228092729 ], [ 77.038787342517423, 12.129252969656452 ], [ 77.038753038313772, 12.129254171131148 ], [ 77.038748959381522, 12.129297218649711 ], [ 77.038747710297613, 12.129310162194768 ], [ 77.038744945642264, 12.129338813273998 ], [ 77.038743316682627, 12.129355433581845 ], [ 77.03873843323322, 12.12940151657569 ], [ 77.038727301986299, 12.12950656730583 ], [ 77.038723813504092, 12.129536423061614 ], [ 77.038723616554236, 12.129538064013255 ], [ 77.038702212239059, 12.129716544966612 ], [ 77.038697309231154, 12.129760297191901 ], [ 77.038695650354697, 12.129775157108117 ], [ 77.038682551931473, 12.129886170257553 ], [ 77.038670609911293, 12.130001289015929 ], [ 77.038670547286941, 12.130001871527208 ], [ 77.038665789877371, 12.130044961095933 ], [ 77.038667688038956, 12.130086227509969 ], [ 77.038674613885945, 12.130219520292199 ], [ 77.038674725788539, 12.130221795249248 ], [ 77.038675716086715, 12.130241989807098 ], [ 77.038680808176181, 12.130345870004749 ], [ 77.038683384414682, 12.130402989586511 ], [ 77.038692038567802, 12.130604252035441 ], [ 77.038696782761193, 12.130720601873101 ], [ 77.038697617041763, 12.130741416684389 ], [ 77.038695456884028, 12.130760415197486 ], [ 77.038692736459552, 12.130784251382773 ], [ 77.038669988459773, 12.130981594693642 ], [ 77.038668698963619, 12.130992605297667 ], [ 77.038667070443282, 12.131006504245979 ], [ 77.038653728557335, 12.131120408652597 ], [ 77.038626369376402, 12.131350476527398 ], [ 77.038621513748538, 12.131390915959816 ], [ 77.038617894876765, 12.131420898304917 ], [ 77.038612087238391, 12.131469016240363 ], [ 77.038609239115658, 12.131492608434836 ], [ 77.038645700063185, 12.131489439744229 ], [ 77.038691439678828, 12.131485500492422 ], [ 77.038766241819502, 12.131479165512909 ], [ 77.038831365090914, 12.131473759475558 ], [ 77.03883160124883, 12.13147727534508 ], [ 77.038831319642995, 12.131485419794927 ], [ 77.038830916699808, 12.131497055631847 ], [ 77.038830785923423, 12.13150087607333 ], [ 77.038830654537804, 12.131504737190527 ], [ 77.038830386287742, 12.131512342874418 ], [ 77.038830285818818, 12.131515317131569 ], [ 77.03882974643281, 12.131530873773999 ], [ 77.038829577456113, 12.131535710373212 ], [ 77.038829249319647, 12.131545104223713 ], [ 77.038829093364242, 12.131549478882844 ], [ 77.038828637170326, 12.131562567525956 ], [ 77.038828410098347, 12.131568944636077 ], [ 77.038827914758187, 12.131583045828645 ], [ 77.038827413325436, 12.131597191352482 ], [ 77.038826747678087, 12.131616074925745 ], [ 77.038826668950307, 12.131618284404032 ], [ 77.038826248593196, 12.131630045997968 ], [ 77.038825727128284, 12.131644697799899 ], [ 77.038825063714356, 12.131663150241852 ], [ 77.038824487255596, 12.131679146406219 ], [ 77.038823889511661, 12.131695725681338 ], [ 77.038823341585328, 12.131710883808683 ], [ 77.038822785360736, 12.131726158587925 ], [ 77.038822180599041, 12.131742781297305 ], [ 77.038821476683424, 12.131761947139276 ], [ 77.038820954273106, 12.131776232907203 ], [ 77.038820357097634, 12.131792403658366 ], [ 77.038819877798474, 12.131805473491562 ], [ 77.038819370441175, 12.131819081295133 ], [ 77.038818807739645, 12.131834349795373 ], [ 77.038814386150904, 12.131951679928889 ], [ 77.038813708352123, 12.131969448296429 ], [ 77.038812795857083, 12.132003704693403 ], [ 77.038811352345974, 12.132057275690887 ], [ 77.038808747239429, 12.132145320928251 ], [ 77.038806339746813, 12.132236523507965 ], [ 77.038805564265814, 12.132263309853926 ], [ 77.038800784451098, 12.132423038293727 ], [ 77.038800166440765, 12.132442991620598 ], [ 77.038799317111142, 12.132468280001877 ], [ 77.038797202485583, 12.13253059121157 ], [ 77.038796356289865, 12.132558707574569 ], [ 77.038795101575246, 12.132600141795667 ], [ 77.038793333390558, 12.132652567350409 ], [ 77.038791106816433, 12.132716946385214 ], [ 77.038790069507755, 12.132746383709886 ], [ 77.038788936660467, 12.132778114690352 ], [ 77.038785590164039, 12.132869401004639 ], [ 77.038784067750171, 12.132909814993116 ], [ 77.038783018771653, 12.132937234207716 ], [ 77.038781549438568, 12.132975206628934 ], [ 77.038779276427903, 12.133032753241785 ], [ 77.038778048879948, 12.133063263879125 ], [ 77.038777138884896, 12.133085646974591 ], [ 77.03877500432155, 12.133137362124135 ], [ 77.038774532670232, 12.13314865863582 ], [ 77.038773389425756, 12.133193637661231 ], [ 77.03877166327004, 12.133251588767367 ], [ 77.038770514521218, 12.133300916941149 ], [ 77.03876849481685, 12.13337196362629 ], [ 77.038766956602686, 12.133423948237706 ], [ 77.038765221174387, 12.133480679275396 ], [ 77.038762971877688, 12.133551247730217 ], [ 77.038762325379622, 12.133571077444925 ], [ 77.038761329274962, 12.133600858815088 ], [ 77.038759191974094, 12.13366320453428 ], [ 77.038756851809595, 12.133728828942557 ], [ 77.038742568617792, 12.134080092932903 ], [ 77.038736671702068, 12.134192680813307 ], [ 77.038728521127794, 12.134602331518039 ], [ 77.038728514545255, 12.134602552998629 ], [ 77.038697434244071, 12.135296854061908 ], [ 77.038668820006961, 12.135913570642407 ], [ 77.038644835774249, 12.136408486247817 ], [ 77.038551129680997, 12.136332123293132 ], [ 77.038475985910424, 12.136270887981974 ], [ 77.038329637736737, 12.136151627515028 ], [ 77.038213712189929, 12.136059327624446 ], [ 77.038212999697251, 12.136059367214322 ], [ 77.038212815816763, 12.136059223959256 ], [ 77.038169268761365, 12.136062057121428 ], [ 77.03803549906425, 12.13607273878733 ], [ 77.037951448721628, 12.136080784054972 ], [ 77.037951326808653, 12.136081542340879 ], [ 77.037951215746048, 12.13608155310026 ], [ 77.037949205080707, 12.136094122654812 ], [ 77.037939136893968, 12.136157069955527 ], [ 77.037936863202887, 12.136171167972734 ], [ 77.037936500952256, 12.136173418402086 ], [ 77.037927428991239, 12.136229064664036 ], [ 77.037912170669259, 12.136322655715491 ], [ 77.037861283631614, 12.136595294296601 ], [ 77.037861226196696, 12.136595592975004 ], [ 77.03778118147126, 12.136999551226319 ], [ 77.037719411746139, 12.137324928306017 ], [ 77.037715358272408, 12.137347050751547 ], [ 77.037704108842263, 12.137361802311039 ], [ 77.037603845177088, 12.137493269381835 ], [ 77.037572290510113, 12.137499485731158 ], [ 77.037499454473149, 12.137513834675753 ], [ 77.037396949438289, 12.137533903422636 ], [ 77.037391507370941, 12.137546880541519 ], [ 77.03738175626934, 12.137578694847035 ], [ 77.037345769852834, 12.137587608206861 ], [ 77.037340829563192, 12.137601222430192 ], [ 77.037314166070061, 12.137675696984935 ], [ 77.037247930962963, 12.137860704400731 ], [ 77.037238210564169, 12.1378883438028 ], [ 77.037230800000629, 12.137909414522021 ], [ 77.037215757693332, 12.137952185732651 ], [ 77.03720725446756, 12.137976332911638 ], [ 77.037206912848532, 12.137977310631527 ], [ 77.037184638866705, 12.138101905933715 ], [ 77.037169801288954, 12.138184904007057 ], [ 77.037147839043413, 12.138306163782129 ], [ 77.037124313373454, 12.138434307598095 ], [ 77.036959686310894, 12.138655278441229 ], [ 77.036955975536074, 12.138660259504933 ], [ 77.036952464655002, 12.13866495259135 ], [ 77.036926785079075, 12.138699225866661 ], [ 77.036895839757108, 12.138697411887126 ], [ 77.036794323633174, 12.138691273697924 ], [ 77.036706095925439, 12.138686295792949 ], [ 77.036567123538532, 12.138678197102054 ], [ 77.036292290393504, 12.138662183587712 ], [ 77.036244272615221, 12.138659386155931 ], [ 77.036185142266376, 12.138674017202726 ], [ 77.036140385166746, 12.138685096299076 ], [ 77.036119213172753, 12.138690277196762 ], [ 77.036064493518026, 12.138703671906233 ], [ 77.035969514036893, 12.138727424800889 ], [ 77.035949179629242, 12.13873246757019 ], [ 77.035772514421893, 12.138776282857824 ], [ 77.035662091433665, 12.138803460780192 ], [ 77.035620144883495, 12.138813789757926 ], [ 77.035613108068262, 12.138815518067185 ], [ 77.035560096172389, 12.138828579274296 ], [ 77.035545873435296, 12.138832238535047 ], [ 77.035507783560703, 12.138842038427191 ], [ 77.035472540553329, 12.138850783425813 ], [ 77.035429804048661, 12.13884817568306 ], [ 77.035402781300405, 12.138846529722786 ], [ 77.03533733136247, 12.138842564262507 ], [ 77.035312252371071, 12.13884105041722 ], [ 77.03528019477173, 12.138838891047884 ], [ 77.035247872392873, 12.138837184620883 ], [ 77.035226751572125, 12.138835925459368 ], [ 77.035114990317325, 12.138829260952928 ], [ 77.035037593658174, 12.138824578867847 ], [ 77.035015557425822, 12.138823250500234 ], [ 77.034922313436226, 12.138817919365776 ], [ 77.034774577768232, 12.138809328357977 ], [ 77.034731710228158, 12.138806763043508 ], [ 77.034671222317343, 12.138803156814438 ], [ 77.034625753794387, 12.138800762441594 ], [ 77.034546461465766, 12.138796233336603 ], [ 77.034525783069796, 12.138795053114999 ], [ 77.034450846783329, 12.138790796547461 ], [ 77.034436509227348, 12.138788288117127 ], [ 77.034375278430971, 12.138777573420249 ], [ 77.034347987912142, 12.138772719905395 ], [ 77.034066261585579, 12.138723669177692 ], [ 77.033814358099789, 12.138679930324326 ], [ 77.033732234422104, 12.138665670608166 ], [ 77.033599108906031, 12.138642611019879 ], [ 77.033471034153322, 12.138619981528352 ], [ 77.033340084056888, 12.138597801500151 ], [ 77.033282480947676, 12.138587845308113 ], [ 77.033087104059945, 12.13864885393185 ], [ 77.033059746388687, 12.138622554334148 ], [ 77.032940073268549, 12.138512561416405 ], [ 77.032845577362323, 12.138431431002054 ], [ 77.032845511730045, 12.138431376351807 ], [ 77.032811780814626, 12.138427921164647 ], [ 77.032765182692145, 12.138423130640874 ], [ 77.032708130552095, 12.138417264521854 ], [ 77.032534362054975, 12.13839970605904 ], [ 77.032336732310085, 12.138380837716701 ], [ 77.03185199160481, 12.138336836056965 ], [ 77.031851418044297, 12.138336786038533 ], [ 77.031708479889147, 12.138324650441854 ], [ 77.031675994266934, 12.138354720864422 ], [ 77.031741070597946, 12.138179647405828 ], [ 77.031797357320045, 12.138028219710815 ], [ 77.031775791237465, 12.138025169482493 ], [ 77.031674759946725, 12.138010880678468 ], [ 77.031603295699028, 12.138000773676216 ], [ 77.031237397303144, 12.137952460510293 ], [ 77.031230197187043, 12.137787937990284 ], [ 77.031043500165637, 12.137786839538366 ], [ 77.030600710706977, 12.137788993393508 ], [ 77.030254742331408, 12.137859603140171 ], [ 77.030163840811895, 12.137878155281875 ], [ 77.030187478737375, 12.13766906832473 ], [ 77.030200585157374, 12.1375533217323 ], [ 77.030202251589785, 12.137538671423423 ], [ 77.030193928134267, 12.137539588372487 ], [ 77.030067936252536, 12.137553934800334 ], [ 77.030016176618133, 12.137559417268744 ], [ 77.029770044440951, 12.137588655387175 ], [ 77.029544777480496, 12.137613438191782 ], [ 77.029530343337058, 12.137615026261289 ], [ 77.029078534616545, 12.137670344368306 ], [ 77.028709886787368, 12.137715029086667 ], [ 77.028540096158494, 12.13773390124312 ], [ 77.028497436532646, 12.137739013073139 ], [ 77.028496897805923, 12.137739074864593 ], [ 77.02815330736577, 12.137780158852872 ], [ 77.027884249438358, 12.137812233172015 ], [ 77.027658344587223, 12.137839105159841 ], [ 77.027467028797659, 12.137861825506235 ], [ 77.027079401059524, 12.137907758825833 ], [ 77.027017212080395, 12.13789505201752 ], [ 77.026484842266598, 12.137786275290226 ], [ 77.026188323496342, 12.137725645391573 ], [ 77.025540092683102, 12.137593084074142 ], [ 77.024751309285421, 12.137431896924454 ], [ 77.024244371124141, 12.137328609144731 ], [ 77.024209269510337, 12.137321466301046 ], [ 77.02391195972406, 12.137071333694298 ], [ 77.023648444333375, 12.136723151231623 ], [ 77.023521751145992, 12.136555964577896 ], [ 77.02337535767397, 12.136362961616076 ], [ 77.023241267400365, 12.136186364114364 ], [ 77.02305140442445, 12.135936623598468 ], [ 77.022976909359542, 12.135838746345486 ], [ 77.022814850950752, 12.135626050359972 ], [ 77.022755060428977, 12.135547667479422 ], [ 77.022660149962235, 12.135382005971168 ], [ 77.022534321228235, 12.135162550269875 ], [ 77.022509875007913, 12.135119961318519 ], [ 77.022396651285618, 12.134922834328808 ], [ 77.022345375250353, 12.134833631037585 ], [ 77.022321014336356, 12.134791261063052 ], [ 77.022320885827909, 12.134791272847398 ], [ 77.022320804847823, 12.134791131540213 ], [ 77.02223547950409, 12.13479830555605 ], [ 77.022067978701699, 12.134812192158376 ], [ 77.021713963322895, 12.134840745604386 ], [ 77.021563442472043, 12.134852275509269 ], [ 77.021482579813977, 12.13485865389791 ], [ 77.02127900394153, 12.134873925942031 ], [ 77.021243141127982, 12.134876519577064 ], [ 77.021150515442756, 12.134883385032371 ], [ 77.020577223031225, 12.134924679806481 ], [ 77.020543001804683, 12.134927050784597 ], [ 77.020376471673345, 12.134939120771836 ], [ 77.019782548347408, 12.134982041304641 ], [ 77.019758685995924, 12.134983729260027 ], [ 77.019653113081162, 12.13499144154623 ], [ 77.01962349766761, 12.134993597150592 ], [ 77.019493208740997, 12.135003079466038 ], [ 77.019485147310633, 12.135003663379074 ], [ 77.019374404748802, 12.135011499128767 ], [ 77.019339021672039, 12.13501425803676 ], [ 77.019325736217795, 12.135015303029519 ], [ 77.019256808181495, 12.1350203455747 ], [ 77.019205536043827, 12.135024094329481 ], [ 77.019144377524213, 12.13502857857018 ], [ 77.019075941491408, 12.134998210544181 ], [ 77.018976471820608, 12.134953902397536 ], [ 77.018816684553855, 12.134883151835588 ], [ 77.018446574918471, 12.134718819661453 ], [ 77.018318559714018, 12.134661849004596 ], [ 77.018157452801546, 12.134590124275732 ], [ 77.018114969902442, 12.134571485426191 ], [ 77.018032158899771, 12.134523938216827 ], [ 77.017897352004013, 12.134446457748288 ], [ 77.017831768925404, 12.134408724174865 ], [ 77.017734055010848, 12.134352459704084 ], [ 77.017625203578831, 12.134289713741754 ], [ 77.017558874366031, 12.134251446854242 ], [ 77.017464378167801, 12.13419688059396 ], [ 77.01741824349898, 12.134170225171626 ], [ 77.017282823349618, 12.134091891998541 ], [ 77.017241169212951, 12.134067773447766 ], [ 77.017241041003885, 12.134067702980333 ], [ 77.017177512558348, 12.13403346467501 ], [ 77.017144951943564, 12.134015916581959 ], [ 77.017097537670068, 12.133990344150693 ], [ 77.016563994182661, 12.133701608894226 ], [ 77.016451465879811, 12.133638809625733 ], [ 77.016408170819602, 12.133614621532233 ], [ 77.016312257375859, 12.133560865003631 ], [ 77.016054278818899, 12.133416276259027 ], [ 77.016011571152305, 12.13339226006002 ], [ 77.015867691769145, 12.133311223781332 ], [ 77.015795091440424, 12.133270308671365 ], [ 77.015800352217923, 12.133385302708339 ], [ 77.015802339821079, 12.13342877627071 ], [ 77.01580792328987, 12.133550890933556 ], [ 77.015812995878946, 12.133661620323116 ], [ 77.015810694323903, 12.133755366453109 ], [ 77.015808548591437, 12.133842471109432 ], [ 77.015806040562651, 12.133944550121328 ], [ 77.015800047422047, 12.134188443409538 ], [ 77.0157870764737, 12.1347208106588 ], [ 77.015786734794773, 12.134734984082824 ], [ 77.015782638504945, 12.134905088641641 ], [ 77.015279767060221, 12.13495049373978 ], [ 77.015161449411778, 12.134961221838649 ], [ 77.015147210464491, 12.134962513083472 ], [ 77.015141481665466, 12.134963033799764 ], [ 77.015105133466989, 12.13496633515858 ], [ 77.01506522645154, 12.134969959768062 ], [ 77.015059046031965, 12.1349705217297 ], [ 77.015049416051696, 12.134971399824511 ], [ 77.015040006343085, 12.134972253720539 ], [ 77.015016611043137, 12.134974377126781 ], [ 77.015008118358509, 12.134975149331405 ], [ 77.015013156468228, 12.134979403085122 ], [ 77.015013462443662, 12.134979660253814 ], [ 77.015022713124637, 12.134987466983995 ], [ 77.015035039304465, 12.134997862458386 ], [ 77.015042148069995, 12.135003857258109 ], [ 77.015053657094199, 12.135013567258536 ], [ 77.015060476479277, 12.135019312902591 ], [ 77.015066573918347, 12.135024452820417 ], [ 77.015075994613056, 12.13503239207591 ], [ 77.015084993778885, 12.135039976487347 ], [ 77.015094172263304, 12.135047709626948 ], [ 77.015095748365468, 12.135049034901346 ], [ 77.015096836384473, 12.135049949779869 ], [ 77.015098094543305, 12.135051014357517 ], [ 77.015100248394532, 12.135052825295823 ], [ 77.015101096107145, 12.135053543083533 ], [ 77.015102168389291, 12.135054441807855 ], [ 77.01510322775799, 12.135055333395611 ], [ 77.015104268634261, 12.135056208849241 ], [ 77.01510610452182, 12.135057756379451 ], [ 77.015107691734514, 12.135059093322537 ], [ 77.015108791782495, 12.135060019863051 ], [ 77.015109594169019, 12.135060695501222 ], [ 77.015111161984379, 12.135062018124392 ], [ 77.015112371095597, 12.135063034252815 ], [ 77.015113850156851, 12.135064280697479 ], [ 77.015115604679195, 12.135065757418253 ], [ 77.015117185428451, 12.135067089889233 ], [ 77.015117990556945, 12.135067763699789 ], [ 77.015118874315618, 12.13506851105104 ], [ 77.015119884697839, 12.13506936232347 ], [ 77.015121560657988, 12.135070774541168 ], [ 77.015123048013081, 12.135072024540669 ], [ 77.015124380999197, 12.135073145514035 ], [ 77.015128215437485, 12.135076373155147 ], [ 77.0151332931962, 12.135080646501475 ], [ 77.015140551654142, 12.135086758608507 ], [ 77.015147973686851, 12.135093002385849 ], [ 77.015161234254862, 12.135104158392975 ], [ 77.015173035145907, 12.135114080467389 ], [ 77.01518319710263, 12.135122628014775 ], [ 77.015197470757371, 12.135134628041589 ], [ 77.015209606236425, 12.135144825150531 ], [ 77.015212943306238, 12.13514762890482 ], [ 77.015212963649276, 12.135147646833095 ], [ 77.015216090438344, 12.135159135084065 ], [ 77.015216612796834, 12.135161050084884 ], [ 77.015218713708165, 12.135168770560357 ], [ 77.015230530158064, 12.135212163558737 ], [ 77.015238274209779, 12.135240591878972 ], [ 77.015238925862477, 12.135242965981298 ], [ 77.015260322576452, 12.135321385350013 ], [ 77.015274760708266, 12.135374199626227 ], [ 77.015289458265613, 12.13542792034802 ], [ 77.015310226246669, 12.135503710562419 ], [ 77.015328833296365, 12.135571493322907 ], [ 77.015338491745297, 12.135606653788425 ], [ 77.015344820577866, 12.135628518041402 ], [ 77.015344860188037, 12.135628655133198 ], [ 77.015355540034605, 12.135665519991104 ], [ 77.015376402128439, 12.135737450212257 ], [ 77.015398244016566, 12.135812636075165 ], [ 77.015422144275476, 12.135894767241092 ], [ 77.015446429982688, 12.135978071461642 ], [ 77.015461250889444, 12.136028883686629 ], [ 77.01547838989363, 12.136087711251383 ], [ 77.015496589256827, 12.136150247587606 ], [ 77.015512653471021, 12.13620552012746 ], [ 77.015534996545256, 12.136282479220213 ], [ 77.015551268178811, 12.136338580852197 ], [ 77.015558953900694, 12.136365104331103 ], [ 77.01556900383649, 12.136399790135693 ], [ 77.015575260986168, 12.136421399118483 ], [ 77.015576004121598, 12.136423966873442 ], [ 77.015546325358912, 12.136429703451222 ], [ 77.015319317515591, 12.136473683543318 ], [ 77.015150005854792, 12.13650648628413 ], [ 77.014840884305357, 12.136566655420937 ], [ 77.014836669657242, 12.136570039253835 ], [ 77.014830638073391, 12.136574886935554 ], [ 77.014813503807318, 12.136588652938201 ], [ 77.014802722545525, 12.136597316754873 ], [ 77.014781941551732, 12.136614011450872 ], [ 77.014739742095983, 12.136647892635592 ], [ 77.014731606741634, 12.136654416840786 ], [ 77.014711080060835, 12.136670851190393 ], [ 77.014705430863145, 12.136675368001809 ], [ 77.01469421848131, 12.136684357615229 ], [ 77.01468216964426, 12.136694127886329 ], [ 77.014668885620679, 12.136704791078484 ], [ 77.014656603274219, 12.136714657948769 ], [ 77.014645743444589, 12.13672338017682 ], [ 77.014641177256195, 12.136727044941189 ], [ 77.014632280489963, 12.136734191088056 ], [ 77.014627070635171, 12.136738377519441 ], [ 77.01461550318804, 12.136747667973786 ], [ 77.014609301730687, 12.136752647037614 ], [ 77.014599393282381, 12.13676060313496 ], [ 77.014591139295447, 12.136767232139212 ], [ 77.01458641243218, 12.136771029125562 ], [ 77.014577981292362, 12.136777797702615 ], [ 77.014569457054733, 12.136784645588994 ], [ 77.014561897897565, 12.136790716400517 ], [ 77.014554856439503, 12.136796371304204 ], [ 77.014549918662098, 12.13680033793479 ], [ 77.01454047312491, 12.136807921904758 ], [ 77.014532048391899, 12.136814687722662 ], [ 77.014524596972237, 12.13682067188684 ], [ 77.014516377681218, 12.136827273522409 ], [ 77.01451202333439, 12.136830770441367 ], [ 77.014504497962548, 12.136836814795153 ], [ 77.014492352538312, 12.136846568590261 ], [ 77.014482756366831, 12.136854276573938 ], [ 77.014479236561414, 12.136857104922134 ], [ 77.014471113141425, 12.136863629938448 ], [ 77.014463031728098, 12.136870122111514 ], [ 77.014459065445408, 12.136873309812163 ], [ 77.014450906426532, 12.136879864913034 ], [ 77.014447408522088, 12.136882674121386 ], [ 77.014439170067419, 12.136889293067178 ], [ 77.014436293948208, 12.136891602459411 ], [ 77.014429566598992, 12.136897008333081 ], [ 77.014420578533503, 12.136904230155883 ], [ 77.014416913559302, 12.136907176152148 ], [ 77.014408765492504, 12.136913722134206 ], [ 77.014406372366153, 12.136915642081966 ], [ 77.01439937202386, 12.136921268665157 ], [ 77.014395203950329, 12.136924617808985 ], [ 77.014383377224846, 12.136934122539484 ], [ 77.014380229943001, 12.1369366517242 ], [ 77.014374527023705, 12.136941233092349 ], [ 77.014369234990198, 12.136945486096627 ], [ 77.014360391190706, 12.136952592987301 ], [ 77.014356737162572, 12.136955528961325 ], [ 77.014349766952492, 12.136961131825078 ], [ 77.01434597871085, 12.136964176329768 ], [ 77.014336717648746, 12.136971618860544 ], [ 77.014326322611126, 12.136979977074196 ], [ 77.014320484578491, 12.136984669690257 ], [ 77.014304007835065, 12.136957719352733 ], [ 77.014301728116365, 12.136917405818471 ], [ 77.014301075543102, 12.136905864304577 ], [ 77.014272211266871, 12.136905710078887 ], [ 77.014255581836494, 12.136905621385454 ], [ 77.014121649837065, 12.136904907478788 ], [ 77.014032410515455, 12.136904431452017 ], [ 77.013996926023083, 12.136904261188134 ], [ 77.013996158084339, 12.136904258640389 ], [ 77.013915971725993, 12.136925856622828 ], [ 77.013869946663647, 12.136938150739168 ], [ 77.013626830850129, 12.137003278550374 ], [ 77.01350481915425, 12.137035847490434 ], [ 77.01343731437133, 12.137053895105289 ], [ 77.01333594577946, 12.137081605856531 ], [ 77.013269868744047, 12.137084411014227 ], [ 77.013269384802072, 12.137084429898499 ], [ 77.013148721990419, 12.137089064536443 ], [ 77.013041458022755, 12.137093175995277 ], [ 77.013024326182702, 12.137093830205513 ], [ 77.012938083870736, 12.137097125364757 ], [ 77.012847163606267, 12.137100583755689 ], [ 77.012663266479393, 12.137107512689122 ], [ 77.012606535464627, 12.137098406114527 ], [ 77.012534396187277, 12.137086575360055 ], [ 77.012451104507576, 12.137073262955262 ], [ 77.012331156799618, 12.137053620911253 ], [ 77.012293954703523, 12.13704747783375 ], [ 77.012239541679463, 12.13703842934799 ], [ 77.01225791967579, 12.13709829210984 ], [ 77.012265299223884, 12.137150629185106 ], [ 77.012269705998079, 12.137181882813751 ], [ 77.012306979228853, 12.137446221767203 ], [ 77.012306991827771, 12.137446309345966 ], [ 77.012374531874741, 12.137912485791418 ], [ 77.012375474537208, 12.137918875258029 ], [ 77.012389752780095, 12.13801564175993 ], [ 77.012389807836925, 12.138015634129143 ], [ 77.012389824347522, 12.138015753313081 ], [ 77.01261205219663, 12.137986444732579 ], [ 77.012627868146865, 12.137984370266622 ], [ 77.012680271914391, 12.138109299072548 ], [ 77.01269119358534, 12.138135336381008 ], [ 77.012710783687027, 12.13822973056697 ], [ 77.012727309776821, 12.138309000850333 ], [ 77.012764804970473, 12.138487579277603 ], [ 77.0127693805414, 12.138509372300408 ], [ 77.012778961842656, 12.138554705912375 ], [ 77.01280011270984, 12.138760029635808 ], [ 77.012807433524245, 12.13883081401325 ], [ 77.012807480088398, 12.138830898633504 ], [ 77.012807799877592, 12.138833972903361 ], [ 77.012893967288591, 12.138986825386684 ], [ 77.012894133032461, 12.138987123345029 ], [ 77.012931309628001, 12.139054280495767 ], [ 77.012953413881235, 12.13909423297928 ], [ 77.012967988292345, 12.13920824841458 ], [ 77.013000921267817, 12.139475840768213 ], [ 77.013005254914447, 12.139511032826485 ], [ 77.013033732066162, 12.139743417723338 ], [ 77.013034047146888, 12.139745986792484 ], [ 77.013034055038247, 12.139746059040483 ], [ 77.013020662927985, 12.139748720570264 ], [ 77.012570639230276, 12.139841512703795 ], [ 77.012568630715563, 12.13984193402629 ], [ 77.012522926437427, 12.139913404941124 ], [ 77.012567357171292, 12.140093332043215 ], [ 77.012641285662411, 12.14039535465165 ], [ 77.012630110498563, 12.140633733760378 ], [ 77.01262623687461, 12.140725943192226 ], [ 77.012624336944413, 12.140771026777884 ], [ 77.012617610292622, 12.140918275950256 ], [ 77.012614261241467, 12.140990804553624 ], [ 77.012600519014484, 12.141288414130385 ], [ 77.012598067486422, 12.141341507743142 ], [ 77.012608638966512, 12.141341202198602 ], [ 77.012618316859516, 12.141340922132287 ], [ 77.012702505784915, 12.14133849590826 ], [ 77.012753065634826, 12.141401628611668 ], [ 77.012778345103015, 12.141433194057972 ], [ 77.012779263161704, 12.141444006980265 ], [ 77.012783230760348, 12.141490870887187 ], [ 77.01278337797649, 12.141492615088064 ], [ 77.012784234886254, 12.141502746976581 ], [ 77.012785842788944, 12.1415217506985 ], [ 77.012785910165888, 12.141525339267719 ], [ 77.012789526948907, 12.141565488553894 ], [ 77.012791188014475, 12.141585210423823 ], [ 77.012793579169212, 12.141613589170424 ], [ 77.012794739839336, 12.141627350388077 ], [ 77.012795133277805, 12.141632034724008 ], [ 77.012796820214263, 12.141652143239414 ], [ 77.012798427261131, 12.141671277116748 ], [ 77.01280008766193, 12.141691032432375 ], [ 77.012800597473273, 12.141697145761105 ], [ 77.012800715431595, 12.141698541301173 ], [ 77.012801136257735, 12.141703569792289 ], [ 77.012801257528437, 12.141705039421305 ], [ 77.012801708232644, 12.141710376800695 ], [ 77.012802167480132, 12.141715873189803 ], [ 77.012802630408586, 12.141721370455981 ], [ 77.012803125097804, 12.141727304938788 ], [ 77.012804727506264, 12.141746432522867 ], [ 77.012805105843427, 12.141750940724117 ], [ 77.012805363120151, 12.141760120734558 ], [ 77.01280540259414, 12.141761584631739 ], [ 77.012806364019966, 12.141799810925534 ], [ 77.012806926528285, 12.14182210853021 ], [ 77.012807206714271, 12.14183348193894 ], [ 77.012807662975675, 12.141851663427747 ], [ 77.012807980420632, 12.141864328120613 ], [ 77.012808504734366, 12.141885209720979 ], [ 77.01280893091247, 12.141902321308651 ], [ 77.012809538561484, 12.141926714537465 ], [ 77.012810094294153, 12.141949088111817 ], [ 77.012810799866003, 12.141977467367076 ], [ 77.012811052484366, 12.141998498265616 ], [ 77.012811004808711, 12.142021007282201 ], [ 77.012810955776075, 12.142042846579866 ], [ 77.012810923129479, 12.142057941472531 ], [ 77.012810879181771, 12.14207788994708 ], [ 77.012810826875935, 12.142098926678607 ], [ 77.012810759493675, 12.142129205053124 ], [ 77.012810702392102, 12.142153760380769 ], [ 77.012810615003659, 12.142188711636882 ], [ 77.012810558306811, 12.142212220340895 ], [ 77.012810476578423, 12.142245968574697 ], [ 77.012810405807201, 12.142272005358366 ], [ 77.012810348516382, 12.142296168430402 ], [ 77.012810268302857, 12.142327061493761 ], [ 77.012810234158948, 12.142338777927492 ], [ 77.012810149011543, 12.142370236816351 ], [ 77.012810120363696, 12.142382073417791 ], [ 77.012810042739474, 12.142410132090699 ], [ 77.012809954754445, 12.142441702169604 ], [ 77.01280985205814, 12.142478772084504 ], [ 77.012809756763204, 12.142511936550385 ], [ 77.012809755290974, 12.142512107382579 ], [ 77.012822315031315, 12.142543031425239 ], [ 77.012830936605937, 12.142564392801896 ], [ 77.012845304467021, 12.142600008060306 ], [ 77.012866098576964, 12.142651004735965 ], [ 77.012867368557181, 12.14265412722542 ], [ 77.012881722395306, 12.142689586221888 ], [ 77.012885178284762, 12.142716627702487 ], [ 77.012885405796311, 12.14271842193267 ], [ 77.012888032593011, 12.142739280102617 ], [ 77.012891580240421, 12.142767408207702 ], [ 77.01289692943854, 12.142808766843633 ], [ 77.012903088425901, 12.142857162133373 ], [ 77.012906545495426, 12.14288448197993 ], [ 77.012910262228431, 12.142913962772338 ], [ 77.012913839578601, 12.142942375362525 ], [ 77.012917832523925, 12.142974018787772 ], [ 77.012922873833034, 12.143014131489377 ], [ 77.012927175719327, 12.143048381083483 ], [ 77.012932619576731, 12.143090354527336 ], [ 77.012936458450028, 12.143120807840894 ], [ 77.01294017158753, 12.143150297695815 ], [ 77.012943932953618, 12.143180215609059 ], [ 77.012951526585184, 12.143240684495041 ], [ 77.012958262308885, 12.143294436124116 ], [ 77.012968858279649, 12.143379160603416 ], [ 77.012968867171267, 12.143379243689932 ], [ 77.01297128066075, 12.143433445227817 ], [ 77.012974424490039, 12.143504401839955 ], [ 77.012978611463154, 12.14359890072569 ], [ 77.012980894655598, 12.143654464358848 ], [ 77.012986947723263, 12.143778724119072 ], [ 77.012999099400218, 12.144053588671039 ], [ 77.013001435183398, 12.144112724708132 ], [ 77.013006323088462, 12.14421956824601 ], [ 77.012630993942295, 12.144225957295086 ], [ 77.012464819928184, 12.144228625659462 ], [ 77.012229847406587, 12.144234627741547 ], [ 77.011947501496607, 12.144241878828012 ], [ 77.011851653455196, 12.144244505424524 ], [ 77.011861181043145, 12.144353226888876 ], [ 77.011875461651897, 12.144366950558579 ], [ 77.011886052586618, 12.144474028376909 ], [ 77.011897333094836, 12.144588648056938 ], [ 77.01189877617864, 12.144603565017727 ], [ 77.011902098603727, 12.144637913951888 ], [ 77.011906818298996, 12.14468670567517 ], [ 77.011909382820406, 12.144713218597124 ], [ 77.011909521975056, 12.144713278141044 ], [ 77.011909530988675, 12.144713377495449 ], [ 77.012000578723033, 12.14475172960751 ], [ 77.012099208139105, 12.144793330002232 ], [ 77.012123356364796, 12.144803515751297 ], [ 77.012143916220197, 12.144812187489391 ], [ 77.012176076849897, 12.144825733200648 ], [ 77.012381552429773, 12.144912210937969 ], [ 77.012599325059867, 12.145003665849851 ], [ 77.012733477918701, 12.145022458239181 ], [ 77.013032179149249, 12.145060310625301 ], [ 77.013238016420928, 12.145072282479742 ], [ 77.013317927036908, 12.145065249539371 ], [ 77.01336270295927, 12.145060612496435 ], [ 77.013363086127256, 12.145060627784417 ], [ 77.013366749699003, 12.145102939527391 ], [ 77.013366800770314, 12.145103501329912 ], [ 77.013373570894089, 12.145181722613621 ], [ 77.013378638522525, 12.145246822017397 ], [ 77.013381376775015, 12.145282738757135 ], [ 77.013388171914059, 12.14537186169647 ], [ 77.013391962746937, 12.145424257300546 ], [ 77.013398644285431, 12.145516595941389 ], [ 77.013399697020077, 12.145531140636832 ], [ 77.01340080013226, 12.145546887945992 ], [ 77.013402774750972, 12.145575067241509 ], [ 77.013410558950781, 12.145688100686064 ], [ 77.013414074434777, 12.145740035537095 ], [ 77.013423055893554, 12.145874493379772 ], [ 77.013427423355324, 12.145940414922201 ], [ 77.013427780474586, 12.145945884934566 ], [ 77.013427793557113, 12.145946036680586 ], [ 77.013415022634987, 12.145977725256909 ], [ 77.013414586422854, 12.145978841030205 ], [ 77.013371596259987, 12.146094327293518 ], [ 77.013365874353227, 12.146109971527673 ], [ 77.013348524675848, 12.146156873031321 ], [ 77.013314169253562, 12.146245473875741 ], [ 77.013309286930351, 12.146257695571324 ], [ 77.013296182815779, 12.14629015481515 ], [ 77.013278683653667, 12.14633281488851 ], [ 77.01326287800569, 12.146370781768884 ], [ 77.013239522407702, 12.14642597882731 ], [ 77.013223446125536, 12.146463993771068 ], [ 77.013204544651316, 12.146507685361135 ], [ 77.013205546335044, 12.146527902784387 ], [ 77.013207363253656, 12.146564552898223 ], [ 77.013209292309767, 12.146603167093923 ], [ 77.013210265652205, 12.146622546884846 ], [ 77.013211625599155, 12.146649486098896 ], [ 77.013213023676101, 12.14667709837901 ], [ 77.013214391081704, 12.146705884940504 ], [ 77.013216525201457, 12.146750270322171 ], [ 77.013217627833384, 12.146766930490349 ], [ 77.013219753495392, 12.146807868775312 ], [ 77.013222678494714, 12.146863612995205 ], [ 77.013223511615976, 12.146879369499901 ], [ 77.013225259159285, 12.146912288256729 ], [ 77.013226355710316, 12.146932782460313 ], [ 77.013227521289139, 12.146954516198347 ], [ 77.013234179456376, 12.147076483934281 ], [ 77.013236194866622, 12.147112774689402 ], [ 77.013238347922893, 12.147151123337583 ], [ 77.013239973005952, 12.147179848370039 ], [ 77.013241430328037, 12.147205441993844 ], [ 77.013243718847662, 12.147245313490981 ], [ 77.013246594267812, 12.14729482625072 ], [ 77.013248998401352, 12.147335779678594 ], [ 77.013249772812017, 12.147348857696228 ], [ 77.013250309449106, 12.147357922689602 ], [ 77.013250310632642, 12.147357957929842 ], [ 77.013252636474803, 12.147396928049021 ], [ 77.013214622535031, 12.147393452064975 ], [ 77.013214793074653, 12.147397075129737 ], [ 77.013153130347646, 12.14739636520409 ], [ 77.013066112054489, 12.147395364379419 ], [ 77.013073726303517, 12.147446804845636 ], [ 77.013076461603276, 12.147465217383719 ], [ 77.013082192562138, 12.147503927734746 ], [ 77.013082992818596, 12.147509324928919 ], [ 77.013084795554249, 12.147521480801602 ], [ 77.013106094033603, 12.147665029990026 ], [ 77.013123708062665, 12.147783656119531 ], [ 77.013152604557817, 12.147978060198811 ], [ 77.013161196818999, 12.148035807602772 ], [ 77.013168156007126, 12.148125104679055 ], [ 77.013175328757043, 12.14821714780302 ], [ 77.013187071780337, 12.148367621057794 ], [ 77.013211521520148, 12.148680173684179 ], [ 77.01321896327967, 12.148762904623819 ], [ 77.013231579399758, 12.148903158378811 ], [ 77.013235758217377, 12.148949472074314 ], [ 77.013239088899851, 12.14898634344167 ], [ 77.013249680912949, 12.149103202164532 ], [ 77.013246871040863, 12.149113483649925 ], [ 77.013226743223086, 12.149187121313245 ], [ 77.013214949034577, 12.149229854663357 ], [ 77.013207776268473, 12.149255839185924 ], [ 77.013216697348682, 12.149271908284279 ], [ 77.013218799731732, 12.149275776682043 ], [ 77.013229294957654, 12.149295098004158 ], [ 77.0132336534475, 12.149303121094118 ], [ 77.01324058560779, 12.149315873199818 ], [ 77.013242971147193, 12.149320260134662 ], [ 77.013269545401414, 12.149369108700739 ], [ 77.013279625740907, 12.149387616893193 ], [ 77.013284923929575, 12.149397344970556 ], [ 77.013289567327675, 12.149405874834015 ], [ 77.013286342762981, 12.149407429372168 ], [ 77.01328216172432, 12.149409445492587 ], [ 77.013198713155873, 12.149449704272504 ], [ 77.013144662726248, 12.14947578598227 ], [ 77.013135497957137, 12.149480208184134 ], [ 77.013141484241274, 12.14955396216123 ], [ 77.013175480807831, 12.149968937190325 ], [ 77.013184500801799, 12.150077929682672 ], [ 77.013194741571127, 12.150201083325973 ], [ 77.01320694312075, 12.15034689584061 ], [ 77.013216310068614, 12.150458165225659 ], [ 77.013225263726852, 12.150563946930285 ], [ 77.013226708055257, 12.150580840500679 ], [ 77.013236372409324, 12.150693908118814 ], [ 77.01324593310764, 12.150805771701487 ], [ 77.013255263833926, 12.150916002855411 ], [ 77.013269454414598, 12.151077219983378 ], [ 77.013287237929134, 12.151281092787666 ], [ 77.013272732147954, 12.151287328982841 ], [ 77.013224805916821, 12.151307931524133 ], [ 77.013178598419231, 12.1513276809963 ], [ 77.013126678112855, 12.151349881625331 ], [ 77.013093532351405, 12.151364375204389 ], [ 77.013042201693608, 12.151386442281348 ], [ 77.013028901828847, 12.15139216174186 ], [ 77.013008412516598, 12.15139661034892 ], [ 77.012979053755416, 12.151402983573025 ], [ 77.012977829395481, 12.151403248265659 ], [ 77.012803090898615, 12.151441047038887 ], [ 77.012781221182181, 12.151445777726611 ], [ 77.012710179903564, 12.151461144511131 ], [ 77.012541685504956, 12.151497526592705 ], [ 77.012528491741961, 12.151500377447821 ], [ 77.012425584729655, 12.151522606473849 ], [ 77.012425134609771, 12.151522851068695 ], [ 77.012424557736068, 12.151522975474478 ], [ 77.012338536076228, 12.151569563284291 ], [ 77.012265173396401, 12.151609128484617 ], [ 77.012239956770856, 12.151622731858058 ], [ 77.01218146742616, 12.151654605783783 ], [ 77.012169986420417, 12.151660819014037 ], [ 77.012163209899811, 12.151664621876295 ], [ 77.012162608909009, 12.15166495975796 ], [ 77.012160095262814, 12.151666262372744 ], [ 77.01215902924298, 12.151666327973894 ], [ 77.012110544115657, 12.151669305455565 ], [ 77.012090050073525, 12.151670564463142 ], [ 77.012089475268837, 12.151670597567705 ], [ 77.012022446887826, 12.151674421262578 ], [ 77.011995587970119, 12.151675953432054 ], [ 77.01187161898163, 12.151683051960246 ], [ 77.011837327142828, 12.151685020507003 ], [ 77.011745221532237, 12.151690322653559 ], [ 77.011744340960362, 12.151690373346751 ], [ 77.011738878290799, 12.151692863336631 ], [ 77.011730212358202, 12.15169681369969 ], [ 77.011720999793766, 12.151701001224119 ], [ 77.0116223750655, 12.151745829505163 ], [ 77.011616042527649, 12.151820328442016 ], [ 77.011603970684021, 12.151960376918547 ], [ 77.011590193470667, 12.152120906555997 ], [ 77.011579354464814, 12.152252649923522 ], [ 77.011570024996004, 12.152384670627418 ], [ 77.011562300916708, 12.152499652634775 ], [ 77.011561486121565, 12.152511879078469 ], [ 77.011561476628572, 12.152511960491115 ], [ 77.011560725851268, 12.152515470053244 ], [ 77.011543331920564, 12.15259677476555 ], [ 77.011520430771654, 12.152703860263836 ], [ 77.011476136976469, 12.152911085295168 ], [ 77.01144093852686, 12.153075909348976 ], [ 77.011440184920531, 12.153079653924264 ], [ 77.011417432084954, 12.153192669194794 ], [ 77.011323524604563, 12.153658840958798 ], [ 77.011319727214328, 12.153677692391126 ], [ 77.011324769047448, 12.153746081932132 ], [ 77.0113343357839, 12.153875925261421 ], [ 77.011337317170003, 12.153916446115193 ], [ 77.011351571890316, 12.154110736388471 ], [ 77.011359825375791, 12.154223510728547 ], [ 77.011361057693961, 12.154240315480191 ], [ 77.011363233894997, 12.154270137374963 ], [ 77.011367875966101, 12.154333732354406 ], [ 77.011368627685954, 12.154344037635372 ], [ 77.011374656510014, 12.15442677260978 ], [ 77.011374660537527, 12.154426819578992 ], [ 77.011393761856382, 12.15460739529806 ], [ 77.011409097110473, 12.154752682647484 ], [ 77.011412735875567, 12.154787161211793 ], [ 77.011414270180467, 12.154801732239362 ], [ 77.011423029165201, 12.154884949865593 ], [ 77.011431682338554, 12.154967165926648 ], [ 77.011431707817877, 12.154967378138352 ], [ 77.011566107505402, 12.15496724170877 ], [ 77.011689685813522, 12.154967113459341 ], [ 77.011893605603944, 12.155015398228743 ], [ 77.011981607379127, 12.155021755143522 ], [ 77.012028182277533, 12.155025119119468 ], [ 77.012055017081579, 12.155099998480321 ], [ 77.012072378848131, 12.155148464941778 ], [ 77.012129961655091, 12.155432340587296 ], [ 77.01219509599872, 12.155754118832423 ], [ 77.012295609760983, 12.1562483787863 ], [ 77.012303399344859, 12.156286680974437 ], [ 77.012308584775198, 12.156312178765189 ], [ 77.012344148365074, 12.156322763868175 ], [ 77.012442776573721, 12.156352110423766 ], [ 77.012521517909747, 12.156375547961794 ], [ 77.012637887973284, 12.156410184557544 ], [ 77.012650091824824, 12.156400879483604 ], [ 77.012712331841428, 12.156376814101886 ], [ 77.013153479006306, 12.156206243817342 ], [ 77.013184711633372, 12.156217978370846 ], [ 77.013865643952556, 12.156473820938794 ], [ 77.013949453294657, 12.156504801427767 ], [ 77.014153659111642, 12.156579065100823 ], [ 77.014144799886125, 12.15679581500415 ], [ 77.014124813649062, 12.15728670827775 ], [ 77.014123249603841, 12.157317634697742 ], [ 77.014117881886406, 12.157423786317734 ], [ 77.014102507039226, 12.15772781639072 ], [ 77.014042385460414, 12.158919727861875 ], [ 77.014040906046745, 12.158949081928569 ], [ 77.014032314611271, 12.159391490994327 ], [ 77.014032282521384, 12.159393085559325 ], [ 77.014028331914815, 12.15959655335174 ], [ 77.01402562843343, 12.159735785997688 ], [ 77.014025530477042, 12.159740833619111 ], [ 77.014011209245695, 12.160095465165844 ], [ 77.014011061583787, 12.16009915742576 ], [ 77.014004390911296, 12.16026431059332 ], [ 77.014001707355234, 12.160330781400129 ], [ 77.014021263368718, 12.160466322411999 ], [ 77.014069494662635, 12.16080069453313 ], [ 77.014078878836386, 12.16086574877103 ], [ 77.014116018336836, 12.161123227332009 ], [ 77.014121048701128, 12.16115809873974 ], [ 77.014121190104916, 12.161159065695651 ], [ 77.014128224621572, 12.161219023264001 ], [ 77.014135018835731, 12.161276835117 ], [ 77.014140488034471, 12.161323379719201 ], [ 77.014141025889558, 12.161327952721281 ], [ 77.014144767842865, 12.16135983285039 ], [ 77.014122829037134, 12.16170414317504 ], [ 77.014100146240239, 12.16206005578076 ], [ 77.014098642829168, 12.162083655424276 ], [ 77.014096219167442, 12.162121681250682 ], [ 77.014096213057115, 12.162121723774554 ], [ 77.014054405052065, 12.16226601087973 ], [ 77.014004278943304, 12.162439008669605 ], [ 77.013988208634245, 12.162494470962351 ], [ 77.013980455558666, 12.162521233421689 ], [ 77.013711621268925, 12.162504532688187 ], [ 77.013687679979114, 12.162503029693543 ], [ 77.013368127326714, 12.162482970917827 ], [ 77.013198075007736, 12.162436642184243 ], [ 77.012776720140678, 12.162321135795827 ], [ 77.012533500401005, 12.162317942807176 ], [ 77.012246342261591, 12.162312898632551 ], [ 77.012081455456169, 12.162310005126713 ], [ 77.012003397348053, 12.162334033918363 ], [ 77.011911837007261, 12.162362233606226 ], [ 77.011827908598491, 12.162388084713092 ], [ 77.011811309348829, 12.162393199164461 ], [ 77.011747139030206, 12.162412418788032 ], [ 77.011767223100449, 12.162376821243987 ], [ 77.011790507904678, 12.162349914995898 ], [ 77.011706062597611, 12.162375319729714 ], [ 77.011534005435394, 12.162365439181318 ], [ 77.011474627342636, 12.162362380015587 ], [ 77.011416032763861, 12.162359185887219 ], [ 77.011233328114443, 12.162362582004038 ], [ 77.010796326230633, 12.16194940745191 ], [ 77.010762660894159, 12.161917581388101 ], [ 77.01076254618448, 12.161917597587765 ], [ 77.010762303764679, 12.161917367070846 ], [ 77.010695498990103, 12.161926476534388 ], [ 77.010650400790595, 12.161932620772474 ], [ 77.010557482438301, 12.161945278810967 ], [ 77.010248931022645, 12.1619869474172 ], [ 77.010184864933052, 12.161995599389574 ], [ 77.009901625295925, 12.161988412888572 ], [ 77.00958701239, 12.161980448323044 ], [ 77.008839155591161, 12.161961621626844 ], [ 77.008745360845452, 12.161959260364007 ], [ 77.008743063775057, 12.161959202046534 ], [ 77.00871906124523, 12.161579038008325 ], [ 77.008716419864413, 12.161537169745628 ], [ 77.008713125868212, 12.161484976486156 ], [ 77.008659803225058, 12.161483571838417 ], [ 77.008544817769177, 12.161480553797801 ], [ 77.008441700901443, 12.161477851641292 ], [ 77.008175892836434, 12.161470888161416 ], [ 77.007921813703803, 12.161463995554373 ], [ 77.007659687628561, 12.161443213443713 ], [ 77.007389848973872, 12.161421630286815 ], [ 77.007359289236064, 12.161419077567162 ], [ 77.007335870985202, 12.161417121907053 ], [ 77.007338622044927, 12.161038470395855 ], [ 77.007338480930727, 12.161010363549394 ], [ 77.006518147147091, 12.160714262241115 ], [ 77.006351181394564, 12.160657282120992 ], [ 77.006250480665472, 12.160622963110567 ], [ 77.006154293126201, 12.160590215574981 ], [ 77.006106195235816, 12.160580395872415 ], [ 77.005833433859564, 12.160524708538077 ], [ 77.005833161527164, 12.16052465357417 ], [ 77.005564900417042, 12.160470155256489 ], [ 77.005427101106335, 12.16043044815016 ], [ 77.005303467484879, 12.160394673732403 ], [ 77.005212311119692, 12.160368365201379 ], [ 77.005125722992517, 12.160343375606137 ], [ 77.004983535817843, 12.160321251383898 ], [ 77.004750076662404, 12.160284472185603 ], [ 77.004396598459721, 12.160229139315742 ], [ 77.004349705382211, 12.160221822266241 ], [ 77.004348853709587, 12.160221688351216 ], [ 77.004280899372944, 12.160210284222838 ], [ 77.004180051936288, 12.160193369427644 ], [ 77.004153542037642, 12.160193924118019 ], [ 77.003824943088802, 12.160200802616727 ], [ 77.003795573491601, 12.160504886516025 ], [ 77.003491508569198, 12.160516681614553 ], [ 77.002913611123091, 12.16053975795403 ], [ 77.002912836013138, 12.160539788879014 ], [ 77.002907777360164, 12.160571490023402 ], [ 77.002848755364582, 12.160940962559307 ], [ 77.002761904006448, 12.161477100828343 ], [ 77.002759325033011, 12.161500124487649 ], [ 77.002754847097592, 12.161528164562188 ], [ 77.002742005129079, 12.161608634480622 ], [ 77.002740799458991, 12.161616188320645 ], [ 77.002741226854468, 12.161699399158735 ], [ 77.002742793945359, 12.161940701794579 ], [ 77.002744415463241, 12.162170988256506 ], [ 77.002745482756481, 12.162517286918579 ], [ 77.00274712538581, 12.162921388912753 ], [ 77.00274715625244, 12.162922198512954 ], [ 77.002753191878114, 12.163073825927617 ], [ 77.002771869485628, 12.163543075681359 ], [ 77.002771875202242, 12.163543225674252 ], [ 77.002776950404225, 12.163683254975039 ], [ 77.002777212980519, 12.163773391169796 ], [ 77.002777813135395, 12.163831446491455 ], [ 77.002779235190175, 12.163969068280752 ], [ 77.002785781142549, 12.164602535360824 ], [ 77.002791941959913, 12.165198774999793 ], [ 77.002792759212426, 12.165277834449824 ], [ 77.002784311118219, 12.165775034412858 ], [ 77.002782043829356, 12.165894854156289 ], [ 77.00269217384546, 12.165892740954218 ], [ 77.00233048544176, 12.165886624873057 ], [ 77.002053532960986, 12.165881941330897 ], [ 77.002001682232006, 12.165879722260392 ], [ 77.00192708437244, 12.165876529222956 ], [ 77.001571930488396, 12.165862454534192 ], [ 77.00152580718688, 12.165860662955032 ], [ 77.001458846984463, 12.165858062487539 ], [ 77.001450105024716, 12.165960550535708 ], [ 77.001450059728768, 12.165961126598422 ], [ 77.001446410622734, 12.166003937253356 ], [ 77.001442817173029, 12.166046083195974 ], [ 77.001381025300972, 12.166055624267834 ], [ 77.001347812398109, 12.166060752778908 ], [ 77.001175020174884, 12.16608746624059 ], [ 77.001153448935682, 12.166090790414646 ], [ 77.001088159565697, 12.166084731487187 ], [ 77.001071790547769, 12.166083240364395 ], [ 77.001035646503809, 12.166079946568059 ], [ 77.000708616991332, 12.16605305783529 ], [ 77.000703996400063, 12.166053101244554 ], [ 77.000641722055136, 12.166053664367796 ], [ 77.000491982274781, 12.166054764231438 ], [ 77.000399021871687, 12.166055248562616 ], [ 77.000222768478281, 12.166055636466846 ], [ 76.999926224802394, 12.166053892715945 ], [ 76.999925346464707, 12.166053880998859 ], [ 76.999875905579628, 12.166052922992106 ], [ 76.999743674501644, 12.166050312028236 ], [ 76.999569422262425, 12.166045587466378 ], [ 76.999569806206196, 12.166179471571429 ], [ 76.99953617378371, 12.16644396208884 ], [ 76.99953413075869, 12.166455891070298 ], [ 76.999528535064002, 12.166509808453872 ], [ 76.999499057487611, 12.166513234028107 ], [ 76.999456063267786, 12.166518229771128 ], [ 76.99939338606319, 12.166525751365842 ], [ 76.999266085445413, 12.166539507095953 ], [ 76.999181200866445, 12.166548591212043 ], [ 76.999127590265658, 12.166544595688773 ], [ 76.999032785304507, 12.166537636395255 ], [ 76.998900052765791, 12.166527956274859 ], [ 76.998884985666351, 12.166526859611714 ], [ 76.998821889510452, 12.166523813899417 ], [ 76.998599715138809, 12.166520312261023 ], [ 76.998593657879496, 12.166520375973509 ], [ 76.998555165559864, 12.166520883155695 ], [ 76.998554947042152, 12.166520900101789 ], [ 76.99855312828106, 12.166520928626461 ], [ 76.998496024779442, 12.16652515412078 ], [ 76.998429517412177, 12.166530074894771 ], [ 76.998193627626478, 12.166552198846691 ], [ 76.997875941502045, 12.166581541994017 ], [ 76.997830057587379, 12.166584273524899 ], [ 76.997521061733934, 12.166593418031999 ], [ 76.997334189952596, 12.166597903853246 ], [ 76.997220083436034, 12.166600642345859 ], [ 76.997219612478773, 12.166600562599431 ], [ 76.997220634874452, 12.166657734724559 ], [ 76.99722245251256, 12.166819760040342 ], [ 76.997223780364465, 12.166937986877064 ], [ 76.997242071244671, 12.167446102812701 ], [ 76.997242499055019, 12.167457991329909 ], [ 76.997248354810054, 12.167620688800614 ], [ 76.997250919035992, 12.168063749115253 ], [ 76.99725331116251, 12.168187308034378 ], [ 76.997257329450022, 12.168478960096092 ], [ 76.997257334386504, 12.168479497835559 ], [ 76.997260864822479, 12.16849854840914 ], [ 76.997276929537449, 12.168586424899779 ], [ 76.997286326199927, 12.168646354573603 ], [ 76.997353422585846, 12.169074268215018 ], [ 76.997413486018957, 12.169457333417244 ], [ 76.997457710919321, 12.169739386118872 ], [ 76.997459062989137, 12.169749803752238 ], [ 76.997459497717898, 12.169753148370461 ], [ 76.997480271612986, 12.169913155651221 ], [ 76.99748917438059, 12.169981719483628 ], [ 76.997520042346721, 12.170219467524092 ], [ 76.997520106779618, 12.170219975910666 ], [ 76.997542910908678, 12.170403682103377 ], [ 76.997543331942254, 12.170405562625914 ], [ 76.99754368115326, 12.170408404432457 ], [ 76.997580360304966, 12.170564580100534 ], [ 76.997595851278689, 12.170629485483541 ], [ 76.997616842585572, 12.170718007748929 ], [ 76.997629815754891, 12.170772751577763 ], [ 76.997665840721723, 12.17092521181125 ], [ 76.997708438355232, 12.171105980132019 ], [ 76.997740864875652, 12.171243931086044 ], [ 76.997741462704838, 12.171246480061775 ], [ 76.997748616175585, 12.171276908845433 ], [ 76.997717125081365, 12.171374093443523 ], [ 76.997704251973389, 12.171413858104259 ], [ 76.9976969354272, 12.171436459627467 ], [ 76.997671273625869, 12.171515730747963 ], [ 76.997654229928173, 12.171568437604439 ], [ 76.997649898289694, 12.171581832877557 ], [ 76.99763753370722, 12.171620067300607 ], [ 76.997802274701854, 12.171647136091465 ], [ 76.99783185304635, 12.171651947328872 ], [ 76.997941604451427, 12.171716320637893 ], [ 76.997955641898344, 12.171765204473699 ], [ 76.99797265592305, 12.171824779785418 ], [ 76.998005689709089, 12.171940454261902 ], [ 76.998007851999617, 12.171948030729556 ], [ 76.998044015265165, 12.172075427731748 ], [ 76.998064196927103, 12.172146789461067 ], [ 76.998064377226456, 12.172147435293667 ], [ 76.998137446964037, 12.172286465820308 ], [ 76.998138001518114, 12.172287526510539 ], [ 76.998181758454777, 12.172371133420739 ], [ 76.998189834606308, 12.172386601747393 ], [ 76.998151767021298, 12.172423015722469 ], [ 76.998111171809725, 12.172461848541065 ], [ 76.99798989672054, 12.172577831712328 ], [ 76.998029142118057, 12.172633568465137 ], [ 76.99803460786103, 12.172641243040209 ], [ 76.998063867875445, 12.172682836719193 ], [ 76.998071965972457, 12.172694358797839 ], [ 76.998083629449013, 12.1727116449637 ], [ 76.998085920340515, 12.172715040316291 ], [ 76.99811812707658, 12.17276013395551 ], [ 76.998124068102825, 12.172769693174683 ], [ 76.998134777147811, 12.172759839013491 ], [ 76.998138006494685, 12.1727641567036 ], [ 76.998169852129749, 12.1727422841746 ], [ 76.998181105315524, 12.172734555480993 ], [ 76.998191531323087, 12.172727394047998 ], [ 76.998225266302001, 12.1730531398861 ], [ 76.998227648098606, 12.173083924032888 ], [ 76.998231605901111, 12.17313479147038 ], [ 76.998251687575106, 12.17339041990361 ], [ 76.998251824542535, 12.173392150637142 ], [ 76.998290387694041, 12.173854141719733 ], [ 76.998291811176728, 12.173870780738843 ], [ 76.99829542330086, 12.173912887203981 ], [ 76.998295436007112, 12.173912989243995 ], [ 76.998343447373387, 12.174248218506165 ], [ 76.998374759223637, 12.174464121201799 ], [ 76.9983752124201, 12.174467228879426 ], [ 76.998376415080998, 12.174476328900255 ], [ 76.998390306025428, 12.174581123312967 ], [ 76.998407586447044, 12.174710654316009 ], [ 76.998431891009346, 12.174888906550683 ], [ 76.998439387252219, 12.174943879726284 ], [ 76.998444025803863, 12.174977903092669 ], [ 76.998476532124485, 12.175203248369099 ], [ 76.998476571783698, 12.175203514709695 ], [ 76.998544033443267, 12.175628839775289 ], [ 76.998545142642442, 12.175700846533495 ], [ 76.998546495981117, 12.175776136919222 ], [ 76.998554838353016, 12.176095736924083 ], [ 76.99855528811436, 12.176112997585276 ], [ 76.998557176690923, 12.176171043674255 ], [ 76.998563971518266, 12.176379809153172 ], [ 76.998568427818569, 12.176504768333359 ], [ 76.998573892044448, 12.176657981844739 ], [ 76.998579609686715, 12.17674376021268 ], [ 76.998592200860472, 12.176934243659524 ], [ 76.998600093402302, 12.177058615770044 ], [ 76.998604388459867, 12.177126651550262 ], [ 76.998608364144175, 12.177149669333275 ], [ 76.998553160928779, 12.177157685603833 ], [ 76.998419813827454, 12.177176973493276 ], [ 76.998418075006114, 12.177177136118617 ], [ 76.998286215834966, 12.177189499831607 ], [ 76.998275647051358, 12.177190491023421 ], [ 76.99816990960646, 12.177200404182933 ], [ 76.997981665445351, 12.177182064587006 ], [ 76.99795384124161, 12.177179345764069 ], [ 76.997701431693713, 12.17715463666987 ], [ 76.99714609223625, 12.177100239949166 ], [ 76.997144711325703, 12.177100105330128 ], [ 76.997138565263313, 12.177099506282682 ], [ 76.99713313971526, 12.177098939981807 ], [ 76.997121208928505, 12.177097779943553 ], [ 76.997106715852695, 12.177096373625675 ], [ 76.997092652163403, 12.177095013910225 ], [ 76.997080554072255, 12.177093840619589 ], [ 76.997032612912463, 12.177089163167048 ], [ 76.997020515625209, 12.177087974502909 ], [ 76.99700919607956, 12.177086854324124 ], [ 76.997007519386869, 12.177086602539926 ], [ 76.996988480819013, 12.177083760392815 ], [ 76.996964453580674, 12.177080171629534 ], [ 76.996948416118826, 12.177077777752762 ], [ 76.996926941159529, 12.177074570912607 ], [ 76.996902544241749, 12.177070934204382 ], [ 76.996877160398, 12.177067143754051 ], [ 76.996867847175281, 12.177065758693727 ], [ 76.996843365653618, 12.177062110842449 ], [ 76.996812951834471, 12.177057578586698 ], [ 76.996783687714029, 12.177053221485581 ], [ 76.996658817286615, 12.177046444199403 ], [ 76.996437584389881, 12.177025070330041 ], [ 76.996359291746103, 12.177021741184793 ], [ 76.996069613635214, 12.177009423117546 ], [ 76.996007042512886, 12.176998789343159 ], [ 76.995931796372957, 12.176986001215345 ], [ 76.995858141580996, 12.176973600144354 ], [ 76.99561466278729, 12.176933009381143 ], [ 76.995480024454196, 12.176908130789963 ], [ 76.995430260832876, 12.176898935355066 ], [ 76.995429398635906, 12.176898752689468 ], [ 76.995060916205659, 12.176830952604563 ], [ 76.995015658058776, 12.176822385217765 ], [ 76.994830505614829, 12.176803443503776 ], [ 76.994826395964381, 12.17680304027534 ], [ 76.994670301583369, 12.176801095437719 ], [ 76.994530824373356, 12.176791336165206 ], [ 76.994528833404743, 12.176791196903054 ], [ 76.994269906959119, 12.176773041003784 ], [ 76.99422733117575, 12.176770218695232 ], [ 76.994212193718766, 12.176769131407189 ], [ 76.994162028843107, 12.176765498962794 ], [ 76.994136335124011, 12.176763637443356 ], [ 76.994091988205497, 12.176755049757464 ], [ 76.994075654710414, 12.176751886882824 ], [ 76.993963178741438, 12.176730107488298 ], [ 76.99390361175918, 12.176710349088131 ], [ 76.993887748602276, 12.176705087737254 ], [ 76.993826913420563, 12.176684908259897 ], [ 76.993702202162083, 12.176642458987482 ], [ 76.993702157039735, 12.176642444852233 ], [ 76.993697973557502, 12.176641011779001 ], [ 76.993625051255179, 12.176620385403666 ], [ 76.993609970099754, 12.176616131574578 ], [ 76.993565882316048, 12.176603608478636 ], [ 76.993501120817825, 12.176585304700895 ], [ 76.993490274614061, 12.176582240440439 ], [ 76.993489931204621, 12.176582142596191 ], [ 76.993387984984764, 12.176553387996204 ], [ 76.993237077854531, 12.176518469461856 ], [ 76.993129357628817, 12.176493908631127 ], [ 76.993077563512259, 12.176470766922344 ], [ 76.99303694419504, 12.176453850499215 ], [ 76.992933263392686, 12.176410670532476 ], [ 76.99286461451122, 12.17638369443587 ], [ 76.992863396454041, 12.17638322239551 ], [ 76.992824745145924, 12.176378019768178 ], [ 76.992783175500932, 12.176372871647423 ], [ 76.992746344350039, 12.176368310236684 ], [ 76.992656753278737, 12.176358426593044 ], [ 76.992579550119245, 12.176328714837007 ], [ 76.992490167525574, 12.176294678502829 ], [ 76.9924672320018, 12.17628594500454 ], [ 76.992443588397535, 12.176276997889772 ], [ 76.992407973556112, 12.176263557504095 ], [ 76.992369514964707, 12.176249085587685 ], [ 76.992302378944544, 12.176223912393951 ], [ 76.992259125103104, 12.176207647537794 ], [ 76.992223366725909, 12.176194422368221 ], [ 76.992131338842242, 12.176108343718299 ], [ 76.992128670674731, 12.176105848532195 ], [ 76.991728373402452, 12.175731429757404 ], [ 76.991716474554323, 12.175712735917585 ], [ 76.991667733324462, 12.175637067703684 ], [ 76.991658960997015, 12.175623569088978 ], [ 76.991625171022918, 12.175571829335425 ], [ 76.991615343020328, 12.1755568406957 ], [ 76.991585469921887, 12.175511440128862 ], [ 76.991547591265032, 12.175454092697413 ], [ 76.99152737092956, 12.175423587127071 ], [ 76.991514467708342, 12.175404119614651 ], [ 76.991475379895775, 12.175345270598513 ], [ 76.991448955864797, 12.175305564538153 ], [ 76.991401006720054, 12.175233593514863 ], [ 76.991380284939723, 12.175202489597593 ], [ 76.991342064991699, 12.175152587596413 ], [ 76.990880249747931, 12.174648429202428 ], [ 76.990487538464592, 12.174173126885286 ], [ 76.990435973373778, 12.174121078538978 ], [ 76.990547405060525, 12.17398989983765 ], [ 76.990407478825134, 12.173770215912318 ], [ 76.990364203630151, 12.173702426368809 ], [ 76.990360690850096, 12.17369692208184 ], [ 76.990353787142126, 12.17368611508641 ], [ 76.990289010598346, 12.173572682725734 ], [ 76.990282193258096, 12.173560766109089 ], [ 76.990281089026453, 12.173514644545538 ], [ 76.990276486869618, 12.173322308982979 ], [ 76.990270826764259, 12.1730967202078 ], [ 76.99026727944613, 12.172955340227256 ], [ 76.990258092476694, 12.172603931598914 ], [ 76.99025796915528, 12.172599215414255 ], [ 76.990220086255917, 12.172345188605531 ], [ 76.990212898621166, 12.172296992317346 ], [ 76.990208927430729, 12.172263609165498 ], [ 76.990182646456191, 12.172044062860262 ], [ 76.990179267312968, 12.17201653043116 ], [ 76.990129157247765, 12.171608232482999 ], [ 76.990128950238727, 12.171606588105703 ], [ 76.990117905428932, 12.171520937893598 ], [ 76.990095314680005, 12.171345749195233 ], [ 76.990077206905767, 12.171038016252652 ], [ 76.990071099154903, 12.170934220459362 ], [ 76.990077203844777, 12.170934093309212 ], [ 76.990494339080044, 12.170925427730229 ], [ 76.990915986027787, 12.170917396921226 ], [ 76.990923329937161, 12.170917257202012 ], [ 76.990929692640847, 12.170917111903865 ], [ 76.990928685803709, 12.170874942082801 ], [ 76.990928270279937, 12.170857516585357 ], [ 76.990913689175173, 12.17024660310542 ], [ 76.990913528632618, 12.170245647110216 ], [ 76.990908915718848, 12.170217875037697 ], [ 76.990907785401703, 12.170145928622413 ], [ 76.991668654577069, 12.170155533929861 ], [ 76.99168067077423, 12.170155744620548 ], [ 76.991688444826622, 12.170155881064037 ], [ 76.991686751960032, 12.170136932801226 ], [ 76.991677562054079, 12.170034079453213 ], [ 76.991667295368515, 12.169919625121208 ], [ 76.991648755310564, 12.169714225967519 ], [ 76.99163022610648, 12.169510646130304 ], [ 76.991626567162683, 12.169470724287248 ], [ 76.991626549206273, 12.169470533709344 ], [ 76.991619440317137, 12.169392969773339 ], [ 76.991604160927508, 12.169227534180761 ], [ 76.991598687755669, 12.169169139453347 ], [ 76.991582063562916, 12.16899175773281 ], [ 76.99157247988019, 12.168891272516083 ], [ 76.991556326607835, 12.168724807423581 ], [ 76.991546598164248, 12.168626466218376 ], [ 76.991535101950404, 12.168512309945772 ], [ 76.991531544149638, 12.168516414571659 ], [ 76.991531522491996, 12.168516220405088 ], [ 76.991520629172499, 12.168517019308535 ], [ 76.991472274923723, 12.168520566636783 ], [ 76.991322431171056, 12.168531557576676 ], [ 76.99132220805717, 12.168531574550473 ], [ 76.990913275251046, 12.168564804652458 ], [ 76.990794925639506, 12.168574422217478 ], [ 76.990710932826204, 12.16857969955351 ], [ 76.990709546150697, 12.168579771913073 ], [ 76.990700865562999, 12.168533767320527 ], [ 76.990691930452712, 12.168486398878978 ], [ 76.990688912251017, 12.168486602303789 ], [ 76.99068750639232, 12.168486689262695 ], [ 76.990681463087583, 12.168458289383688 ], [ 76.990677706498872, 12.168440636698895 ], [ 76.990657004334963, 12.168343601002647 ], [ 76.990650778826051, 12.168314418816918 ], [ 76.990637005701643, 12.168249869142372 ], [ 76.990625875007808, 12.168176228706637 ], [ 76.990622116984881, 12.168151349931691 ], [ 76.990593520990714, 12.167962202435731 ], [ 76.990576946551926, 12.167852581002473 ], [ 76.990574769565583, 12.167838185167783 ], [ 76.990565123425284, 12.167774402912444 ], [ 76.990553499359237, 12.167697541165943 ], [ 76.990484754402274, 12.167243116842796 ], [ 76.990442300467038, 12.166962542180606 ], [ 76.990440475331866, 12.166950487430615 ], [ 76.990437960186938, 12.166933856152225 ], [ 76.990428516037511, 12.166871401953157 ], [ 76.990424387277045, 12.166844102678485 ], [ 76.990424251893117, 12.166843193499949 ], [ 76.990432098734587, 12.166841273261584 ], [ 76.990817149366208, 12.166747028193676 ], [ 76.990818286467814, 12.16674675156122 ], [ 76.990922486233842, 12.166721649599387 ], [ 76.990922473359461, 12.166721401139712 ], [ 76.990923286763476, 12.166721204569194 ], [ 76.990921815745097, 12.166696009241841 ], [ 76.990920624820234, 12.16667561121746 ], [ 76.990912409600909, 12.166534425752825 ], [ 76.990904480619506, 12.166386893355751 ], [ 76.99090186351259, 12.166338189609535 ], [ 76.990898540066567, 12.166276301404507 ], [ 76.990895542044058, 12.166220486379537 ], [ 76.990893768349267, 12.166187458858243 ], [ 76.990886574082296, 12.166098985360239 ], [ 76.990883765742126, 12.166064447769706 ], [ 76.990883063183929, 12.16594023986544 ], [ 76.99088265926639, 12.165868968773227 ], [ 76.990880482636584, 12.165483495837776 ], [ 76.990880353787901, 12.165460638976489 ], [ 76.990873317634097, 12.165337870415058 ], [ 76.99085279247079, 12.164976700749719 ], [ 76.990844009227672, 12.164821009305509 ], [ 76.990843873785437, 12.164818611524055 ], [ 76.990841972288422, 12.164784700071277 ], [ 76.990830094329226, 12.164572899635779 ], [ 76.990828492204059, 12.164544154108855 ], [ 76.990827539745936, 12.164527029830372 ], [ 76.990825370697536, 12.164488151965736 ], [ 76.990824738720747, 12.164476808968409 ], [ 76.990822654071167, 12.164439395599342 ], [ 76.99082259260237, 12.164438296084494 ], [ 76.990822147300349, 12.164430309460251 ], [ 76.990821837715558, 12.164424757672517 ], [ 76.990821668020345, 12.164421707574459 ], [ 76.990818675784098, 12.164368013777585 ], [ 76.990817179690623, 12.164341170042212 ], [ 76.990815557926354, 12.164315832084828 ], [ 76.990810167713775, 12.164231625184884 ], [ 76.990797531384629, 12.164033566565726 ], [ 76.99079697606139, 12.164024868517908 ], [ 76.990795759014347, 12.164002928745147 ], [ 76.990794426188259, 12.16397888750426 ], [ 76.990788381749226, 12.163887871360112 ], [ 76.990788255413861, 12.163885956156502 ], [ 76.990785771504051, 12.163848588141214 ], [ 76.990779666380334, 12.16374423555613 ], [ 76.990777693826047, 12.163716199488082 ], [ 76.990774585841038, 12.163672003033939 ], [ 76.990767324123851, 12.163557036097165 ], [ 76.990763771231244, 12.16350070806145 ], [ 76.990762724038447, 12.163484059876275 ], [ 76.990757667128932, 12.163403768655943 ], [ 76.990751955531707, 12.163312906467731 ], [ 76.990750317457199, 12.163286854600333 ], [ 76.990750317215003, 12.163286822064295 ], [ 76.990753541737874, 12.163232398363217 ], [ 76.990757704992561, 12.16316549056098 ], [ 76.99075783456621, 12.163163398170759 ], [ 76.990759347055203, 12.163137037088758 ], [ 76.990763339575608, 12.163067432591895 ], [ 76.990766905793635, 12.163009546577374 ], [ 76.990768376195916, 12.162985676746908 ], [ 76.99076703019584, 12.162964058759409 ], [ 76.990766842435264, 12.162961049463204 ], [ 76.990765776632841, 12.16294399830425 ], [ 76.990763999946225, 12.162906482384267 ], [ 76.990760747200838, 12.162837774265743 ], [ 76.990757219889872, 12.162763157093636 ], [ 76.990749431676676, 12.162597932998832 ], [ 76.990745332945096, 12.162510723298562 ], [ 76.990740845782085, 12.162415018610325 ], [ 76.990739429408933, 12.162384808440622 ], [ 76.990739393484191, 12.162384054907367 ], [ 76.990684208817697, 12.16238509331596 ], [ 76.990699362835656, 12.162415420525287 ], [ 76.990652684298297, 12.162415872519858 ], [ 76.990558256141554, 12.162416787817065 ], [ 76.990183132072431, 12.162420424615378 ], [ 76.990161724150141, 12.162420632139799 ], [ 76.990002931648988, 12.162422171727062 ], [ 76.989660665436091, 12.162425577490774 ], [ 76.989426592108927, 12.162312891646268 ], [ 76.98934002070429, 12.162271122704484 ], [ 76.989338919858241, 12.162270590141096 ], [ 76.989192819567094, 12.1622393888807 ], [ 76.989191565445864, 12.162227882233839 ], [ 76.989163023517563, 12.162221958852466 ], [ 76.989160351861671, 12.162201677199599 ], [ 76.989156497235555, 12.162172414587038 ], [ 76.98915166222649, 12.162135717813978 ], [ 76.989157398166938, 12.162134456352629 ], [ 76.989156804197549, 12.16213438741854 ], [ 76.989151404247991, 12.162133763786802 ], [ 76.989122900282496, 12.162130472978093 ], [ 76.988984798427069, 12.162114528479592 ], [ 76.988672359271575, 12.162078356519908 ], [ 76.988218534209722, 12.162025636576731 ], [ 76.988156143947947, 12.162018450862064 ], [ 76.988133655203981, 12.162015874978113 ], [ 76.988133175232079, 12.162007042601465 ], [ 76.988120979673354, 12.161782566856965 ], [ 76.988102967817611, 12.161457940816673 ], [ 76.98807708679233, 12.160983261672058 ], [ 76.988075842841525, 12.160832828305731 ], [ 76.988074408255386, 12.160648956448043 ], [ 76.988073422602341, 12.160514360821228 ], [ 76.98807260056445, 12.16040202532195 ], [ 76.988065280454933, 12.159315568947859 ], [ 76.988064932623132, 12.159247377554069 ], [ 76.988064787271639, 12.159218917929064 ], [ 76.988064455814737, 12.159153176697396 ], [ 76.988064127320413, 12.159133943772039 ], [ 76.988077821602971, 12.158995107514965 ], [ 76.988100215566178, 12.158765168696288 ], [ 76.988125670043388, 12.158499322236928 ], [ 76.988140663675907, 12.158340264306608 ], [ 76.988159413309774, 12.158140486266193 ], [ 76.988159435514405, 12.158140260149221 ], [ 76.988194237965558, 12.157832109617438 ], [ 76.988262699772505, 12.157258552526848 ], [ 76.988264063407129, 12.157246115069508 ], [ 76.988268464783104, 12.157205955210603 ], [ 76.988752592770211, 12.157203373531722 ], [ 76.988853091374992, 12.157203067107766 ], [ 76.988853426663155, 12.157203064695302 ], [ 76.988874474843101, 12.157074304753165 ], [ 76.988947173841012, 12.156637559599011 ], [ 76.988993387772837, 12.156369453372401 ], [ 76.989035171749066, 12.1561319691031 ], [ 76.989035184206315, 12.156131914783757 ], [ 76.989083311669873, 12.155921290043707 ], [ 76.989173113171375, 12.15553429781643 ], [ 76.98917412284996, 12.155529984711757 ], [ 76.989177515156385, 12.155515493621619 ], [ 76.989213038263657, 12.155364374557999 ], [ 76.989236403586901, 12.155265467675747 ], [ 76.989250382127452, 12.155206463678454 ], [ 76.989286850048686, 12.155053188511847 ], [ 76.989294801164576, 12.155019860464387 ], [ 76.989298720349879, 12.155003460312331 ], [ 76.989365323443991, 12.15492571907855 ], [ 76.989365858959204, 12.154925094294882 ], [ 76.989374877229906, 12.154914589277425 ], [ 76.989426512934727, 12.154854523451901 ], [ 76.989459000060478, 12.154816762713248 ], [ 76.989440624763702, 12.154683576617437 ], [ 76.98943408298797, 12.154633012004222 ], [ 76.989419260312999, 12.154518144442296 ], [ 76.98940573081596, 12.154413001805359 ], [ 76.98940572394244, 12.154412942202136 ], [ 76.989401143750655, 12.154358830404561 ], [ 76.989395422502739, 12.154291232656142 ], [ 76.989381303280823, 12.154123061249878 ], [ 76.989364077806542, 12.153915536894656 ], [ 76.989363209319436, 12.153904981002265 ], [ 76.989320239014845, 12.153376948999009 ], [ 76.989317942144893, 12.15334872991642 ], [ 76.989312524689183, 12.15328108387466 ], [ 76.98931245078775, 12.15328016340492 ], [ 76.98931244687833, 12.153280131799033 ], [ 76.989306635974984, 12.153251629792614 ], [ 76.989299096614218, 12.15321465417375 ], [ 76.989280559234629, 12.153123643647145 ], [ 76.989251157389219, 12.152932783070565 ], [ 76.989221257367674, 12.152737797376414 ], [ 76.989217385138801, 12.152712430356463 ], [ 76.989210277073411, 12.152665869234395 ], [ 76.989204264902085, 12.152626349188523 ], [ 76.989201587690388, 12.152608752825184 ], [ 76.989199257873167, 12.152596121405649 ], [ 76.989197597055608, 12.152585375983158 ], [ 76.989171241492187, 12.15244370513069 ], [ 76.989128114883357, 12.15220676752844 ], [ 76.989122392443747, 12.15217532742969 ], [ 76.989084761406005, 12.151968583348737 ], [ 76.989078699936044, 12.151935279279135 ], [ 76.98907556974396, 12.15191692514594 ], [ 76.989057656774634, 12.151818801466485 ], [ 76.989037256496758, 12.151714538791492 ], [ 76.988985237117205, 12.151447696826793 ], [ 76.988985229405969, 12.151447648075489 ], [ 76.988983996335534, 12.151441305738219 ], [ 76.988961382207933, 12.151247397327024 ], [ 76.988948316919732, 12.151134802801051 ], [ 76.988940773389132, 12.151069795828509 ], [ 76.988929543455782, 12.150972645381628 ], [ 76.988921806849916, 12.150842080556918 ], [ 76.988922548651914, 12.150729994095638 ], [ 76.988923141988295, 12.150641200375675 ], [ 76.988924927679875, 12.15037978480906 ], [ 76.98892595712563, 12.150232963029421 ], [ 76.988926296756858, 12.150185568310206 ], [ 76.988926459323991, 12.150162440866913 ], [ 76.989135566258511, 12.150065996079272 ], [ 76.989128565418454, 12.149926522352914 ], [ 76.989118211400111, 12.149718887881347 ], [ 76.989113658865008, 12.149626913542836 ], [ 76.98911247308564, 12.149602947102812 ], [ 76.98911062473563, 12.149565593393534 ], [ 76.989110613857889, 12.149565365706859 ], [ 76.989036237736883, 12.149528885186834 ], [ 76.988935265924979, 12.149479321362239 ], [ 76.988912755734333, 12.14946827214041 ], [ 76.988916334989838, 12.149317444322016 ], [ 76.988922808927725, 12.149051991961834 ], [ 76.988926687990315, 12.148898856317004 ], [ 76.988930231691668, 12.148763766223928 ], [ 76.988932838726271, 12.148668911396944 ], [ 76.988935021354351, 12.148589514196022 ], [ 76.988939031811825, 12.148450724987752 ], [ 76.988945149471078, 12.14825527855715 ], [ 76.988945167020063, 12.148254796690011 ], [ 76.988953268389423, 12.148139174839976 ], [ 76.988954537802996, 12.147991739425137 ], [ 76.988955408467305, 12.147890795330099 ], [ 76.988984299204247, 12.147743415281848 ], [ 76.989012000430264, 12.147603842025081 ], [ 76.989022950240098, 12.147548673999689 ], [ 76.989042218252862, 12.147448881058255 ], [ 76.989106873617828, 12.147120117387752 ], [ 76.989100965725143, 12.147033504344778 ], [ 76.989092386164572, 12.146910358755701 ], [ 76.989086479492599, 12.146827617705279 ], [ 76.989081978559767, 12.146764576349089 ], [ 76.989052483281341, 12.14636772902495 ], [ 76.989065786875244, 12.146368015692904 ], [ 76.989149686142426, 12.146369859114476 ], [ 76.98915138401766, 12.14630583139782 ], [ 76.989156547034824, 12.146102805992026 ], [ 76.989157183754372, 12.146078952073383 ], [ 76.989157743716447, 12.146058121111379 ], [ 76.989158354706134, 12.146035379087587 ], [ 76.989159737943922, 12.145973389055747 ], [ 76.989160313610427, 12.145947127774996 ], [ 76.989165812172359, 12.145708016380912 ], [ 76.989166828821354, 12.145663827188594 ], [ 76.989166451944627, 12.145659835877078 ], [ 76.989161335160361, 12.145605642010246 ], [ 76.98914975874132, 12.145483543802074 ], [ 76.989145697887949, 12.145440912259355 ], [ 76.989141708750807, 12.145399031282764 ], [ 76.98913980620452, 12.145379101969526 ], [ 76.989136087136913, 12.145340189033559 ], [ 76.989131064765502, 12.145287696394918 ], [ 76.989120761705991, 12.145180334094515 ], [ 76.989117278423379, 12.145144101123197 ], [ 76.989111976368889, 12.145089075252143 ], [ 76.989103889163005, 12.145005359267211 ], [ 76.989105530938858, 12.144952448144478 ], [ 76.989109148572794, 12.144836072193996 ], [ 76.989112696586375, 12.144721082313881 ], [ 76.989117684378442, 12.14455739822189 ], [ 76.989122808341392, 12.144387433344157 ], [ 76.989124706417172, 12.14432425468466 ], [ 76.989131960892394, 12.144071072482749 ], [ 76.989136897669027, 12.143901007719014 ], [ 76.989137088603655, 12.143890227278 ], [ 76.98913735102775, 12.143875219113351 ], [ 76.989138398998094, 12.143815572402163 ], [ 76.98913897058695, 12.143782819845374 ], [ 76.989139731649558, 12.143739213647798 ], [ 76.989140299879935, 12.143706379770403 ], [ 76.989141003733891, 12.143665831638538 ], [ 76.9891419930333, 12.143608550669915 ], [ 76.989142825664885, 12.143559984645961 ], [ 76.9891440058651, 12.14349117576924 ], [ 76.989144782018613, 12.143445518673843 ], [ 76.989145340223317, 12.143412694810205 ], [ 76.989146512024632, 12.143343496442947 ], [ 76.989146877488878, 12.143284096862816 ], [ 76.989146894879909, 12.143280995699312 ], [ 76.989147238956249, 12.14322428245354 ], [ 76.989147175005044, 12.143223092570006 ], [ 76.989141513663412, 12.143116945067078 ], [ 76.989141277171242, 12.143112559579373 ], [ 76.989135610058199, 12.143006870357876 ], [ 76.989151620142792, 12.143016746201344 ], [ 76.989162487325416, 12.143023449515159 ], [ 76.989162458949792, 12.142997359781019 ], [ 76.989162424115847, 12.142964956845228 ], [ 76.989099043432105, 12.142973837941557 ], [ 76.989030410913088, 12.142983433742105 ], [ 76.98902496799866, 12.142906943820224 ], [ 76.988985527811707, 12.14236103231771 ], [ 76.988983174116257, 12.142328457143616 ], [ 76.988955466073449, 12.141944945415899 ], [ 76.988950679154357, 12.141866603338972 ], [ 76.988949669157606, 12.141865427485005 ], [ 76.988950581887494, 12.141865008778923 ], [ 76.98895685195474, 12.14186212840249 ], [ 76.988955476839791, 12.141841838274413 ], [ 76.988954781534602, 12.141831577575848 ], [ 76.988952452367784, 12.141797230716978 ], [ 76.988943549559082, 12.141665970981132 ], [ 76.988942424163852, 12.141649373912896 ], [ 76.988938510692449, 12.141591675349275 ], [ 76.98893748485709, 12.141576486635577 ], [ 76.988914205623374, 12.141200889505651 ], [ 76.988913466924899, 12.141188989571075 ], [ 76.988885256985213, 12.140734085169731 ], [ 76.988884400255202, 12.140720267252235 ], [ 76.988881383638173, 12.140671636685093 ], [ 76.988400744499657, 12.140799292688264 ], [ 76.987979550416767, 12.141070552582539 ], [ 76.987939484574994, 12.141096355498696 ], [ 76.98784587860176, 12.141156704137037 ], [ 76.987297446867643, 12.141129212982912 ], [ 76.986841931386067, 12.141106643887404 ], [ 76.986639134598889, 12.14087496558721 ], [ 76.986624286555568, 12.140858002420256 ], [ 76.98662821530904, 12.140761109773839 ], [ 76.986630572152166, 12.140702968404296 ], [ 76.98664454185581, 12.140361484020735 ], [ 76.986667494640415, 12.139766275950167 ], [ 76.986667597810609, 12.139763589024538 ], [ 76.986671626950027, 12.139700676077556 ], [ 76.986665636635422, 12.13953164577215 ], [ 76.986663991832586, 12.139485234115805 ], [ 76.98664824307464, 12.139040835917715 ], [ 76.986645948972907, 12.138976101940923 ], [ 76.986641279424688, 12.138844333416406 ], [ 76.986640721263811, 12.138828766224288 ], [ 76.986632879648468, 12.138610229199806 ], [ 76.986631078767843, 12.138559610422444 ], [ 76.986630337220774, 12.138538758942982 ], [ 76.986618417321623, 12.138203637109189 ], [ 76.986612594082573, 12.138204210352542 ], [ 76.986556658307137, 12.138209716609394 ], [ 76.98614478976738, 12.138250262349599 ], [ 76.985674849365608, 12.138296920910522 ], [ 76.985656678455499, 12.13829872514926 ], [ 76.98563243596557, 12.138242045336474 ], [ 76.985536963220255, 12.138260919755597 ], [ 76.985501465144111, 12.138267941355952 ], [ 76.985498693249482, 12.138268489978932 ], [ 76.985355561047683, 12.138296836680514 ], [ 76.98535113905146, 12.138297713477728 ], [ 76.985231548906341, 12.138321433576479 ], [ 76.984984089335015, 12.138370610508415 ], [ 76.984537916463466, 12.138367756578452 ], [ 76.984376459398064, 12.13836623327237 ], [ 76.984331540402238, 12.138365831303148 ], [ 76.983828026386192, 12.138363820197609 ], [ 76.983822427448288, 12.138363797958263 ], [ 76.983800501940067, 12.138363699302916 ], [ 76.983089295154102, 12.138360617348143 ], [ 76.982445942089726, 12.138358642895149 ], [ 76.982439100313982, 12.138358622297728 ], [ 76.982333137863506, 12.138358379684467 ], [ 76.982330635609713, 12.138295040714338 ], [ 76.982324802307375, 12.138178140950764 ], [ 76.982324569727098, 12.13817364604679 ], [ 76.982318575901161, 12.138054664095673 ], [ 76.98231719999454, 12.138027360112968 ], [ 76.982304689130416, 12.137780126623481 ], [ 76.98228739611406, 12.137435512235218 ], [ 76.982282175794069, 12.137330809816865 ], [ 76.982281155948854, 12.137275386840935 ], [ 76.982276467745962, 12.137020680461221 ], [ 76.982268257102533, 12.136454993011098 ], [ 76.982247206242022, 12.136455642647544 ], [ 76.98210171909011, 12.136460132390658 ], [ 76.982055731742733, 12.136461551645453 ], [ 76.981508946820057, 12.136478977905847 ], [ 76.980987617262045, 12.136496393588541 ], [ 76.980863039629554, 12.136499396301696 ], [ 76.980849366247412, 12.136499725513284 ], [ 76.980392972780663, 12.136517403966149 ], [ 76.980388802184592, 12.136336846835572 ], [ 76.980379950414402, 12.135944037849598 ], [ 76.980371701148272, 12.135567489940382 ], [ 76.980268153194004, 12.135565064418332 ], [ 76.980216441225934, 12.13556385255491 ], [ 76.979843689592272, 12.135555581810152 ], [ 76.9795720688073, 12.135550068197889 ], [ 76.979571954817715, 12.135540229869513 ], [ 76.979571408372962, 12.135492354946487 ], [ 76.979571108104039, 12.135465750010468 ], [ 76.979571060215179, 12.135461504137909 ], [ 76.979570169512073, 12.135382186366304 ], [ 76.979535500967842, 12.135379748934888 ], [ 76.979535051358454, 12.135369242360374 ], [ 76.979532828300719, 12.135318103021909 ], [ 76.979531562915724, 12.135289672912117 ], [ 76.979531359471451, 12.135285135309113 ], [ 76.979526407409878, 12.135178775819282 ], [ 76.979523749929683, 12.135124534009615 ], [ 76.979524182392879, 12.135120652563398 ], [ 76.979533822525042, 12.135031790929194 ], [ 76.97954060488955, 12.134974515246752 ], [ 76.979541474335207, 12.134958656675177 ], [ 76.979560619629638, 12.13447380322382 ], [ 76.979562391043018, 12.134428949514948 ], [ 76.979566012870862, 12.134288486696651 ], [ 76.979567090952244, 12.134223256472289 ], [ 76.979565125217277, 12.13422325787138 ], [ 76.979558393878989, 12.134223252666429 ], [ 76.979463860267515, 12.134223178272686 ], [ 76.979340853029527, 12.134222770501061 ], [ 76.979144656052171, 12.13422153365924 ], [ 76.97837100509868, 12.134211283871931 ], [ 76.978279168876838, 12.134209536685887 ], [ 76.977962673522441, 12.134202437492299 ], [ 76.977731588961632, 12.134221367574668 ], [ 76.977404076283534, 12.134247415067948 ], [ 76.976845459937266, 12.134289850091793 ], [ 76.976373921432668, 12.134314601704981 ], [ 76.976369590069623, 12.134314687753518 ], [ 76.976366881589101, 12.134314741430691 ], [ 76.976366874603613, 12.134314292273917 ], [ 76.976366411798509, 12.134281169074175 ], [ 76.976365789355015, 12.134235237846122 ], [ 76.976365172069634, 12.134187264814949 ], [ 76.976365051813531, 12.134177929948391 ], [ 76.976364300981643, 12.134121435597912 ], [ 76.976363813933958, 12.134084774051638 ], [ 76.976362393277455, 12.134038721078952 ], [ 76.97633025370169, 12.134058711939899 ], [ 76.976330201183146, 12.134058316434427 ], [ 76.976193509195127, 12.133059855004939 ], [ 76.976156657159024, 12.132790665353845 ], [ 76.976146211959446, 12.132714370225964 ], [ 76.976135935157885, 12.132636868176972 ], [ 76.976050949625545, 12.132148706904385 ], [ 76.976041943024498, 12.132096972293668 ], [ 76.975977710455695, 12.131728012681245 ], [ 76.975967270275746, 12.131667089041292 ], [ 76.975948048146179, 12.130858636741474 ], [ 76.975946995072576, 12.13081432643042 ], [ 76.97594772219243, 12.130729003580136 ], [ 76.975932052970947, 12.13041354077931 ], [ 76.975928001637371, 12.130335556822095 ], [ 76.97592881263526, 12.13028854339322 ], [ 76.975929078378641, 12.130273122043182 ], [ 76.975934338835771, 12.129968153507718 ], [ 76.975940654091886, 12.129871053566674 ], [ 76.975942626882912, 12.12984072029089 ], [ 76.97596170479784, 12.129547407584147 ], [ 76.975970901267388, 12.129406005416973 ], [ 76.975972350148126, 12.129383730871311 ], [ 76.975986513701372, 12.129165960644315 ], [ 76.976309217333338, 12.129126925745693 ], [ 76.976348095500342, 12.129122223191487 ], [ 76.976377464032268, 12.128768881100727 ], [ 76.97638646100151, 12.128660639425091 ], [ 76.976386492249148, 12.128660267725316 ], [ 76.976390161431709, 12.128615704097037 ], [ 76.976390210296444, 12.128615105408615 ], [ 76.976399006186085, 12.128437190213068 ], [ 76.976399996599994, 12.128417148705484 ], [ 76.976409511110106, 12.128224689267181 ], [ 76.976405934049893, 12.128177413402046 ], [ 76.976403730867446, 12.128148300273862 ], [ 76.97638316738373, 12.127876552131902 ], [ 76.976369756216812, 12.127699730821607 ], [ 76.976368168057164, 12.127678788506174 ], [ 76.976355595234992, 12.127513017843482 ], [ 76.976342664683045, 12.127080504023027 ], [ 76.976270442513524, 12.126880598821245 ], [ 76.976269668827314, 12.126869714914848 ], [ 76.976268627734115, 12.126854950936991 ], [ 76.976265089238495, 12.126804794256765 ], [ 76.976217569069703, 12.126132585540434 ], [ 76.976214855888742, 12.126094207192425 ], [ 76.976183864544026, 12.12565581790304 ], [ 76.976181984268194, 12.125634990642816 ], [ 76.976170708342053, 12.125510055057825 ], [ 76.976234480694899, 12.125463619348771 ], [ 76.976235226239837, 12.125463078056315 ], [ 76.976231329587151, 12.125336979031088 ], [ 76.976227144740434, 12.125202429377337 ], [ 76.976226470086957, 12.125180920160124 ], [ 76.976225955212939, 12.125164517385439 ], [ 76.976222603092594, 12.125057721332295 ], [ 76.976220921541398, 12.125004138509805 ], [ 76.976220788327339, 12.124999895041904 ], [ 76.976216559862948, 12.124865154985024 ], [ 76.976217644366386, 12.124861249002329 ], [ 76.976217185136491, 12.124843047194904 ], [ 76.976217115181072, 12.12484028376061 ], [ 76.97621656315205, 12.124818087655932 ], [ 76.976195537389401, 12.123933442718487 ], [ 76.97619467766657, 12.123897278198413 ], [ 76.976190279963092, 12.123700504484347 ], [ 76.976188498814693, 12.123616303080166 ], [ 76.976182687260092, 12.12334154011889 ], [ 76.976178764452726, 12.123156107066949 ], [ 76.976178384070479, 12.123137258450992 ], [ 76.976177921896166, 12.123114163288166 ], [ 76.976177454976735, 12.123090797911855 ], [ 76.976177390842153, 12.12308757709409 ], [ 76.976155937501673, 12.123080840116002 ], [ 76.976138063655455, 12.123075220063193 ], [ 76.97606543918431, 12.123081899346403 ], [ 76.97510890315904, 12.123085419750561 ], [ 76.975060295519199, 12.123085598943847 ], [ 76.97300162644278, 12.123093165321642 ], [ 76.972506063223207, 12.123106146043952 ], [ 76.972486173995435, 12.123106753980057 ], [ 76.971508768326132, 12.123136619115986 ], [ 76.971121464812882, 12.123154900136072 ], [ 76.971082947295031, 12.123156717837348 ], [ 76.969707560879456, 12.123222578702974 ], [ 76.969694842156201, 12.123211857360083 ], [ 76.969444836034029, 12.123001000204585 ], [ 76.96913565742193, 12.122807709036483 ], [ 76.969138651409793, 12.12277435051044 ], [ 76.969138730403145, 12.122773474127717 ], [ 76.969145132733047, 12.122702138218139 ], [ 76.96916356046421, 12.122496847241134 ], [ 76.969083645373829, 12.122439697559905 ], [ 76.969059561706644, 12.122422474248953 ], [ 76.969061203384967, 12.122402979398062 ], [ 76.969003358470673, 12.122363290551991 ], [ 76.968923632253478, 12.122308587975711 ], [ 76.968893849405291, 12.122288153114143 ], [ 76.968894727328006, 12.122265464995738 ], [ 76.968903576853009, 12.122035769655582 ], [ 76.968843686831434, 12.121338410149542 ], [ 76.968836451682066, 12.121254161216486 ], [ 76.96876147302666, 12.120379901485766 ], [ 76.968724674855906, 12.119481849822437 ], [ 76.968721760531935, 12.119410736429902 ], [ 76.96871535110877, 12.119257575484346 ], [ 76.968712340637111, 12.119185624008361 ], [ 76.968630982126044, 12.117241251515923 ], [ 76.96862400882155, 12.116985340454281 ], [ 76.968621739072901, 12.116902023321488 ], [ 76.969728652782365, 12.116985129305371 ], [ 76.970463107343932, 12.11698275438194 ], [ 76.970547114198979, 12.11695523740176 ], [ 76.970732906182391, 12.116894380111736 ], [ 76.970719718336056, 12.116648888740992 ], [ 76.970714840322543, 12.116558067595564 ], [ 76.970691975872697, 12.116136979135963 ], [ 76.970690108821643, 12.116102603095145 ], [ 76.970688626688172, 12.116057722600031 ], [ 76.970687885424837, 12.116035318055474 ], [ 76.970686183474356, 12.115984765717585 ], [ 76.970684549443263, 12.11593620857583 ], [ 76.970671463112893, 12.115563094219954 ], [ 76.970669506264542, 12.115508720446986 ], [ 76.970680920735632, 12.115494468020762 ], [ 76.970662991090194, 12.115328222860111 ], [ 76.970646557648863, 12.115175858181306 ], [ 76.970639271284853, 12.11510829728755 ], [ 76.97063055393275, 12.115027475475248 ], [ 76.970637126016484, 12.114886560754544 ], [ 76.970648517991037, 12.114887268856123 ], [ 76.970797031561958, 12.114870189299214 ], [ 76.970960864876574, 12.114871121876696 ], [ 76.970807112211034, 12.112995382246828 ], [ 76.970793418542726, 12.112828317904137 ], [ 76.970668499352527, 12.112838341491516 ], [ 76.970664824394916, 12.112780253379347 ], [ 76.970552291642917, 12.11272498314915 ], [ 76.970374619602168, 12.112522975241191 ], [ 76.969615471460912, 12.112148729379875 ], [ 76.968996642205937, 12.111766764160341 ], [ 76.968955608410894, 12.111755894795905 ], [ 76.968933003363816, 12.111749904609205 ], [ 76.968835596136586, 12.111541484171211 ], [ 76.968458984597561, 12.111368174490918 ], [ 76.96831024087156, 12.111317155124517 ], [ 76.968247101572203, 12.111295497872568 ], [ 76.968240589422436, 12.11126641778168 ], [ 76.968218214116092, 12.111166545673251 ], [ 76.967895825740285, 12.111022904911906 ], [ 76.967837365309336, 12.110996851514786 ], [ 76.967814529706558, 12.110713247827514 ], [ 76.967627725743739, 12.11061131975139 ], [ 76.967334776459253, 12.110451418955085 ], [ 76.967069135507373, 12.110306345120982 ], [ 76.966182849502232, 12.109821597319005 ], [ 76.966165440455782, 12.109812075791803 ], [ 76.966122411287785, 12.109788551825948 ], [ 76.966001755660557, 12.109723885492803 ], [ 76.965746111607089, 12.109586917300136 ], [ 76.965705332089499, 12.109562791628502 ], [ 76.965430118126932, 12.109400235665355 ], [ 76.965027190791275, 12.10916260868464 ], [ 76.965015049565395, 12.109154744469039 ], [ 76.964783010764748, 12.109004327872087 ], [ 76.964729384726539, 12.108969565284619 ], [ 76.963897211152826, 12.10843025830146 ], [ 76.963444692238909, 12.108131763126975 ], [ 76.96332929338044, 12.108064818493286 ], [ 76.96320182034448, 12.107990868573049 ], [ 76.963295736618548, 12.107989188147966 ], [ 76.963351570781754, 12.10798818569527 ], [ 76.963264313484729, 12.107939823779711 ], [ 76.963146538659288, 12.107855410992146 ], [ 76.962025862113876, 12.107052460313646 ], [ 76.962004565122655, 12.107038370817049 ], [ 76.961918156136193, 12.106981207079306 ], [ 76.960934767664412, 12.106331009005473 ], [ 76.960921394278344, 12.106322167183666 ], [ 76.960758052563364, 12.106192264624317 ], [ 76.960739337282206, 12.106177381269118 ], [ 76.960080045052024, 12.105736857472204 ], [ 76.959902018358548, 12.105617903256352 ], [ 76.959677721656433, 12.105497607129768 ], [ 76.95935925253572, 12.105307454860911 ], [ 76.959353009980163, 12.105303727182257 ], [ 76.959312752112538, 12.105279689795609 ], [ 76.959260731284942, 12.105252131808452 ], [ 76.959221741715197, 12.105231476684391 ], [ 76.958799067375026, 12.104998444154772 ], [ 76.958766791707475, 12.104980650148962 ], [ 76.958228510212578, 12.104740132481819 ], [ 76.957881710979763, 12.10458699722183 ], [ 76.957862504363135, 12.10457851633481 ], [ 76.95761335925144, 12.104421581656517 ], [ 76.957227122090316, 12.104178270176895 ], [ 76.957190723813497, 12.104155341347074 ], [ 76.957188787962906, 12.10415412214976 ], [ 76.957190147424839, 12.104126261405661 ], [ 76.957192617432284, 12.104076971643988 ], [ 76.957197869473802, 12.103972175968471 ], [ 76.95719516937794, 12.103970442447727 ], [ 76.957187533240713, 12.103965537785937 ], [ 76.957165383805759, 12.103950614177672 ], [ 76.956903315618689, 12.103774111145304 ], [ 76.95670303387439, 12.103639248179718 ], [ 76.95669045559535, 12.103637017576606 ], [ 76.956393978851224, 12.103584791579848 ], [ 76.956380649439851, 12.103582459602098 ], [ 76.956377868397539, 12.10358197033734 ], [ 76.956373018199031, 12.103581126886574 ], [ 76.956114607635627, 12.103536184824446 ], [ 76.955893886714591, 12.103374834243079 ], [ 76.955646038474811, 12.103193619983902 ], [ 76.955310448295265, 12.102948251035331 ], [ 76.955301389908044, 12.102941635402763 ], [ 76.955260988983724, 12.102912108349896 ], [ 76.955218746810814, 12.102881232159241 ], [ 76.954881250217738, 12.102634544630021 ], [ 76.954854236371943, 12.102614516677479 ], [ 76.954662625708409, 12.102471923534992 ], [ 76.954506157649931, 12.102392829456054 ], [ 76.954095972869084, 12.102185898582631 ], [ 76.954015353417489, 12.102145302071582 ], [ 76.953990421102759, 12.102132751371862 ], [ 76.953927447573776, 12.101834129887335 ], [ 76.953914240277086, 12.10177150022562 ], [ 76.953831449201942, 12.101738164178704 ], [ 76.953758615639472, 12.101717130818813 ], [ 76.953756394705991, 12.101716490254738 ], [ 76.953695893811542, 12.101699037902099 ], [ 76.953553672780302, 12.101658100145418 ], [ 76.95324838096424, 12.10145365813897 ], [ 76.952906112085017, 12.101109147735862 ], [ 76.952736527037956, 12.10063264237845 ], [ 76.952661833663342, 12.100422379972036 ], [ 76.952659086716011, 12.100415577935948 ], [ 76.952626549826448, 12.100423281610855 ], [ 76.952555763212388, 12.10043249979287 ], [ 76.952542059060121, 12.100400422725004 ], [ 76.952297434663237, 12.099827671186659 ], [ 76.95228385932576, 12.099795868864293 ], [ 76.952243689285027, 12.099701764948261 ], [ 76.952201086675331, 12.099624543971066 ], [ 76.951975678125621, 12.099214993419903 ], [ 76.951965766230217, 12.099196927342607 ], [ 76.951958136966468, 12.099183069814703 ], [ 76.951530261925072, 12.099277595921405 ], [ 76.950736120169566, 12.09945228691214 ], [ 76.95068511454032, 12.099463506835722 ], [ 76.949764593168098, 12.099665994342381 ], [ 76.949728570378255, 12.09959360927984 ], [ 76.949721168575451, 12.099579568404035 ], [ 76.949556741166091, 12.099267637838118 ], [ 76.949486119043925, 12.099268243058239 ], [ 76.949467923486125, 12.099268398829908 ], [ 76.94946788123876, 12.09926839912653 ], [ 76.949467846338749, 12.099268399371562 ], [ 76.949406179633357, 12.099268927233286 ], [ 76.949329973177655, 12.099269273349174 ], [ 76.949329371855498, 12.099268424334785 ], [ 76.949328772383282, 12.099267577115103 ], [ 76.949322535705136, 12.099268425327855 ], [ 76.949308818408241, 12.09926842853325 ], [ 76.949301086757714, 12.099268430389511 ], [ 76.949299999349805, 12.099266664666532 ], [ 76.949250603354116, 12.099185214669008 ], [ 76.949181310253209, 12.099070769128426 ], [ 76.949120075374324, 12.098977799457316 ], [ 76.949057584955298, 12.09888292331693 ], [ 76.949017922610082, 12.098822705104478 ], [ 76.949009942113747, 12.098810548274271 ], [ 76.948904890506071, 12.09853894780669 ], [ 76.948720507028767, 12.098062184570159 ], [ 76.948703526088877, 12.098018278005956 ], [ 76.948637533323804, 12.097847639192834 ], [ 76.947792652913009, 12.09802931174643 ], [ 76.947793422388429, 12.09804475499635 ], [ 76.947794165074058, 12.098059669680451 ], [ 76.947794967937114, 12.09807579148937 ], [ 76.947812869387946, 12.09843536125425 ], [ 76.947755994972354, 12.098445344652756 ], [ 76.947737198579674, 12.098448643597104 ], [ 76.947725177363992, 12.098450753451409 ], [ 76.947610484600105, 12.098470884998132 ], [ 76.947531642629087, 12.098484720091513 ], [ 76.947334625711292, 12.098519292201232 ], [ 76.9473120243387, 12.098523258633911 ], [ 76.946366170725796, 12.098689231345169 ], [ 76.945818080684603, 12.098763743157992 ], [ 76.945578242726498, 12.098819823075289 ], [ 76.945552599585085, 12.098835125123987 ], [ 76.945297274593997, 12.098987488784745 ], [ 76.945457365708691, 12.099104680698177 ], [ 76.94536171109408, 12.099159948164999 ], [ 76.945326202235677, 12.09918040168901 ], [ 76.944690019894395, 12.099546846184817 ], [ 76.94467748346888, 12.099543388170119 ], [ 76.944587845576265, 12.099518666482583 ], [ 76.944396621483648, 12.099465927175332 ], [ 76.944375443804233, 12.099472591363316 ], [ 76.94420472652574, 12.09952630887234 ], [ 76.944185586844029, 12.09953232698259 ], [ 76.944083109897676, 12.099564549265729 ], [ 76.943919480221197, 12.099615965488475 ], [ 76.943760000342181, 12.099654197875109 ], [ 76.943708874899912, 12.099666449603426 ], [ 76.943694002125852, 12.099670013674638 ], [ 76.943223700843376, 12.099782703644125 ], [ 76.94272192635988, 12.099902854779607 ], [ 76.942385905368738, 12.100007848423047 ], [ 76.942372599232954, 12.10001201608995 ], [ 76.942326152731823, 12.1000119903238 ], [ 76.942318856344187, 12.100011986231868 ], [ 76.942142147631429, 12.100011886473943 ], [ 76.941902218618452, 12.100011805779827 ], [ 76.941529441422645, 12.100031821053591 ], [ 76.941216809883301, 12.100048709175086 ], [ 76.941196674668433, 12.100049797194853 ], [ 76.941030129559479, 12.100058843191674 ], [ 76.94045973794762, 12.100083752702588 ], [ 76.940332049044187, 12.100091683419494 ], [ 76.940319651888657, 12.100091233166902 ], [ 76.939981101730709, 12.100294765684936 ], [ 76.939936537702152, 12.100321559152365 ], [ 76.939871788619243, 12.100360489628853 ], [ 76.939530938214489, 12.100556813240088 ], [ 76.939306834946407, 12.100685892086474 ], [ 76.938780533114382, 12.100954876081019 ], [ 76.938046375977592, 12.101336591407385 ], [ 76.937978878051311, 12.101365302714409 ], [ 76.93792531024863, 12.101388088695899 ], [ 76.937774383841884, 12.101452217887068 ], [ 76.937617552569364, 12.101518787056907 ], [ 76.93754961831398, 12.101552093816965 ], [ 76.937548313158487, 12.101552732010763 ], [ 76.936668394007015, 12.101983214992671 ], [ 76.936651652915543, 12.101998912484426 ], [ 76.936618136060474, 12.102030340246488 ], [ 76.936296824359488, 12.102331624804187 ], [ 76.936276030661332, 12.102373562427001 ], [ 76.936080033979479, 12.10276925831463 ], [ 76.93603335932049, 12.102863641124811 ], [ 76.936008391083178, 12.10291413123494 ], [ 76.935815519726106, 12.103304143471197 ], [ 76.935626482028226, 12.103402757573001 ], [ 76.93559378897892, 12.103419800930267 ], [ 76.935663654146751, 12.104611721344094 ], [ 76.935663959094839, 12.104617206539855 ], [ 76.935619906740627, 12.104661392461503 ], [ 76.935615603000485, 12.104661564381672 ], [ 76.935494888745723, 12.104786766258453 ], [ 76.935355824029926, 12.104799755520377 ], [ 76.935348742458984, 12.104807028536321 ], [ 76.935299031053319, 12.104812164721572 ], [ 76.935171771924487, 12.104825312000401 ], [ 76.934916127479553, 12.104851727221728 ], [ 76.934773569281973, 12.104866455175097 ], [ 76.934631809548065, 12.10488109975976 ], [ 76.934652008071339, 12.104969641047445 ], [ 76.934656241827881, 12.104988200290448 ], [ 76.934658221107284, 12.104996866247237 ], [ 76.934598622173851, 12.104996917435441 ], [ 76.934493022529836, 12.104997007243036 ], [ 76.934467298739307, 12.104934547327643 ], [ 76.934455547667952, 12.104905983239853 ], [ 76.934455198943695, 12.104906025440233 ], [ 76.934454532516995, 12.104904422120617 ], [ 76.934152735392857, 12.104942338168033 ], [ 76.934101705885325, 12.104948753252744 ], [ 76.933965429879933, 12.104965884675096 ], [ 76.933974958704823, 12.105030138683052 ], [ 76.933977489837829, 12.105047209401672 ], [ 76.934015024739409, 12.105298356189287 ], [ 76.934017705402169, 12.105316293569016 ], [ 76.934040201568891, 12.105465803172216 ], [ 76.934079647838189, 12.105726621454336 ], [ 76.934142929313964, 12.106302541339986 ], [ 76.933737507436845, 12.106453708002885 ], [ 76.93355838330217, 12.106555957848247 ], [ 76.933558113450516, 12.106556111576802 ], [ 76.933556679133673, 12.106556930524398 ], [ 76.933543972427842, 12.10656418395018 ], [ 76.933498259447518, 12.106566977221565 ], [ 76.933404340844206, 12.106572715783576 ], [ 76.933345754262533, 12.106576291077499 ], [ 76.933361925594866, 12.106805480237544 ], [ 76.93325733488355, 12.107241728913566 ], [ 76.933256159554787, 12.107246629691431 ], [ 76.933136066655905, 12.107249508160473 ], [ 76.933086822241378, 12.107250689094037 ], [ 76.933061770375645, 12.107252903622163 ], [ 76.932830422601583, 12.107273249437201 ], [ 76.932195467481719, 12.107329090191271 ], [ 76.932189448152002, 12.107296976393956 ], [ 76.93213837390995, 12.107027325638443 ], [ 76.932125163348019, 12.107024808177238 ], [ 76.931973571615472, 12.106995917848314 ], [ 76.931874211989623, 12.106977060907525 ], [ 76.9315010944308, 12.107012909423034 ], [ 76.931240700918394, 12.107038013331044 ], [ 76.931204206494698, 12.107041531151806 ], [ 76.930980858428697, 12.10710823838971 ], [ 76.930896106270112, 12.107133554138104 ], [ 76.93078652234351, 12.10716628617917 ], [ 76.930775105956513, 12.10716969633914 ], [ 76.930711792482484, 12.107188609056823 ], [ 76.930379434566504, 12.107237988036768 ], [ 76.930281552022805, 12.107252530548816 ], [ 76.930446779881322, 12.108603337654635 ], [ 76.930481659718453, 12.108640716356904 ], [ 76.930488772339388, 12.108648342452101 ], [ 76.93050514587442, 12.109190249190938 ], [ 76.930508708811701, 12.109309517696827 ], [ 76.930446018122623, 12.109328378189069 ], [ 76.93030878102968, 12.10947291126875 ], [ 76.930274563778852, 12.109508975649488 ], [ 76.930216747923637, 12.109518552978253 ], [ 76.929751886003842, 12.109595554404478 ], [ 76.929662731880128, 12.109610321734024 ], [ 76.929584062340879, 12.109591550671192 ], [ 76.929554843769012, 12.109584551920143 ], [ 76.929473629647674, 12.109565098028662 ], [ 76.929458910780426, 12.109601079147245 ], [ 76.929424069022062, 12.109686287084061 ], [ 76.929412510455393, 12.109714553463935 ], [ 76.929411614111871, 12.109716745233005 ], [ 76.929318893290329, 12.109697613556975 ], [ 76.92862945522667, 12.109554222643022 ], [ 76.928637690048419, 12.109401626158443 ], [ 76.928597707284922, 12.109392940500326 ], [ 76.928529597130122, 12.109378145015087 ], [ 76.928354179099529, 12.109339824876848 ], [ 76.928269769661128, 12.10932127769761 ], [ 76.927962906730414, 12.109253100655405 ], [ 76.92796763578184, 12.109149754605665 ], [ 76.927653549772543, 12.109238127418854 ], [ 76.92761752585308, 12.109248263239005 ], [ 76.927438988674098, 12.10929828411704 ], [ 76.927415856482682, 12.109304764618468 ], [ 76.927412795637707, 12.109317646028554 ], [ 76.927337872574967, 12.109636980285474 ], [ 76.927336608307456, 12.109642431220516 ], [ 76.927329464522842, 12.109673218478218 ], [ 76.927242195611797, 12.109660425859287 ], [ 76.927030756263193, 12.109629432343231 ], [ 76.926694988522968, 12.109578058614371 ], [ 76.926643182355434, 12.109690627448732 ], [ 76.926607095393166, 12.109769350462726 ], [ 76.926578079180985, 12.109791081053002 ], [ 76.926548112817287, 12.109813524155239 ], [ 76.926521947119653, 12.10983312894755 ], [ 76.92617085035053, 12.10975015807594 ], [ 76.926019987518515, 12.109717439840049 ], [ 76.926019429184706, 12.109728091216505 ], [ 76.926002764295774, 12.110060401687477 ], [ 76.925978356405253, 12.110746451820869 ], [ 76.925977275481742, 12.110776839046855 ], [ 76.925975654817847, 12.110822392312972 ], [ 76.925952507552495, 12.111261994677339 ], [ 76.925931578133742, 12.111666949246745 ], [ 76.925929329279526, 12.111710462336529 ], [ 76.925927976311314, 12.111736854570887 ], [ 76.925920698744051, 12.111778857873603 ], [ 76.925903917701035, 12.111875758165487 ], [ 76.925803829515971, 12.111869934392592 ], [ 76.925524351218826, 12.111853372469657 ], [ 76.92527758758753, 12.111838297829427 ], [ 76.925010420491446, 12.111896235791951 ], [ 76.924902769676535, 12.111919581214259 ], [ 76.924869559363316, 12.111926734355025 ], [ 76.924752539776989, 12.111938443323618 ], [ 76.924298688920388, 12.112031013116189 ], [ 76.924203565635864, 12.112012293255386 ], [ 76.924188820197159, 12.112124433913179 ], [ 76.924184080730541, 12.112160480318087 ], [ 76.924099391054455, 12.112804556079267 ], [ 76.924089456619754, 12.112849353571066 ], [ 76.924021504082745, 12.113062856481758 ], [ 76.924008846903604, 12.113102623879833 ], [ 76.923985707345253, 12.113175325748802 ], [ 76.923992393428776, 12.113184702144464 ], [ 76.923977306160381, 12.113247853977116 ], [ 76.92396839960351, 12.113285096176057 ], [ 76.923943521485896, 12.11338911721797 ], [ 76.923931855620253, 12.113437893775753 ], [ 76.924257666798724, 12.113508493062005 ], [ 76.9242565567898, 12.113529330289408 ], [ 76.924252383388364, 12.113612074472391 ], [ 76.924251158410428, 12.113636351696689 ], [ 76.924285813329604, 12.113642080375101 ], [ 76.924287063598257, 12.11367697076005 ], [ 76.924289375404044, 12.113741562856919 ], [ 76.923942360201792, 12.113692579300601 ], [ 76.923879900918834, 12.1136837099993 ], [ 76.923811521807195, 12.114552673142375 ], [ 76.923810248894071, 12.11456885299078 ], [ 76.923801437795603, 12.11467853465367 ], [ 76.923465377924018, 12.114735648799805 ], [ 76.923374256483086, 12.114751149324396 ], [ 76.923309475880544, 12.114762168370753 ], [ 76.923061048360722, 12.114738072259616 ], [ 76.922556055437155, 12.114839134771273 ], [ 76.921634340530105, 12.114926029235939 ], [ 76.920799512903287, 12.114999484960139 ], [ 76.920791142185891, 12.114994848263361 ], [ 76.920744119558293, 12.114968392430479 ], [ 76.92070400272263, 12.11494582147607 ], [ 76.92063786845155, 12.114918510964294 ], [ 76.920628486259403, 12.1149171894121 ], [ 76.92051198211324, 12.114900776706136 ], [ 76.920021398602373, 12.114945503731105 ], [ 76.919634828314912, 12.114967909382452 ], [ 76.919330684111017, 12.115062725769786 ], [ 76.919276377201712, 12.115079655912785 ], [ 76.918790596950743, 12.11510563757045 ], [ 76.918497958329738, 12.115115806002757 ], [ 76.918419920374689, 12.115118517841148 ], [ 76.916723158287326, 12.114880576927284 ], [ 76.913572395882269, 12.114442551823258 ], [ 76.913569150235219, 12.11444210149436 ], [ 76.910335251838589, 12.113993279828303 ], [ 76.90921232887699, 12.113835893941735 ], [ 76.907068299913291, 12.113535562187581 ], [ 76.906871938042954, 12.113508062494699 ], [ 76.906771620304184, 12.113494012736474 ], [ 76.906769979958682, 12.113541129283007 ], [ 76.906700748861823, 12.113625620090879 ], [ 76.906232193048822, 12.114197200851233 ], [ 76.905217290165112, 12.115427572966569 ], [ 76.905088004988258, 12.115508243243326 ], [ 76.903924200014004, 12.116233698464283 ], [ 76.903031780028996, 12.116789010463446 ], [ 76.903029367197746, 12.116853319525736 ], [ 76.903002831714687, 12.117560469695121 ], [ 76.902969786455742, 12.118441118695944 ], [ 76.902952775904112, 12.118877584738872 ], [ 76.902915040375049, 12.120211934274222 ], [ 76.902895799263163, 12.12169155198618 ], [ 76.902950364243026, 12.122502550704549 ], [ 76.902961510993705, 12.122668220064895 ], [ 76.902998812228901, 12.123222617423407 ], [ 76.902890957026329, 12.123232846825735 ], [ 76.902873775088167, 12.12323362010269 ], [ 76.901724947464089, 12.123288185942481 ], [ 76.901497502566897, 12.123300433011501 ], [ 76.90147017531487, 12.123301904904437 ], [ 76.901438488331891, 12.123303610980992 ], [ 76.901131035858512, 12.123323161298242 ], [ 76.900933869610853, 12.123337196868009 ], [ 76.900675345001403, 12.123355600318538 ], [ 76.900513092613338, 12.123367150027361 ], [ 76.900331463448552, 12.123380079851611 ], [ 76.900290112942329, 12.123383460955145 ], [ 76.900108983891656, 12.123398270881289 ], [ 76.899519869659613, 12.123446439963809 ], [ 76.899493002090651, 12.123445250219442 ], [ 76.899397725120579, 12.123441029515915 ], [ 76.898968686886903, 12.123423760723853 ], [ 76.898737118432365, 12.12342556332475 ], [ 76.898553638417241, 12.123426991120088 ], [ 76.898457177638448, 12.123427741376993 ], [ 76.897966958768876, 12.123418442881929 ], [ 76.897841708761405, 12.123417879702021 ], [ 76.897547807370131, 12.123416558623775 ], [ 76.897350514977646, 12.12338958732035 ], [ 76.897319492791624, 12.123385686158212 ], [ 76.897201752456809, 12.123370878620371 ], [ 76.896965471933143, 12.123341163109941 ], [ 76.896957575746328, 12.12307930739823 ], [ 76.896843685168605, 12.121713912839994 ], [ 76.896831359914444, 12.121713281314996 ], [ 76.896829887769812, 12.121696820962036 ], [ 76.896846498741326, 12.121695715737317 ], [ 76.896853882668125, 12.121647951405025 ], [ 76.895973683063858, 12.121617881668076 ], [ 76.893753044609625, 12.121550554371373 ], [ 76.893264787400881, 12.121586175331098 ], [ 76.892069191674494, 12.121608688071403 ], [ 76.890458659753762, 12.121686111947355 ], [ 76.890451152044676, 12.12168647408571 ], [ 76.890429573778633, 12.121687510669313 ], [ 76.890429680939718, 12.121704811086259 ], [ 76.890429676571273, 12.121744879167853 ], [ 76.890429675879389, 12.121751171074227 ], [ 76.890429675219821, 12.121761640709051 ], [ 76.890428234865695, 12.121857879297178 ], [ 76.890416558405661, 12.122638166467715 ], [ 76.890122751042043, 12.123173346810049 ], [ 76.890024003368495, 12.123351836748176 ], [ 76.890052040171966, 12.123371387172398 ], [ 76.890050632314029, 12.123434034689478 ], [ 76.890049621800941, 12.123479018603463 ], [ 76.890048647701917, 12.123522390652663 ], [ 76.890042036175217, 12.123816670973362 ], [ 76.890305597070395, 12.124518930904555 ], [ 76.890381733310889, 12.124900350985428 ], [ 76.890413213802901, 12.125058061037567 ], [ 76.890415674942901, 12.12586797025326 ], [ 76.89044238946029, 12.125894193008499 ], [ 76.890514468068929, 12.125964942260635 ], [ 76.890575308515977, 12.126024845695703 ], [ 76.890919502372611, 12.126252219605954 ], [ 76.891033496415332, 12.126272922326732 ], [ 76.891022816598223, 12.126293340612955 ], [ 76.891014578556607, 12.126309090876234 ], [ 76.890994593019215, 12.126347305861332 ], [ 76.89097885287535, 12.126377394929557 ], [ 76.890959969424031, 12.12641349454757 ], [ 76.890845265797196, 12.126410855235585 ], [ 76.890830487159874, 12.126410543013485 ], [ 76.890829716640482, 12.126415911886722 ], [ 76.890713016065988, 12.127228805154894 ], [ 76.890712977465355, 12.127229063023693 ], [ 76.890645507869891, 12.127664792477098 ], [ 76.890591080159894, 12.128267835759488 ], [ 76.890574688849, 12.128450055640267 ], [ 76.890586891972632, 12.128789756567631 ], [ 76.890602673235151, 12.12922903595182 ], [ 76.890607761578508, 12.129365250057695 ], [ 76.890615136941221, 12.12956266824032 ], [ 76.890574367712929, 12.130418192651364 ], [ 76.890570295304371, 12.130503641476306 ], [ 76.890570272521984, 12.130504058319751 ], [ 76.890560925686742, 12.13066433185158 ], [ 76.890576209448909, 12.130865525773094 ], [ 76.890584298873549, 12.130972009800091 ], [ 76.890596777730821, 12.131136392525155 ], [ 76.89029549319136, 12.131071224680117 ], [ 76.889599940098734, 12.130920774658227 ], [ 76.88939874906076, 12.130877255957472 ], [ 76.888969968425116, 12.130784508441772 ], [ 76.887543143267465, 12.130564563834147 ], [ 76.88753670804816, 12.130563595340515 ], [ 76.886646511687772, 12.130430252740524 ], [ 76.886158962535646, 12.130357887499649 ], [ 76.88605281374349, 12.130342180435388 ], [ 76.885955280337242, 12.13032774789486 ], [ 76.884764986677737, 12.130106861087576 ], [ 76.884763984118095, 12.130106678997882 ], [ 76.884619195688714, 12.130079928514409 ], [ 76.884149534659173, 12.12999793806452 ], [ 76.883983370115402, 12.129968930108618 ], [ 76.883892800848798, 12.129953588945613 ], [ 76.883884589786277, 12.129952200384814 ], [ 76.883874090485818, 12.129950420638846 ], [ 76.883857423687189, 12.129947597274054 ], [ 76.883845194458672, 12.129945528299078 ], [ 76.88383033212547, 12.12994301263511 ], [ 76.883783816535399, 12.129935141605577 ], [ 76.883763521537148, 12.1299317056716 ], [ 76.883738895706884, 12.129927540830217 ], [ 76.883705436149569, 12.129921877765289 ], [ 76.883674169167008, 12.129916587551795 ], [ 76.883624675655454, 12.129908220627634 ], [ 76.883550814758266, 12.129895733175859 ], [ 76.883460118828509, 12.129880402668036 ], [ 76.883379671167432, 12.129866815638795 ], [ 76.88325353489347, 12.129845518153747 ], [ 76.883251366272631, 12.129845155074419 ], [ 76.88317571855525, 12.129832384095719 ], [ 76.883133931289919, 12.129825332264147 ], [ 76.883102969784076, 12.129820111312887 ], [ 76.883102770215089, 12.129820078322012 ], [ 76.882977956804368, 12.129798918141182 ], [ 76.882669568762751, 12.129746664690947 ], [ 76.882542395742675, 12.129725147037004 ], [ 76.882414143004681, 12.129703445939599 ], [ 76.882097485739877, 12.129718860231126 ], [ 76.88201075775946, 12.129723094826394 ], [ 76.881821374021754, 12.129732341915302 ], [ 76.88086570149332, 12.130922592882486 ], [ 76.880855699679273, 12.130935168732075 ], [ 76.880189085614944, 12.131769033652949 ], [ 76.880106014571069, 12.131872945773383 ], [ 76.87798863917169, 12.134521517843826 ], [ 76.877987931595172, 12.134522402121853 ], [ 76.877009483709912, 12.135744133637354 ], [ 76.876245779187897, 12.13670002221814 ], [ 76.875906898435147, 12.137386631791168 ], [ 76.875866006668403, 12.137515312963307 ], [ 76.875758576923488, 12.137632933089392 ], [ 76.874610110891751, 12.138890322158517 ], [ 76.874730187677258, 12.138993855318857 ], [ 76.873776506851001, 12.139853886252602 ], [ 76.873714645161442, 12.139909828919821 ], [ 76.873712232441235, 12.139912010962815 ], [ 76.873625084558128, 12.139990879206822 ], [ 76.873581621940517, 12.140020354456084 ], [ 76.872980712936979, 12.140427878120921 ], [ 76.872718029848158, 12.140606023655803 ], [ 76.871857255405217, 12.140799226598096 ], [ 76.871819133005005, 12.14080483452436 ], [ 76.871650294249505, 12.140828063691487 ], [ 76.871283404070141, 12.140878539967209 ], [ 76.871250618092631, 12.140878231953705 ], [ 76.871238839144667, 12.14140729427516 ], [ 76.871236676720514, 12.141445847020497 ], [ 76.871233078636806, 12.141503237438087 ], [ 76.871227068625387, 12.141599101841905 ], [ 76.871224630287799, 12.141638003545223 ], [ 76.871179519562943, 12.14235760100172 ], [ 76.871172647450123, 12.142467217546111 ], [ 76.871152460579054, 12.142768904279931 ], [ 76.87114900884788, 12.142820152699185 ], [ 76.871144321144726, 12.142889761091848 ], [ 76.87113230970769, 12.143282244930433 ], [ 76.871127175992086, 12.143989940828313 ], [ 76.871120477737875, 12.144268192558009 ], [ 76.871119999038413, 12.144282780009563 ], [ 76.871090678907322, 12.144347334117938 ], [ 76.870999697518727, 12.144547652296037 ], [ 76.870982126090496, 12.144984280691903 ], [ 76.870919465803539, 12.146070874533093 ], [ 76.870918100179381, 12.14609303080362 ], [ 76.870909260938234, 12.146236404549949 ], [ 76.870838445739366, 12.147331671176236 ], [ 76.870903254450212, 12.147692389882188 ], [ 76.870906178137901, 12.147708499967983 ], [ 76.870908368986235, 12.147720571020693 ], [ 76.870715780671048, 12.148001397766853 ], [ 76.870676953598121, 12.148058042993146 ], [ 76.870620112390284, 12.147994114020484 ], [ 76.870609077004744, 12.148008672528606 ], [ 76.87056895796745, 12.148064356609028 ], [ 76.870527897464015, 12.148063646316043 ], [ 76.870293188089533, 12.148059556013791 ], [ 76.869964271285809, 12.148056237951133 ], [ 76.869887864069696, 12.148055557705664 ], [ 76.869871743047383, 12.148055408166883 ], [ 76.869870742544663, 12.148055398659956 ], [ 76.869871186917322, 12.148056018434458 ], [ 76.869871608097, 12.148056605825781 ], [ 76.870076819738344, 12.148342597751657 ], [ 76.870227173685521, 12.148553830183491 ], [ 76.870431974233611, 12.149165277126722 ], [ 76.870559234969193, 12.149550051708788 ], [ 76.870716584913936, 12.149892771799795 ], [ 76.870752070228818, 12.150113453447073 ], [ 76.870855629966726, 12.150490589322903 ], [ 76.870983594030136, 12.150956597355735 ], [ 76.871001795204933, 12.151022880956054 ], [ 76.871030872119178, 12.151125363036355 ], [ 76.871092210038427, 12.1513030959393 ], [ 76.871092396625684, 12.151303635201009 ], [ 76.870998903431811, 12.151495354768425 ], [ 76.87097601263315, 12.151542295705326 ], [ 76.870968462326914, 12.151564301286003 ], [ 76.870942909571099, 12.151638773632621 ], [ 76.870904659953467, 12.151750229428862 ], [ 76.870738266916476, 12.152368156442233 ], [ 76.870730556206198, 12.152396792210501 ], [ 76.870681617084614, 12.152468620710213 ], [ 76.8706644174123, 12.152493865110973 ], [ 76.870662997392856, 12.15249784820266 ], [ 76.870662676452199, 12.152498328529777 ], [ 76.870657615934618, 12.152505899369782 ], [ 76.87064460105934, 12.152525383915453 ], [ 76.870643596307929, 12.152526872182516 ], [ 76.870560229929254, 12.152651648227527 ], [ 76.870416170332277, 12.152867424130649 ], [ 76.870320971536444, 12.153010156334817 ], [ 76.870302633639994, 12.153037650059714 ], [ 76.870278215902758, 12.153064495240804 ], [ 76.870270770483344, 12.153072729390207 ], [ 76.870219322840398, 12.153129399451414 ], [ 76.870175333261287, 12.153192007313855 ], [ 76.870145423167969, 12.153234575685442 ], [ 76.870125446507473, 12.15326302052866 ], [ 76.87012231195105, 12.15326749427498 ], [ 76.870100826188349, 12.153298087919774 ], [ 76.870099403621452, 12.15330105053914 ], [ 76.869970304713121, 12.153569885415177 ], [ 76.869923404277401, 12.153667559345889 ], [ 76.869736822470472, 12.154070423490843 ], [ 76.869657041994117, 12.154546756425049 ], [ 76.869622950897281, 12.154802665845745 ], [ 76.869769968647773, 12.154848092550917 ], [ 76.869871313076317, 12.154879406558802 ], [ 76.869905368416283, 12.154890339235351 ], [ 76.869884685219318, 12.154925631280792 ], [ 76.869894103097096, 12.15492961970944 ], [ 76.869929963218013, 12.154944561567934 ], [ 76.869914054850923, 12.154986610414909 ], [ 76.869893273667813, 12.155041540065442 ], [ 76.869883188855198, 12.15506819519954 ], [ 76.869851118149526, 12.155062166245253 ], [ 76.869774941597385, 12.155047845035757 ], [ 76.869763022356807, 12.155098596639025 ], [ 76.869702057782206, 12.155359269604592 ], [ 76.869677246244933, 12.155465359385984 ], [ 76.869652910168384, 12.155569417629549 ], [ 76.869469199230053, 12.156363959068585 ], [ 76.869463739878469, 12.156387570262842 ], [ 76.869462524418623, 12.156392828257765 ], [ 76.869453512278668, 12.156431802439174 ], [ 76.869398341196501, 12.156671251821967 ], [ 76.869289407188035, 12.157010484196716 ], [ 76.869238643678173, 12.157159557553243 ], [ 76.869129480714236, 12.157480131614653 ], [ 76.869107988387157, 12.157543247137108 ], [ 76.869018357479291, 12.157808663180917 ], [ 76.868933138676923, 12.158061013523948 ], [ 76.868873837001871, 12.158236615827954 ], [ 76.868644723244557, 12.158730891845041 ], [ 76.868589888393601, 12.158849189115138 ], [ 76.868557412477543, 12.158919249325393 ], [ 76.868521334360437, 12.158997082911734 ], [ 76.868520055483486, 12.158999841182503 ], [ 76.868471388635655, 12.159104832197967 ], [ 76.86845801198929, 12.159130720474618 ], [ 76.868455860997685, 12.159134889281818 ], [ 76.868451711879075, 12.159230625432981 ], [ 76.868448609659524, 12.159302226140277 ], [ 76.868445733631859, 12.159368591811155 ], [ 76.868294621319336, 12.159685842843146 ], [ 76.868175579793842, 12.159989491379752 ], [ 76.868157982866961, 12.160034376254497 ], [ 76.868130384919752, 12.160105592083069 ], [ 76.868047618597615, 12.160363712443248 ], [ 76.868037418186574, 12.160395829623416 ], [ 76.868021215476048, 12.160446846985813 ], [ 76.867765962701156, 12.161330142725406 ], [ 76.867661988725018, 12.161689939172346 ], [ 76.867669270815284, 12.16169471852117 ], [ 76.867737516664917, 12.161739510377588 ], [ 76.868009058634769, 12.161917732840493 ], [ 76.868093764360523, 12.161972511548674 ], [ 76.868140219028277, 12.162002553637812 ], [ 76.869263677046391, 12.161935062689835 ], [ 76.869272817859468, 12.161947483530241 ], [ 76.869283113280815, 12.161961449436884 ], [ 76.869305105604568, 12.161991282584147 ], [ 76.869313966647866, 12.161990751715177 ], [ 76.86932160327369, 12.162002743440091 ], [ 76.869341425083007, 12.162033819648718 ], [ 76.869350928666776, 12.162048719200207 ], [ 76.869385089943307, 12.16210227838873 ], [ 76.869391084787964, 12.162390175438077 ], [ 76.869406462181544, 12.162513046984838 ], [ 76.869423712771692, 12.162650887774699 ], [ 76.86942808537961, 12.162685382139399 ], [ 76.869435481017746, 12.162743727695442 ], [ 76.869411697919304, 12.163259615553857 ], [ 76.869416743877849, 12.163555649453215 ], [ 76.869421698663501, 12.163849014785265 ], [ 76.869436500074102, 12.163902998684152 ], [ 76.869458597547819, 12.163983591537315 ], [ 76.869461336997148, 12.163993551003932 ], [ 76.869479325977778, 12.164471040182317 ], [ 76.869507689444347, 12.164788332938672 ], [ 76.869493394008245, 12.164952341345678 ], [ 76.869486793598682, 12.165028789723108 ], [ 76.869455749051909, 12.165388384143572 ], [ 76.869450224555081, 12.165571942107148 ], [ 76.869411887184526, 12.166845719619564 ], [ 76.869410081777545, 12.166905756219197 ], [ 76.869408216337462, 12.167020145718807 ], [ 76.869407852694607, 12.167042508520289 ], [ 76.869404854789735, 12.167226716440895 ], [ 76.869402576008667, 12.167406419042777 ], [ 76.869491445416998, 12.167508971769106 ], [ 76.869624634182074, 12.167661724586125 ], [ 76.869621854614991, 12.167676122422764 ], [ 76.869781328291964, 12.167727133858062 ], [ 76.869875091886911, 12.167757148973484 ], [ 76.869883233631057, 12.167759754894741 ], [ 76.869883046077675, 12.167760130373312 ], [ 76.869882747085853, 12.167760729866176 ], [ 76.869688338807194, 12.168150538920926 ], [ 76.869643351469861, 12.16871499224921 ], [ 76.869735278443343, 12.169401968712913 ], [ 76.869907540719453, 12.169780710179033 ], [ 76.870006186511489, 12.17054337926657 ], [ 76.87040100612947, 12.171383721490896 ], [ 76.870794028913153, 12.171966984617001 ], [ 76.8708647259175, 12.17251655870561 ], [ 76.870971891863576, 12.172772869478305 ], [ 76.871119649162679, 12.173273932988831 ], [ 76.871250998782514, 12.173779692044752 ], [ 76.871259211580281, 12.173811569733404 ], [ 76.871285826708942, 12.173914877843291 ], [ 76.871299552311612, 12.173992178156295 ], [ 76.870070665978616, 12.173982568565036 ], [ 76.868455960530014, 12.17407242275034 ], [ 76.867564549620838, 12.174136488527848 ], [ 76.867549838841825, 12.174089630220955 ], [ 76.867429243610815, 12.174057295046236 ], [ 76.867287230078801, 12.174056239071064 ], [ 76.867285190836284, 12.174125057641547 ], [ 76.867255416347703, 12.174127020706978 ], [ 76.867190106600248, 12.174131325653184 ], [ 76.866174604686364, 12.174219661366648 ], [ 76.865519541986302, 12.174286932457239 ], [ 76.865482230060053, 12.174290763988424 ], [ 76.865482086119286, 12.174292518503361 ], [ 76.865475304380851, 12.17437445656277 ], [ 76.865471317041241, 12.174421583291032 ], [ 76.865514066187203, 12.174425901527535 ], [ 76.865514479977861, 12.174529908190431 ], [ 76.865516012488897, 12.174915200769268 ], [ 76.86551730061359, 12.175457063703952 ], [ 76.865517473899516, 12.175549118070293 ], [ 76.865507958451516, 12.176659381485834 ], [ 76.865406845487485, 12.176661888007825 ], [ 76.865403894699867, 12.176726010760039 ], [ 76.865246917863644, 12.176723317785882 ], [ 76.864782033553212, 12.176715341193303 ], [ 76.864542134796494, 12.176708223998707 ], [ 76.864459686109555, 12.176705778235025 ], [ 76.864082496804627, 12.176695277356586 ], [ 76.863514751945957, 12.176677462974057 ], [ 76.863450737848055, 12.176675454661869 ], [ 76.863434724676708, 12.17667495264662 ], [ 76.863395777426319, 12.176673981778894 ], [ 76.863371130789986, 12.176673387095907 ], [ 76.863354511370872, 12.177019063146286 ], [ 76.863335306016779, 12.177402598852513 ], [ 76.863325570607998, 12.177589891544212 ], [ 76.863301797825557, 12.177782019902491 ], [ 76.863190711186135, 12.178674959456886 ], [ 76.863178956079565, 12.17885142364093 ], [ 76.863131910216339, 12.178848853341258 ], [ 76.863120255583979, 12.178848214337291 ], [ 76.863080793717685, 12.178847802834916 ], [ 76.863038118631266, 12.17884735788197 ], [ 76.863031524198334, 12.17884704807623 ], [ 76.86299322175887, 12.178846889053997 ], [ 76.862988419848335, 12.178846839216757 ], [ 76.862748086463441, 12.178844628155435 ], [ 76.862678134974857, 12.178843984913193 ], [ 76.862677950402258, 12.178845580618885 ], [ 76.862580480241988, 12.178845175517308 ], [ 76.86257699044593, 12.17891391360693 ], [ 76.862502339269781, 12.179993357050355 ], [ 76.862487578018914, 12.180119437094376 ], [ 76.862484810143073, 12.180143081623047 ], [ 76.862475403624558, 12.180222661118833 ], [ 76.862473344788796, 12.180240075779297 ], [ 76.861984669888358, 12.180136018814988 ], [ 76.860634396009644, 12.17984855525142 ], [ 76.860630118304897, 12.179846601864721 ], [ 76.860314593163281, 12.179850632780058 ], [ 76.860285591430795, 12.179851002747272 ], [ 76.860263421203726, 12.179851285982496 ], [ 76.860009865456263, 12.17985478037242 ], [ 76.85993036204799, 12.179855875761126 ], [ 76.859881096983671, 12.179874400409108 ], [ 76.85903654095334, 12.180191860452542 ], [ 76.859028146695195, 12.180181405663497 ], [ 76.859025342123545, 12.180177912943696 ], [ 76.859018624451068, 12.180169540269247 ], [ 76.858963929498856, 12.180101255552168 ], [ 76.858935550372948, 12.180110692632066 ], [ 76.858667075599769, 12.180199969736602 ], [ 76.857972002565148, 12.180203303035125 ], [ 76.857941950219399, 12.180210356878058 ], [ 76.857609614013569, 12.180288364838542 ], [ 76.857459399770931, 12.180323612728793 ], [ 76.857484861891933, 12.18045486891458 ], [ 76.857488637690906, 12.180474356699806 ], [ 76.857107269592007, 12.180612742394668 ], [ 76.857079850630484, 12.180621014952633 ], [ 76.856780854975227, 12.180711221611313 ], [ 76.856216517923698, 12.180882452782564 ], [ 76.856175522135629, 12.180901205020739 ], [ 76.85604082701667, 12.180962818282122 ], [ 76.856002914680062, 12.180950372719231 ], [ 76.855992445315906, 12.180955042143232 ], [ 76.855897140865409, 12.180924800821366 ], [ 76.855339079931539, 12.180747722088412 ], [ 76.855228088452449, 12.18071250340741 ], [ 76.855152566191435, 12.180688539199483 ], [ 76.855124325483274, 12.180679581679353 ], [ 76.854864245533776, 12.180655274525229 ], [ 76.854715255548243, 12.180641350056408 ], [ 76.854382400817528, 12.180610308590904 ], [ 76.854368698221748, 12.180600427127308 ], [ 76.854359861114986, 12.180594054416298 ], [ 76.853881609606049, 12.180247942369743 ], [ 76.852979387732788, 12.179885329677672 ], [ 76.852738108530076, 12.179794497737195 ], [ 76.851656577535095, 12.179312801104381 ], [ 76.851577075343997, 12.179277392104968 ], [ 76.851490841541533, 12.179238984832697 ], [ 76.851422020224717, 12.179208332723498 ], [ 76.851319791716548, 12.179178609750776 ], [ 76.851267766029537, 12.179163483195037 ], [ 76.851258262334341, 12.179161533977457 ], [ 76.852123399808619, 12.17740416441004 ], [ 76.85218787552644, 12.177049046497517 ], [ 76.852247025284214, 12.176723259526002 ], [ 76.852263667400464, 12.176631595149468 ], [ 76.852478045377083, 12.175450828143369 ], [ 76.852508672998496, 12.17530046053321 ], [ 76.85256778561137, 12.175012979024203 ], [ 76.852572879726054, 12.174987996464953 ], [ 76.852587411032445, 12.174827922398164 ], [ 76.852591741271098, 12.174775987236741 ], [ 76.85267607999991, 12.173764403373092 ], [ 76.852703127788047, 12.173650059169001 ], [ 76.853368755069425, 12.170836093181212 ], [ 76.853361872039713, 12.170835080014866 ], [ 76.85334188331089, 12.170832140030441 ], [ 76.853330980285037, 12.170830536484663 ], [ 76.853287847779939, 12.170825182961133 ], [ 76.853266031413924, 12.17082247578713 ], [ 76.853265747001728, 12.170823594004665 ], [ 76.851909387154521, 12.170726063088432 ], [ 76.851886247160209, 12.17071769726128 ], [ 76.851861100475134, 12.17065004037903 ], [ 76.851866489562511, 12.170632616926499 ], [ 76.851935414352937, 12.170409757816426 ], [ 76.851954106709286, 12.170349319204089 ], [ 76.85202556461266, 12.170118269183451 ], [ 76.852042966501074, 12.170062001657467 ], [ 76.852030540572471, 12.170057931597666 ], [ 76.851890308262426, 12.170011997872749 ], [ 76.851544577763661, 12.169898752286116 ], [ 76.851408166184328, 12.1698540698789 ], [ 76.851317634931689, 12.169824416211137 ], [ 76.851295911229343, 12.169817300855259 ], [ 76.851216462703178, 12.169790924497052 ], [ 76.851083073014109, 12.169745977604999 ], [ 76.850578935715717, 12.169576102243218 ], [ 76.850420608992422, 12.169522751367753 ], [ 76.850280362459742, 12.169475493538005 ], [ 76.850268408188199, 12.169471465425886 ], [ 76.850176915086578, 12.169440201626914 ], [ 76.850149672039763, 12.169424928434182 ], [ 76.849988977339862, 12.1702260056116 ], [ 76.849948247365433, 12.170429044777904 ], [ 76.849919227503548, 12.17042866340309 ], [ 76.849398810584532, 12.170421832138206 ], [ 76.849366469233829, 12.170421029136723 ], [ 76.849288724738031, 12.170418660028309 ], [ 76.84929498614764, 12.170014710537814 ], [ 76.849296287658774, 12.169930729919081 ], [ 76.849295217234243, 12.169905355698084 ], [ 76.849421266206051, 12.169278154426017 ], [ 76.849470555873495, 12.169126135301703 ], [ 76.849496602654355, 12.169045801604492 ], [ 76.849501053510608, 12.169028331132827 ], [ 76.849297390564374, 12.169079799691191 ], [ 76.849189839682197, 12.169106978675215 ], [ 76.848583931118739, 12.169260098292893 ], [ 76.848589663237476, 12.169200578144663 ], [ 76.848589992427918, 12.169197163733823 ], [ 76.848627259769515, 12.168630240187118 ], [ 76.84862690494154, 12.168572020812165 ], [ 76.848431801018336, 12.168603665922566 ], [ 76.848339156784078, 12.168616995630709 ], [ 76.847867902558804, 12.168629391376795 ], [ 76.847824290821322, 12.168630286063944 ], [ 76.847745516308251, 12.168630227369615 ], [ 76.847710496837806, 12.168630201333379 ], [ 76.846813858316494, 12.168795925187702 ], [ 76.846660267778532, 12.168810534150177 ], [ 76.846287860967919, 12.168845956541739 ], [ 76.846193559946173, 12.168859821795069 ], [ 76.846170899714792, 12.1689391085623 ], [ 76.84616406575185, 12.168963018937408 ], [ 76.846125282267607, 12.169098718139093 ], [ 76.846120150965874, 12.169116672200788 ], [ 76.846118010533246, 12.169124161738157 ], [ 76.846052637534498, 12.169121014769361 ], [ 76.845642595422191, 12.169101275400338 ], [ 76.845520125750795, 12.169098331798416 ], [ 76.845517399340309, 12.169098265954926 ], [ 76.845486640134496, 12.168683967624036 ], [ 76.845662786092021, 12.168149149405211 ], [ 76.845704156785587, 12.168023537626981 ], [ 76.845780087727746, 12.16779299374647 ], [ 76.845773262080925, 12.167540385574551 ], [ 76.845771840310903, 12.167487753898271 ], [ 76.845764624732752, 12.167220709467131 ], [ 76.845764624470675, 12.167220671505184 ], [ 76.845763098320035, 12.167125636888359 ], [ 76.845761957715666, 12.167054641558627 ], [ 76.846106689018526, 12.16681318101115 ], [ 76.846320858288465, 12.166278515286814 ], [ 76.846351630481394, 12.166201694376687 ], [ 76.846324360184099, 12.165816237929858 ], [ 76.846300186100478, 12.165474541031745 ], [ 76.846261409467274, 12.164926433706711 ], [ 76.846254171850816, 12.16488375394418 ], [ 76.846250848528882, 12.164864159773479 ], [ 76.846419194004071, 12.164746601876999 ], [ 76.846420516280801, 12.164722947087116 ], [ 76.846421668530908, 12.164702344086868 ], [ 76.846422227835333, 12.164692334206025 ], [ 76.846422415120188, 12.164688987630536 ], [ 76.8464287624425, 12.164575448251846 ], [ 76.846329749108534, 12.164100452082089 ], [ 76.846311915007874, 12.164012029092847 ], [ 76.846508714109802, 12.163985196863223 ], [ 76.846517065627836, 12.163984023829954 ], [ 76.84743135855868, 12.163859218344967 ], [ 76.847957434671201, 12.163771805006522 ], [ 76.847959018598601, 12.16377154222528 ], [ 76.848336564242246, 12.163708808214949 ], [ 76.848593062508698, 12.163665521071385 ], [ 76.848705094162327, 12.16364941156546 ], [ 76.84885821868653, 12.163627393957617 ], [ 76.848956490254096, 12.163613262862794 ], [ 76.850591627350795, 12.163406063690315 ], [ 76.850751916726395, 12.163380073272988 ], [ 76.850822537901635, 12.163368622406365 ], [ 76.850904648742855, 12.163355307553152 ], [ 76.850893376554694, 12.163166235749188 ], [ 76.850891058085907, 12.163126469945267 ], [ 76.850879462367729, 12.162921706872433 ], [ 76.850872004739443, 12.162853298510079 ], [ 76.850729491115928, 12.162190958406548 ], [ 76.850713187616009, 12.162115188293795 ], [ 76.850702591654496, 12.162000168064504 ], [ 76.850701974813433, 12.161993475234581 ], [ 76.850720620995091, 12.161860904362237 ], [ 76.850728706683995, 12.161808845488716 ], [ 76.85073873087434, 12.161744302586886 ], [ 76.850746564115624, 12.161693866992575 ], [ 76.850811018910306, 12.16127885282252 ], [ 76.850824131777941, 12.161231296026717 ], [ 76.850826108008789, 12.161231169803871 ], [ 76.850826127707052, 12.161231095552507 ], [ 76.851175853711027, 12.161195916312392 ], [ 76.851774403647426, 12.161135707324755 ], [ 76.851778770080344, 12.161135268601042 ], [ 76.851793799191526, 12.161133756911068 ], [ 76.851862520869872, 12.161126843491417 ], [ 76.851881301911746, 12.161099830375518 ], [ 76.851972788245575, 12.160968242007892 ], [ 76.852134237941257, 12.160736023238954 ], [ 76.852222444692885, 12.16060915162916 ], [ 76.852321327200556, 12.160466924490192 ], [ 76.852378267997807, 12.160390905826263 ], [ 76.852349537512694, 12.160384520755896 ], [ 76.852177298488357, 12.160342440964959 ], [ 76.851943245117056, 12.160285259030953 ], [ 76.851951385063231, 12.160209620788606 ], [ 76.851957584510558, 12.16015200927224 ], [ 76.851957674540898, 12.160151212337473 ], [ 76.851957759159248, 12.160150429901321 ], [ 76.852014435340365, 12.159648004256805 ], [ 76.852069928412448, 12.159188750237581 ], [ 76.852088614071519, 12.159034110509857 ], [ 76.85209352615415, 12.158993454746998 ], [ 76.852096850799867, 12.158966484648309 ], [ 76.852097883186346, 12.158958086873445 ], [ 76.851582471383551, 12.15886536029152 ], [ 76.851132461982701, 12.158786490688312 ], [ 76.851127820494639, 12.158785677535901 ], [ 76.85103793004042, 12.158768796406877 ], [ 76.850924218384861, 12.158747441401527 ], [ 76.850915739528389, 12.158745849475784 ], [ 76.850914541784448, 12.158745622483757 ], [ 76.850672477042167, 12.158699617127276 ], [ 76.850377779761985, 12.158643244605988 ], [ 76.850369939653064, 12.158641686349998 ], [ 76.850362499069732, 12.158640642447537 ], [ 76.85032186831684, 12.158634745360139 ], [ 76.85030863135907, 12.158633145495875 ], [ 76.849488876123829, 12.158534062967302 ], [ 76.849102058445283, 12.158487308221043 ], [ 76.848683019997083, 12.158493415875997 ], [ 76.848630997332236, 12.158488477831609 ], [ 76.848580325154074, 12.158488720919493 ], [ 76.848493234275281, 12.158489139765589 ], [ 76.84845721152557, 12.158489312880326 ], [ 76.8481393545011, 12.158333174187637 ], [ 76.848113549515389, 12.158328921248293 ], [ 76.847940545929646, 12.15830040752123 ], [ 76.847878162801493, 12.158284149491703 ], [ 76.847291990829532, 12.15813138067362 ], [ 76.847238886987626, 12.158117540767545 ], [ 76.846754471522161, 12.157640577602036 ], [ 76.846699846327596, 12.157586792754962 ], [ 76.846697533799698, 12.157584513208448 ], [ 76.846622291482277, 12.157510332237102 ], [ 76.84584987039247, 12.157073814168053 ], [ 76.845637969289527, 12.156796227331416 ], [ 76.845634904325735, 12.156792212793484 ], [ 76.845294040891929, 12.156604554919619 ], [ 76.845263189991883, 12.156587571418489 ], [ 76.845246270152444, 12.156578265738123 ], [ 76.844968543722175, 12.156425471429404 ], [ 76.844954789837502, 12.156417904489318 ], [ 76.844934751102215, 12.156406884116679 ], [ 76.844446930948507, 12.156290930403438 ], [ 76.844421301834828, 12.156284838283552 ], [ 76.844318928739739, 12.156272205043381 ], [ 76.843617375795915, 12.156185631394351 ], [ 76.84346218453021, 12.156165875715443 ], [ 76.843404357408829, 12.156158474225952 ], [ 76.843397871750923, 12.156157475276968 ], [ 76.843322472370303, 12.156147939328998 ], [ 76.843318631507415, 12.156147447004713 ], [ 76.842768815014651, 12.156074392226653 ], [ 76.842639864741344, 12.156057258720351 ], [ 76.842633812225216, 12.156056454819689 ], [ 76.842489018008564, 12.15603721590505 ], [ 76.842333655593535, 12.156024882629007 ], [ 76.842206494716152, 12.15601558193414 ], [ 76.842166227425821, 12.156013043650219 ], [ 76.841033952771966, 12.156701102948782 ], [ 76.840875294061718, 12.156794746044151 ], [ 76.840939280645927, 12.15627467849758 ], [ 76.840962273479576, 12.156087729863561 ], [ 76.841001088897372, 12.155771710982634 ], [ 76.841083503787218, 12.155103810756627 ], [ 76.841113065224036, 12.154859286935583 ], [ 76.841139676388067, 12.15463208522101 ], [ 76.841146311141557, 12.154575434282068 ], [ 76.841147922625609, 12.154561287453935 ], [ 76.841161908170051, 12.153480020137952 ], [ 76.841020368196467, 12.153415320402949 ], [ 76.841116799843121, 12.152983038776037 ], [ 76.841148021649374, 12.152907517008005 ], [ 76.841149356494171, 12.152893888148801 ], [ 76.841187208669751, 12.152506229825011 ], [ 76.841269437511883, 12.152352941231445 ], [ 76.841301441103354, 12.152293189123078 ], [ 76.841404155002621, 12.151878650797212 ], [ 76.841397602217839, 12.151580447983344 ], [ 76.841397310722272, 12.151567186090105 ], [ 76.841371571338911, 12.150702549846104 ], [ 76.841358247283125, 12.150281878315417 ], [ 76.84135152792399, 12.150069744163087 ], [ 76.841353267000912, 12.150044494779644 ], [ 76.841354790311868, 12.150022336364511 ], [ 76.841369114931098, 12.149813991364431 ], [ 76.841381941259002, 12.149626900712008 ], [ 76.841381943766322, 12.149626864539311 ], [ 76.841391104543206, 12.149492946735101 ], [ 76.841399230651518, 12.149387050407219 ], [ 76.841409712954174, 12.149250258440278 ], [ 76.841416174029575, 12.149165817332532 ], [ 76.841458889686592, 12.148604362599384 ], [ 76.841463088565732, 12.148548722167103 ], [ 76.841469482439692, 12.148463994065931 ], [ 76.84149522380055, 12.148119810816366 ], [ 76.841583158297212, 12.148080865690599 ], [ 76.841586990027409, 12.148048920743282 ], [ 76.841571801735242, 12.14799647360041 ], [ 76.841429296252656, 12.147898337580227 ], [ 76.841421283609137, 12.14788633469173 ], [ 76.841389416842418, 12.147838599408274 ], [ 76.841355746497428, 12.147788161711135 ], [ 76.841357397411485, 12.147636786235447 ], [ 76.841358586404056, 12.147529660673136 ], [ 76.841371728436101, 12.14748920951385 ], [ 76.841388133463994, 12.147438712377012 ], [ 76.841405925763539, 12.147383948633841 ], [ 76.841393033510442, 12.147320968397924 ], [ 76.841394522792697, 12.147285173962871 ], [ 76.841397829532752, 12.147235794458476 ], [ 76.841330931836211, 12.146725504216787 ], [ 76.841120795301194, 12.145770272873802 ], [ 76.841062247671431, 12.14547875220045 ], [ 76.840928114367259, 12.145163339929612 ], [ 76.840846485423896, 12.145161632318816 ], [ 76.840436715302928, 12.145153061325235 ], [ 76.839638806907757, 12.145136038522233 ], [ 76.839428619680803, 12.145131361712028 ], [ 76.839247169683787, 12.145127227683906 ], [ 76.839217382311361, 12.145126539865947 ], [ 76.839214058925123, 12.145126463432021 ], [ 76.838930400966845, 12.144769541349127 ], [ 76.838917672979292, 12.144753525638258 ], [ 76.838745869198164, 12.144373165597756 ], [ 76.838437251356552, 12.143626687599374 ], [ 76.838349236551451, 12.143399857746655 ], [ 76.838343237166086, 12.143384396581707 ], [ 76.838320218837481, 12.143326151984681 ], [ 76.838229841742603, 12.143327777377666 ], [ 76.83799986191876, 12.143331914548464 ], [ 76.837998907535152, 12.143331931734238 ], [ 76.837921966665391, 12.143333517498959 ], [ 76.837948753538527, 12.143025022974811 ], [ 76.837968789601703, 12.142631569391659 ], [ 76.837968790942909, 12.142631497070553 ], [ 76.837953297894913, 12.142207569353808 ], [ 76.837948063942349, 12.142064367198342 ], [ 76.837781068641576, 12.141745923099194 ], [ 76.837753438435499, 12.141693234593646 ], [ 76.837550566226142, 12.141371201381036 ], [ 76.837525764160333, 12.141331832052458 ], [ 76.837510022940691, 12.141285501266983 ], [ 76.837452827655724, 12.141116968666868 ], [ 76.837366910987171, 12.141021673811855 ], [ 76.836856586143199, 12.140452844333026 ], [ 76.836809531852367, 12.140400394864622 ], [ 76.836648750454415, 12.140236929698316 ], [ 76.836648506240905, 12.140236683649292 ], [ 76.836602319122704, 12.140189711457253 ], [ 76.836577084860934, 12.14016404804782 ], [ 76.836541996319283, 12.140128362458006 ], [ 76.836488055907679, 12.1400905322401 ], [ 76.836321907704203, 12.139973935478771 ], [ 76.836319808843513, 12.139973842742284 ], [ 76.835899241909289, 12.139955543542916 ], [ 76.835811842529679, 12.139951705837019 ], [ 76.835630766564435, 12.139720734528305 ], [ 76.835453447916677, 12.139495213990253 ], [ 76.835402618435907, 12.139430568469976 ], [ 76.835384942370467, 12.139437662001335 ], [ 76.835329831506229, 12.139459739178845 ], [ 76.835090147993967, 12.139211786557533 ], [ 76.835031190610664, 12.139150399170081 ], [ 76.834729571128065, 12.138836083504376 ], [ 76.8346444962433, 12.138747426576181 ], [ 76.834443046181647, 12.138454832691401 ], [ 76.834214567183437, 12.138121333410409 ], [ 76.834141055051646, 12.138013498348245 ], [ 76.834085210628757, 12.137931579565409 ], [ 76.833879873272281, 12.137679544636933 ], [ 76.833552119983295, 12.137130984377075 ], [ 76.833482670794794, 12.137135168395371 ], [ 76.833339746041077, 12.136912668653222 ], [ 76.833257276308018, 12.136755190446721 ], [ 76.832963736586805, 12.136482101807967 ], [ 76.83240532272103, 12.135684616034043 ], [ 76.832343144906375, 12.135655730120783 ], [ 76.831478707266172, 12.135781028744308 ], [ 76.831088260681213, 12.135554018923278 ], [ 76.831098335254268, 12.134893873052757 ], [ 76.831181422202732, 12.134247594781135 ], [ 76.831264737646407, 12.133634796588575 ], [ 76.831375324653948, 12.132744393906215 ], [ 76.83158551297754, 12.132202505187417 ], [ 76.831863929345204, 12.131853027066365 ], [ 76.831867796062298, 12.131846328858627 ], [ 76.831896993987968, 12.13179576287529 ], [ 76.831905221336712, 12.131781514424869 ], [ 76.83206664683938, 12.131501956025007 ], [ 76.832388925114955, 12.13092624081774 ], [ 76.832391236656193, 12.130922110947163 ], [ 76.832816491051034, 12.130156014247337 ], [ 76.832840809332851, 12.130109412483753 ], [ 76.832881453739205, 12.130031525184094 ], [ 76.832987435509295, 12.129828743184031 ], [ 76.833014489846519, 12.129761639000781 ], [ 76.832988626078844, 12.129752667134094 ], [ 76.832876807282531, 12.129713877399636 ], [ 76.832883517496029, 12.129697288817544 ], [ 76.833013781149617, 12.129375260220545 ], [ 76.833124619234496, 12.129146914360582 ], [ 76.833236831007028, 12.129055469433418 ], [ 76.833260307214729, 12.129030304824539 ], [ 76.833344325219542, 12.128940320941252 ], [ 76.833456862816575, 12.128858265366633 ], [ 76.833541155589813, 12.128776376804824 ], [ 76.833642551945246, 12.128693780251812 ], [ 76.833759212557041, 12.12858249391949 ], [ 76.833768558464968, 12.128568896077081 ], [ 76.833863000387794, 12.128431568837151 ], [ 76.834000942181191, 12.128163296839922 ], [ 76.834038852633029, 12.128097566087604 ], [ 76.83407410211943, 12.12803644749758 ], [ 76.834314068261634, 12.127620376795514 ], [ 76.834185923443201, 12.127497991248438 ], [ 76.83420673098928, 12.12746518998563 ], [ 76.834401740426472, 12.127157293443627 ], [ 76.83443314427214, 12.127107710619736 ], [ 76.834592218063122, 12.127176512071912 ], [ 76.834629578584938, 12.127192670568107 ], [ 76.834675585932729, 12.127212569107179 ], [ 76.835265031999299, 12.12666539969192 ], [ 76.83526513788631, 12.12666530136887 ], [ 76.835664014696832, 12.126282719134457 ], [ 76.835758839265509, 12.126200488241986 ], [ 76.83583640942409, 12.126133158613214 ], [ 76.835875289392376, 12.126099401417589 ], [ 76.835916026696452, 12.126051937760019 ], [ 76.835957042639066, 12.126004117017711 ], [ 76.836063583064345, 12.125842559509572 ], [ 76.836251213213771, 12.125530828712 ], [ 76.836255571681065, 12.125523931965933 ], [ 76.836269692217272, 12.125501595119442 ], [ 76.836315701483159, 12.125428792592571 ], [ 76.836370210455925, 12.125342540586091 ], [ 76.836419114552314, 12.125256365488221 ], [ 76.836434959585773, 12.125228433792216 ], [ 76.8364783384757, 12.125176791904307 ], [ 76.836598649770465, 12.125142139736017 ], [ 76.836773639417075, 12.125087476946394 ], [ 76.836844457578223, 12.125042073571484 ], [ 76.836877200140961, 12.125021081209765 ], [ 76.836963954767498, 12.124922876379344 ], [ 76.837159860636746, 12.124726224181464 ], [ 76.837214854613194, 12.124702547920938 ], [ 76.8373628290325, 12.124638852226054 ], [ 76.837532170299923, 12.12451453639474 ], [ 76.8375946238382, 12.124470550509521 ], [ 76.837786338012236, 12.124335432793123 ], [ 76.837806844237548, 12.124320967222976 ], [ 76.837939902563676, 12.124248782193041 ], [ 76.837981579119685, 12.124226152259606 ], [ 76.838017508142869, 12.124206636423262 ], [ 76.838150244957973, 12.124112343056254 ], [ 76.838172587152897, 12.124087241708962 ], [ 76.838213056244939, 12.124041761844397 ], [ 76.838239083021449, 12.124012512446653 ], [ 76.838355010115862, 12.123810551768422 ], [ 76.83837513074873, 12.123761802762978 ], [ 76.838397545275583, 12.123707308697222 ], [ 76.838447169765075, 12.123510410362194 ], [ 76.838393735774616, 12.123505097329659 ], [ 76.838226007894093, 12.12348836679098 ], [ 76.838246041339119, 12.123446869486045 ], [ 76.838286299592255, 12.123363383689156 ], [ 76.83828840271336, 12.123359021964058 ], [ 76.838290671584787, 12.123354316560174 ], [ 76.838452003917681, 12.123358423096226 ], [ 76.838520614512561, 12.123360169881542 ], [ 76.838574157737938, 12.12336145347145 ], [ 76.83860324737006, 12.123362150841515 ], [ 76.838692629404605, 12.123364293995348 ], [ 76.838696827141064, 12.123364386365939 ], [ 76.838743671793324, 12.123365386245432 ], [ 76.838766010929419, 12.123365863539743 ], [ 76.838801868739608, 12.1233622567936 ], [ 76.839063816354439, 12.123333206424382 ], [ 76.839097937326414, 12.123328430668355 ], [ 76.839212596697848, 12.123312365826305 ], [ 76.839327904327916, 12.123289562559226 ], [ 76.839397458482694, 12.123275791892084 ], [ 76.839461249190478, 12.123265756422889 ], [ 76.839499206303984, 12.123259785509047 ], [ 76.8395265704726, 12.123255480285783 ], [ 76.839582490784807, 12.123246682043311 ], [ 76.839723155830015, 12.123201420973865 ], [ 76.839754781543022, 12.123191242806493 ], [ 76.839827912300777, 12.123177015326974 ], [ 76.839978449162615, 12.123147651529179 ], [ 76.839985816609044, 12.123146214224239 ], [ 76.839986400957898, 12.123146097357074 ], [ 76.84002756897074, 12.123138044160243 ], [ 76.840058904539234, 12.123130166511382 ], [ 76.840346975125911, 12.123057488239779 ], [ 76.840491407753092, 12.123029603724408 ], [ 76.840609012700497, 12.123002141352817 ], [ 76.840673120961739, 12.122993693474763 ], [ 76.840699919836965, 12.122990149366109 ], [ 76.840768252251593, 12.122972255654727 ], [ 76.840809172186937, 12.122931661704559 ], [ 76.840871329847218, 12.122869994124683 ], [ 76.840932230961741, 12.122809550629034 ], [ 76.841667058124656, 12.122078042960471 ], [ 76.841704775332559, 12.122040495552666 ], [ 76.841869322246239, 12.121952184700586 ], [ 76.842116036865463, 12.121819868112725 ], [ 76.842550224799425, 12.121566842875156 ], [ 76.842825871339045, 12.121383502532066 ], [ 76.843023979016095, 12.121251551789781 ], [ 76.843204228648631, 12.121173054372736 ], [ 76.84329556234961, 12.12113327919948 ], [ 76.843439331901337, 12.121038364423136 ], [ 76.84345957664479, 12.12102697351088 ], [ 76.843514292572621, 12.12099619336003 ], [ 76.843626739461726, 12.120932930818739 ], [ 76.84363489261068, 12.12092834172222 ], [ 76.843875617145358, 12.120734273875685 ], [ 76.844240444633471, 12.120440822532364 ], [ 76.844631124716656, 12.120260678102104 ], [ 76.844734976145787, 12.120114468990904 ], [ 76.844993076464988, 12.119759947254472 ], [ 76.845067684437552, 12.11965746633865 ], [ 76.845096862594318, 12.11961765599634 ], [ 76.845181000271353, 12.119502930673708 ], [ 76.845233262518704, 12.119431717035161 ], [ 76.845388519034316, 12.119220257435694 ], [ 76.845424437528877, 12.11917133698879 ], [ 76.845422545585251, 12.119128226302074 ], [ 76.845374468316251, 12.118615040477232 ], [ 76.845370428714375, 12.118571925099484 ], [ 76.845364386580201, 12.118507425014206 ], [ 76.845253762135641, 12.117184109677181 ], [ 76.845204293745425, 12.11664448930928 ], [ 76.845187868322242, 12.116463452396076 ], [ 76.845189768003266, 12.115576921982724 ], [ 76.845189882670951, 12.115514069387498 ], [ 76.845271862487124, 12.114795246456474 ], [ 76.845339920257771, 12.114196331814705 ], [ 76.845338394549728, 12.114185374938424 ], [ 76.845333660936603, 12.114151386321495 ], [ 76.845244093662203, 12.113508265671408 ], [ 76.845237054422384, 12.113457823313903 ], [ 76.845227188284596, 12.113387123458768 ], [ 76.845228292205064, 12.113297380456503 ], [ 76.845228802076562, 12.113255942250577 ], [ 76.845352809309347, 12.113433192939496 ], [ 76.845386514636729, 12.113481370769614 ], [ 76.845573944134401, 12.113749449928807 ], [ 76.845852393730951, 12.114148182168176 ], [ 76.845886845727037, 12.11419751645311 ], [ 76.84598096578371, 12.11433245339798 ], [ 76.846002688648213, 12.114351104518482 ], [ 76.846046343216059, 12.114388586143059 ], [ 76.846170682915684, 12.114495380486252 ], [ 76.846334484189754, 12.114636197896393 ], [ 76.846512989465083, 12.114789878310141 ], [ 76.846667873235774, 12.115059948374888 ], [ 76.846714018983604, 12.115140412703823 ], [ 76.846785886005279, 12.115266199025433 ], [ 76.846797645854778, 12.115286809176558 ], [ 76.846927738388999, 12.115470800299997 ], [ 76.846938041207494, 12.115485372151472 ], [ 76.847472464817372, 12.116256860274513 ], [ 76.84748508643824, 12.116334751085329 ], [ 76.847604788653669, 12.117073476248811 ], [ 76.847604813972367, 12.117073684880893 ], [ 76.847633006442436, 12.117365005515119 ], [ 76.847660648220057, 12.117650637043461 ], [ 76.847667778229365, 12.117724315185159 ], [ 76.847688056899457, 12.117725261117814 ], [ 76.847710398447703, 12.11772630357804 ], [ 76.84832995506504, 12.117755210879839 ], [ 76.848482930417163, 12.11776234787777 ], [ 76.848589110798315, 12.117767257724516 ], [ 76.848634368972881, 12.117769350412289 ], [ 76.848649830812747, 12.117770059930175 ], [ 76.848683101858853, 12.117768467791477 ], [ 76.848975479675246, 12.117754476510756 ], [ 76.849502038336055, 12.117729277467342 ], [ 76.849532758381145, 12.117727807096047 ], [ 76.850130816567258, 12.117699185935766 ], [ 76.850130525384685, 12.117691855455833 ], [ 76.8501296115884, 12.117668822089863 ], [ 76.850128439911742, 12.117641424615819 ], [ 76.850108958573557, 12.117186039571832 ], [ 76.850108076275788, 12.117166242854264 ], [ 76.850116596449823, 12.117136168446656 ], [ 76.850135741493176, 12.117068589102596 ], [ 76.85015271632497, 12.117008532017849 ], [ 76.850157033106655, 12.116993258066204 ], [ 76.850180728024213, 12.117000755080925 ], [ 76.851029800239658, 12.11726941424296 ], [ 76.851243730301022, 12.117245399458373 ], [ 76.851530298173728, 12.117202269260847 ], [ 76.851569357884955, 12.11719640427787 ], [ 76.851997422800025, 12.117122455828898 ], [ 76.852099879038917, 12.117079847841579 ], [ 76.852105344618209, 12.117062010883757 ], [ 76.852137468800606, 12.116957171999402 ], [ 76.852174951370984, 12.116851718828599 ], [ 76.8521773227301, 12.116850062415397 ], [ 76.852213515628847, 12.116824776378875 ], [ 76.85224991237439, 12.116799347065017 ], [ 76.852273504344367, 12.116782864186431 ], [ 76.852286732285947, 12.116773609403301 ], [ 76.852440819088713, 12.116716812335531 ], [ 76.852649466221351, 12.116639886058094 ], [ 76.852758955490813, 12.116585802906108 ], [ 76.852904864981625, 12.116553110233019 ], [ 76.853141735125789, 12.116550603591923 ], [ 76.85318202735094, 12.116550187892189 ], [ 76.854107643244376, 12.116406007135557 ], [ 76.854132594039626, 12.116402090041275 ], [ 76.85422803449012, 12.116392879326193 ], [ 76.854278717886828, 12.116387987492999 ], [ 76.854305533333061, 12.116385393873959 ], [ 76.85431555012272, 12.116384426611395 ], [ 76.854325591675135, 12.116383453759521 ], [ 76.854544628012661, 12.116370929805692 ], [ 76.855348924685686, 12.116324652905657 ], [ 76.855418160268812, 12.116320668990543 ], [ 76.855420354914017, 12.116362834607688 ], [ 76.855420896207477, 12.116373240250876 ], [ 76.855611147903844, 12.116403505953242 ], [ 76.856616118916335, 12.116408238802483 ], [ 76.856668975273763, 12.116408487807504 ], [ 76.857351187814388, 12.116325258678197 ], [ 76.857864412034303, 12.116320355470929 ], [ 76.85861526281991, 12.116243893696566 ], [ 76.858908908677336, 12.116229298907747 ], [ 76.858961541180037, 12.116226682731693 ], [ 76.859626700556007, 12.116193621927556 ], [ 76.860535161895839, 12.116143321549497 ], [ 76.860560179634888, 12.116141936152706 ], [ 76.860625935905261, 12.11613829517866 ], [ 76.860606464740172, 12.116039364522019 ], [ 76.860594955257739, 12.115979338252105 ], [ 76.860679709379895, 12.116252226273962 ], [ 76.861972105362085, 12.116218217155167 ], [ 76.862039888883146, 12.116216433291395 ], [ 76.862124724139761, 12.116239733630046 ], [ 76.86285243864242, 12.116439603859501 ], [ 76.862944079716328, 12.11657081006827 ], [ 76.863865023720066, 12.116733194579261 ], [ 76.864032011829821, 12.116759716727362 ], [ 76.864515157486551, 12.116836452050663 ], [ 76.8646824629229, 12.116863024080212 ], [ 76.864782916834216, 12.11695521525801 ], [ 76.864872219771883, 12.116961632490911 ], [ 76.864956430547736, 12.116980008077466 ], [ 76.865012828967011, 12.116992314869085 ], [ 76.865046278874289, 12.116999613878136 ], [ 76.865182806212147, 12.117029405265459 ], [ 76.865240271807309, 12.11704194526447 ], [ 76.865256701903533, 12.117046652483285 ], [ 76.866025306107275, 12.117266977536667 ], [ 76.86638656604508, 12.11737836856846 ], [ 76.866463281411527, 12.117402023122462 ], [ 76.866494474938122, 12.117411637533676 ], [ 76.86652621589468, 12.117436176913026 ], [ 76.866706308006584, 12.117575410152789 ], [ 76.866745588915222, 12.117605802952479 ], [ 76.866747622537432, 12.117607374685091 ], [ 76.867380674280312, 12.117886966016034 ], [ 76.867451439445674, 12.117890827179544 ], [ 76.867705567876754, 12.117904692205046 ], [ 76.867721526847717, 12.11790346116841 ], [ 76.868084579354218, 12.117875455162652 ], [ 76.868419429111015, 12.117756944258069 ], [ 76.868456720266224, 12.117743734803947 ], [ 76.868778154146824, 12.117629875845395 ], [ 76.870023105142138, 12.117185040448552 ], [ 76.870295512667596, 12.117107853199171 ], [ 76.870298070421811, 12.117107128202129 ], [ 76.870793205389504, 12.116966768495814 ], [ 76.870802540720604, 12.116964122199041 ], [ 76.870819069672649, 12.116945570450396 ], [ 76.871059650187803, 12.116675544738476 ], [ 76.871065330264017, 12.116669169249644 ], [ 76.871127616685101, 12.116645353616159 ], [ 76.871144311230807, 12.116638970690444 ], [ 76.871869128886175, 12.116361142547859 ], [ 76.872065227285006, 12.116312069062111 ], [ 76.872430125801728, 12.116220753221173 ], [ 76.872481201594212, 12.116207971747002 ], [ 76.872562693055059, 12.116187578420623 ], [ 76.87293947425637, 12.116149417081431 ], [ 76.8732105049788, 12.116042682112914 ], [ 76.873930257762495, 12.11575760429896 ], [ 76.874184755181133, 12.115641242630655 ], [ 76.874218299617283, 12.115625905645986 ], [ 76.874503060968777, 12.115574474179965 ], [ 76.874612474222005, 12.115554712291875 ], [ 76.875249785413772, 12.115438600843024 ], [ 76.875770570349289, 12.115356438878662 ], [ 76.875847246171446, 12.115344342364429 ], [ 76.87587612051496, 12.115339922288779 ], [ 76.876396881947969, 12.115357800562338 ], [ 76.876459717269597, 12.115359957806632 ], [ 76.876650973691326, 12.115367786555074 ], [ 76.876708770333565, 12.115370152289088 ], [ 76.876697374488813, 12.115293627788825 ], [ 76.876599213217858, 12.114579681603884 ], [ 76.876460403013382, 12.113598450063213 ], [ 76.87645343907765, 12.113549224536929 ], [ 76.876453249432245, 12.113547849201389 ], [ 76.877243085260616, 12.113360585789259 ], [ 76.877216178038353, 12.113219033186585 ], [ 76.877144764747612, 12.112843335489295 ], [ 76.877136497182192, 12.112801057946589 ], [ 76.876915693589808, 12.111773651497959 ], [ 76.87688638317448, 12.111577963250157 ], [ 76.876872742028965, 12.11148622705006 ], [ 76.876850895817128, 12.111339315306601 ], [ 76.876807845190513, 12.111047541991377 ], [ 76.876740284455039, 12.110584732096937 ], [ 76.876816402058253, 12.110306760276341 ], [ 76.876939629504278, 12.109860872992233 ], [ 76.877030549209863, 12.109095015275964 ], [ 76.877041339754911, 12.109005416877423 ], [ 76.877105467731823, 12.108476924648453 ], [ 76.876959419807847, 12.107595392494472 ], [ 76.876949701398644, 12.106874174175303 ], [ 76.877061829004163, 12.106938600418395 ], [ 76.877110205902454, 12.106857434126368 ], [ 76.877189116011763, 12.106725044147302 ], [ 76.877263054424475, 12.106600990885456 ], [ 76.877282974040085, 12.106112036316507 ], [ 76.8773322076499, 12.10494903810978 ], [ 76.877547980109597, 12.104944234156703 ], [ 76.877579874032335, 12.104943453469994 ], [ 76.87786176175598, 12.104936552410035 ], [ 76.877854958442839, 12.104897533393551 ], [ 76.877849256461914, 12.104864827799606 ], [ 76.877831201359868, 12.104761272428121 ], [ 76.877818392756652, 12.104687807173102 ], [ 76.878133421291679, 12.104319540391193 ], [ 76.87832911802488, 12.104090771346737 ], [ 76.878407672668757, 12.104100381340974 ], [ 76.878534504203856, 12.104115966473126 ], [ 76.879003071409144, 12.104173543184132 ], [ 76.879677122706454, 12.104256367797097 ], [ 76.87968025224491, 12.104230644629862 ], [ 76.879680808124448, 12.10422607262994 ], [ 76.879697561172108, 12.104088448420155 ], [ 76.879606325593642, 12.103508644522719 ], [ 76.879458778362064, 12.102569405832755 ], [ 76.879520614234806, 12.102483180433799 ], [ 76.87976277853879, 12.102145732007209 ], [ 76.879735183818767, 12.102098198237988 ], [ 76.879694746951699, 12.102028531208175 ], [ 76.87961349226552, 12.101888563365073 ], [ 76.879519369783935, 12.101726456062433 ], [ 76.879458548796848, 12.101621745957219 ], [ 76.879400209107004, 12.101521421859571 ], [ 76.879350736812967, 12.101436347727285 ], [ 76.879229369271485, 12.101227638689151 ], [ 76.879175238446322, 12.10113455236411 ], [ 76.879022926938788, 12.100873312718347 ], [ 76.878970386115981, 12.100783236355856 ], [ 76.878958224526599, 12.100762391901048 ], [ 76.878862656531837, 12.100589676992973 ], [ 76.87848031097657, 12.099900976719812 ], [ 76.87885181096371, 12.09964775047567 ], [ 76.878908153141239, 12.099609399688916 ], [ 76.878940055326936, 12.09958768126997 ], [ 76.879138961775851, 12.099452419113534 ], [ 76.879407204179074, 12.099270406798661 ], [ 76.879703776239495, 12.099069703578401 ], [ 76.879718498209726, 12.099059749759073 ], [ 76.879748487102589, 12.099039488625726 ], [ 76.879750762772773, 12.099036412664308 ], [ 76.879845359758818, 12.098472552249161 ], [ 76.879858131137681, 12.098396423721386 ], [ 76.879859415001619, 12.098388774486885 ], [ 76.879929427472689, 12.098393880199515 ], [ 76.879929893805794, 12.098393973758201 ], [ 76.880330177695939, 12.098413436775495 ], [ 76.880528510492411, 12.098423080436799 ], [ 76.880617216217601, 12.098427393215749 ], [ 76.880871686782328, 12.098108860763357 ], [ 76.880932895434427, 12.097826245179123 ], [ 76.881239650898223, 12.096862771010359 ], [ 76.881351576850435, 12.096187599977155 ], [ 76.881390048948404, 12.09543400652114 ], [ 76.881476176853525, 12.095239708846226 ], [ 76.881480054340528, 12.094751809851681 ], [ 76.881499366126747, 12.094385774713293 ], [ 76.881698872988679, 12.093724359630311 ], [ 76.881579471582285, 12.09333056573397 ], [ 76.88151723736857, 12.092771368609213 ], [ 76.881520513407665, 12.092197378584498 ], [ 76.881574067932632, 12.091515428788435 ], [ 76.881580121944722, 12.09120693704279 ], [ 76.88197800001106, 12.091214138012992 ], [ 76.881978680863227, 12.090902146716347 ], [ 76.882144705544789, 12.090838816769825 ], [ 76.882152015713302, 12.090833964911411 ], [ 76.882206428498094, 12.090258505085428 ], [ 76.882219400255806, 12.090042384244661 ], [ 76.882221844249614, 12.090001667567309 ], [ 76.882199634114215, 12.089612861032467 ], [ 76.882176704987415, 12.089211449249969 ], [ 76.882115807762162, 12.088145334510068 ], [ 76.882099436023452, 12.087858710492966 ], [ 76.882083198330065, 12.087574432042272 ], [ 76.882132133574757, 12.087245207651391 ], [ 76.882146745662197, 12.087178392046294 ], [ 76.882312195367248, 12.087106707986038 ], [ 76.882540516777581, 12.087007782443298 ], [ 76.882520844268058, 12.086842430658415 ], [ 76.882508589990834, 12.086739435540942 ], [ 76.882464647128529, 12.086370086755146 ], [ 76.883271073434685, 12.084584118714385 ], [ 76.883276992987973, 12.084571008440351 ], [ 76.88328641724209, 12.084550136267142 ], [ 76.883291377084504, 12.084539005674751 ], [ 76.883877008483609, 12.083178670552655 ], [ 76.883844891090675, 12.083155656547341 ], [ 76.883434091850205, 12.082861290490845 ], [ 76.8834243931488, 12.082854341145259 ], [ 76.883026366922095, 12.082505241658884 ], [ 76.882912328884885, 12.082405220881922 ], [ 76.882713849505919, 12.082231138072871 ], [ 76.88216074935923, 12.081751862824682 ], [ 76.882093519746888, 12.081681201118919 ], [ 76.881944852704422, 12.081524944904276 ], [ 76.880716166063365, 12.080713178875582 ], [ 76.880292762758074, 12.079553545111507 ], [ 76.879581518730774, 12.079930507687664 ], [ 76.879485958016716, 12.07998115566936 ], [ 76.87941683009025, 12.079912979009066 ], [ 76.879003793570462, 12.079505626072219 ], [ 76.878657950202609, 12.079164538860283 ], [ 76.878228813488775, 12.078741302512828 ], [ 76.877943782876343, 12.078506998146072 ], [ 76.877856113006274, 12.078434930210113 ], [ 76.876919362109206, 12.07766488793361 ], [ 76.876909273229515, 12.077656593243768 ], [ 76.876345612687601, 12.077159203869503 ], [ 76.876315777974014, 12.077132891374214 ], [ 76.876273400042336, 12.077077662229984 ], [ 76.876273310134394, 12.077077544427095 ], [ 76.876270220635504, 12.077073337781872 ], [ 76.876269167135234, 12.077072141812982 ], [ 76.876269118045386, 12.07707208248749 ], [ 76.875964421643388, 12.076725244854124 ], [ 76.87578433928482, 12.07656352708038 ], [ 76.873864064372498, 12.074839065886495 ], [ 76.873366516217686, 12.07355486364972 ], [ 76.8723160311513, 12.070843448110301 ], [ 76.872169755755195, 12.070351206219172 ], [ 76.872091085079745, 12.070086463414526 ], [ 76.871039770661966, 12.066548517884458 ], [ 76.870642830934429, 12.065373346943248 ], [ 76.870514167059213, 12.064652481892537 ], [ 76.870326632385158, 12.063601774299061 ], [ 76.87028257110056, 12.063354905528248 ], [ 76.868978867997825, 12.063411449869156 ], [ 76.867999152486277, 12.063453937669081 ], [ 76.867618546229551, 12.063376391381519 ], [ 76.867439113346009, 12.063339832882072 ], [ 76.866304091253681, 12.063266803658854 ], [ 76.865131869396066, 12.063083732926831 ], [ 76.865127930552376, 12.06308335074969 ], [ 76.86498145996805, 12.063069138236381 ], [ 76.864662048794287, 12.063038145101105 ], [ 76.861361744643432, 12.062717885260399 ], [ 76.861272273392345, 12.062716521858377 ], [ 76.859148559047071, 12.062684144699102 ], [ 76.857149818192994, 12.062653658407035 ], [ 76.85579256678983, 12.062632947945287 ], [ 76.854940203259844, 12.062693651097296 ], [ 76.854614249243539, 12.062716864081162 ], [ 76.854369523645062, 12.062734291349605 ], [ 76.854211565223196, 12.062744179726151 ], [ 76.853617712724954, 12.061163103395755 ], [ 76.853424640815092, 12.060670773091029 ], [ 76.853426072301986, 12.060670332404339 ], [ 76.853421847751832, 12.060663649964194 ], [ 76.853359593477862, 12.060565679246126 ], [ 76.853359502120668, 12.06056548189995 ], [ 76.853355972189334, 12.060557909917714 ], [ 76.85335536053914, 12.060556973027991 ], [ 76.853208484990503, 12.060332157929064 ], [ 76.85318023463833, 12.060276268839621 ], [ 76.853503572595244, 12.060268727271817 ], [ 76.853681074304319, 12.060264535059146 ], [ 76.853856251785388, 12.060260374474707 ], [ 76.854666119901779, 12.060265054793335 ], [ 76.856362745202105, 12.060260866169832 ], [ 76.858344014035865, 12.060278785576502 ], [ 76.85873162086574, 12.060282289520648 ], [ 76.858726378624098, 12.06019242194813 ], [ 76.858761757840298, 12.060195428116971 ], [ 76.858994002200021, 12.06023170075157 ], [ 76.859159092295116, 12.060257491537309 ], [ 76.859353664059284, 12.060287924869179 ], [ 76.859699333789806, 12.060342313917046 ], [ 76.85985483706078, 12.06036678080214 ], [ 76.860306179095929, 12.060437794700885 ], [ 76.860480478743881, 12.060444261111337 ], [ 76.861159324484674, 12.060472005468068 ], [ 76.861303457818892, 12.060477896496458 ], [ 76.861307663838247, 12.060477740937849 ], [ 76.862575540757604, 12.060455202796366 ], [ 76.86259721147762, 12.060455034368152 ], [ 76.862774895252272, 12.060453792681782 ], [ 76.863016960477395, 12.060452613754181 ], [ 76.863150658916013, 12.060451962530394 ], [ 76.863265054613763, 12.060451405128813 ], [ 76.863281355320026, 12.060450003504171 ], [ 76.863614305514048, 12.060421651427765 ], [ 76.864085564713648, 12.060344608762989 ], [ 76.864172160750073, 12.060330451754089 ], [ 76.864233902756737, 12.060323340626566 ], [ 76.864769817823301, 12.060262098922918 ], [ 76.86483965384663, 12.060254118159255 ], [ 76.865414652776579, 12.060289585159619 ], [ 76.86549738133786, 12.060294680391232 ], [ 76.865551797166489, 12.060298031815176 ], [ 76.86630878049246, 12.060255300477614 ], [ 76.866337568590268, 12.060253675800297 ], [ 76.866413789041189, 12.060242374346124 ], [ 76.866822046352311, 12.060181984221563 ], [ 76.866834463848434, 12.060180147435871 ], [ 76.867067159430079, 12.060132576726796 ], [ 76.867379194927466, 12.060068925118175 ], [ 76.867379680673636, 12.060068781757897 ], [ 76.867395022068393, 12.060064263378145 ], [ 76.867531235621428, 12.06002423498094 ], [ 76.867863901976861, 12.059926476216393 ], [ 76.867886931347044, 12.059920009885136 ], [ 76.868424842937131, 12.05976896699171 ], [ 76.868421594392331, 12.05972516533755 ], [ 76.868421141643722, 12.059719066192763 ], [ 76.868416136638473, 12.059651713636949 ], [ 76.868410521565082, 12.059609917325645 ], [ 76.868241948113109, 12.058355046048961 ], [ 76.868233247786847, 12.058291285020745 ], [ 76.868297794715801, 12.058281919834686 ], [ 76.868318314257195, 12.058278934040535 ], [ 76.868369061729396, 12.058271550529945 ], [ 76.86961189378826, 12.05808715872111 ], [ 76.869656744001176, 12.058042614867894 ], [ 76.869692591875165, 12.058007012176873 ], [ 76.869856230172203, 12.057844410811905 ], [ 76.870013031263497, 12.057688467247479 ], [ 76.870228799031068, 12.057005976539036 ], [ 76.870547865888724, 12.055999117469788 ], [ 76.870614250049897, 12.056014705001557 ], [ 76.870684258047234, 12.056031483015403 ], [ 76.870887657971608, 12.056080229900637 ], [ 76.871649052683054, 12.056262702382844 ], [ 76.872629484706593, 12.056526774354838 ], [ 76.872629672369342, 12.056526820095756 ], [ 76.873740570899301, 12.056829126738116 ], [ 76.873931972459943, 12.056880265890612 ], [ 76.874141800610914, 12.056936113137892 ], [ 76.874904001273947, 12.057131392305429 ], [ 76.875064861141325, 12.057172604462986 ], [ 76.875912304412367, 12.057389719749715 ], [ 76.875920208020887, 12.057391729203164 ], [ 76.877414984965469, 12.057769492805955 ], [ 76.877419148356694, 12.057770086622083 ], [ 76.878759379692028, 12.05796169050603 ], [ 76.879881701671593, 12.058121313581877 ], [ 76.880330416727844, 12.058184959377961 ], [ 76.881251961729561, 12.058313863790911 ], [ 76.881996388597869, 12.058220416116617 ], [ 76.882271904673459, 12.058185723557116 ], [ 76.882803593530468, 12.058118773303125 ], [ 76.883235621906209, 12.058064372013268 ], [ 76.883594583802264, 12.058015935374865 ], [ 76.883894345537612, 12.057975423513753 ], [ 76.884897245074086, 12.057839884310379 ], [ 76.884945155697608, 12.057826718621845 ], [ 76.884947668240784, 12.05785234394255 ], [ 76.885134594912529, 12.057803623229153 ], [ 76.885169232006561, 12.057794595831982 ], [ 76.885310214152483, 12.057757850570567 ], [ 76.885820359433254, 12.057691272875861 ], [ 76.886378963325157, 12.057615245038987 ], [ 76.88642665586481, 12.057608738601846 ], [ 76.886811002159376, 12.057556236663686 ], [ 76.886978201362496, 12.05753332323914 ], [ 76.88737450162867, 12.057478597373484 ], [ 76.887407616610531, 12.057474000020024 ], [ 76.887605972719982, 12.05744636113679 ], [ 76.887604235808567, 12.057481767198006 ], [ 76.887600735603499, 12.057553008844064 ], [ 76.887662210295971, 12.057801657523779 ], [ 76.887657021884252, 12.057855002857503 ], [ 76.887603416814784, 12.058387810733825 ], [ 76.887547412349846, 12.05870168704857 ], [ 76.887536000058901, 12.058765646386021 ], [ 76.887615193165757, 12.058779715588599 ], [ 76.88761126587076, 12.058877330940073 ], [ 76.887613060465938, 12.058877216639624 ], [ 76.887613004960613, 12.058879521919893 ], [ 76.888473489175695, 12.058821115798001 ], [ 76.88848158866773, 12.058820396530223 ], [ 76.888506276338674, 12.058818211681935 ], [ 76.8886553724397, 12.058805014620315 ], [ 76.889188767572804, 12.058758439479195 ], [ 76.889417761252233, 12.058750814881353 ], [ 76.889459028199184, 12.058749440354191 ], [ 76.889869543650008, 12.058735769923883 ], [ 76.889989604646473, 12.058794939684233 ], [ 76.890628928847789, 12.058814523118011 ], [ 76.890669240000477, 12.058816066303844 ], [ 76.890670331367474, 12.058789379899663 ], [ 76.890697570301299, 12.058790225434286 ], [ 76.890739189186775, 12.058791898931714 ], [ 76.89073636422755, 12.058718492117579 ], [ 76.89070576300665, 12.057923348291721 ], [ 76.890697599324042, 12.057711210943932 ], [ 76.8906947080539, 12.057594512211525 ], [ 76.890692686096273, 12.057512757101561 ], [ 76.89069088446746, 12.057439903739038 ], [ 76.890701481678079, 12.056770648661018 ], [ 76.890709438400052, 12.056268209465218 ], [ 76.890711375922677, 12.056148233915499 ], [ 76.890720413685571, 12.055596765291714 ], [ 76.890721443045777, 12.055533954730127 ], [ 76.890722724372154, 12.055456902690711 ], [ 76.889402804773368, 12.055425468504929 ], [ 76.88935315983008, 12.055425078439612 ], [ 76.889298951363187, 12.055424652423353 ], [ 76.889311258251198, 12.055264738890283 ], [ 76.889339055188756, 12.054915941566332 ], [ 76.88934859123232, 12.054796278670832 ], [ 76.889350813170111, 12.054768398687424 ], [ 76.889358036817896, 12.054657919560947 ], [ 76.88934830249184, 12.054522406674518 ], [ 76.889346294358148, 12.054494370077675 ], [ 76.8893363422048, 12.054355416676719 ], [ 76.889241778369311, 12.054347793651644 ], [ 76.889237014514705, 12.054018912700982 ], [ 76.889236527192466, 12.053984448216411 ], [ 76.889235418461638, 12.053906070054285 ], [ 76.88922414154672, 12.053817545139836 ], [ 76.889199805175906, 12.053625787646981 ], [ 76.889176246751262, 12.053438631061116 ], [ 76.889137131157426, 12.053412811971521 ], [ 76.889066913714473, 12.053366463206586 ], [ 76.889010767557352, 12.053123054655481 ], [ 76.888987287386399, 12.053021071352894 ], [ 76.888982697608256, 12.052977378901099 ], [ 76.888967047049036, 12.052827726831243 ], [ 76.888908923007861, 12.052271920489629 ], [ 76.888910046138847, 12.052190934837162 ], [ 76.8889175051509, 12.051657136407179 ], [ 76.888908336459465, 12.051379110570176 ], [ 76.888923935889522, 12.051387729131344 ], [ 76.889083905467217, 12.051476111295646 ], [ 76.88908438548188, 12.05147344700843 ], [ 76.889097334464125, 12.051480601154115 ], [ 76.889252602117125, 12.051566467931682 ], [ 76.889403454413028, 12.051649959307392 ], [ 76.889411194735317, 12.051654243665814 ], [ 76.889529321230313, 12.051585111028968 ], [ 76.889677772246287, 12.051498171420908 ], [ 76.889769075233588, 12.051423433908695 ], [ 76.889922834772264, 12.05130261861491 ], [ 76.890065833551574, 12.051190257938696 ], [ 76.890066393054767, 12.051180059245331 ], [ 76.890098407197058, 12.050596414428965 ], [ 76.890098569273107, 12.050593461247139 ], [ 76.890098906441253, 12.050587315266165 ], [ 76.890099336412575, 12.050579471163099 ], [ 76.890096236786093, 12.050549653188325 ], [ 76.89009547470944, 12.050542326055155 ], [ 76.890084947050994, 12.050441055861143 ], [ 76.890019817257638, 12.049815484189919 ], [ 76.890017337609223, 12.049791712601602 ], [ 76.890042005661499, 12.04979275021255 ], [ 76.890039374680541, 12.049764545199134 ], [ 76.890037078059919, 12.049740157729357 ], [ 76.890259571579378, 12.049747644435076 ], [ 76.890273052606773, 12.049746197188911 ], [ 76.890391187394997, 12.049733493698771 ], [ 76.890408889535337, 12.049731590282208 ], [ 76.891906720067084, 12.049565855364623 ], [ 76.892048207850394, 12.049536666765441 ], [ 76.892182216528653, 12.049509020274483 ], [ 76.892948711545372, 12.049352509849179 ], [ 76.892995076631635, 12.049343042276005 ], [ 76.892967971360136, 12.049282388765112 ], [ 76.893032651638762, 12.049276738638788 ], [ 76.89302737617912, 12.049263945668942 ], [ 76.892879721915591, 12.048906078285336 ], [ 76.892742775487747, 12.048691914063705 ], [ 76.892799865302692, 12.048678477083161 ], [ 76.89280485456004, 12.048677298891306 ], [ 76.892842586621228, 12.048668388920198 ], [ 76.893126019777156, 12.048601457032133 ], [ 76.89339321497549, 12.048538192843708 ], [ 76.893383313803113, 12.048458185203454 ], [ 76.893380499480088, 12.048435440958691 ], [ 76.893408674950834, 12.0484286910241 ], [ 76.893446964365111, 12.048419518682945 ], [ 76.893931284949474, 12.048303548075712 ], [ 76.893996206052194, 12.048288018508082 ], [ 76.894033546768824, 12.048280545507458 ], [ 76.89440980392466, 12.048205245410919 ], [ 76.894912121721674, 12.048105909768598 ], [ 76.894952367084983, 12.04821048189179 ], [ 76.894991690536656, 12.048312704756848 ], [ 76.895029763779192, 12.048309122373798 ], [ 76.895141039610508, 12.048298672698962 ], [ 76.895194878367107, 12.048285245606635 ], [ 76.895526849651617, 12.048202452756604 ], [ 76.895556808897737, 12.048194989979105 ], [ 76.896934111570744, 12.047853356870668 ], [ 76.897605454986049, 12.047687426433608 ], [ 76.89772372741659, 12.047658219649051 ], [ 76.897850642756964, 12.047626884999969 ], [ 76.897941877226145, 12.047604359278751 ], [ 76.899387540899241, 12.047247723250607 ], [ 76.899627102284143, 12.047188650440782 ], [ 76.899662931564379, 12.047179815842727 ], [ 76.900088583234151, 12.047074857346082 ], [ 76.900702642124017, 12.046923440718029 ], [ 76.900669091482058, 12.046891720055868 ], [ 76.900373772639711, 12.046612229242969 ], [ 76.899233144346255, 12.045534403833729 ], [ 76.899227270602012, 12.045480295152473 ], [ 76.899186527489334, 12.045104952103268 ], [ 76.899147839255704, 12.044734503995969 ], [ 76.89908803571565, 12.044160655078544 ], [ 76.899078949044252, 12.044073380524132 ], [ 76.899067378934447, 12.043962278543331 ], [ 76.899031969585565, 12.043563737139335 ], [ 76.899080659730615, 12.043558757823822 ], [ 76.89907581891363, 12.043508003615321 ], [ 76.899071236661797, 12.043460066845292 ], [ 76.89906271152411, 12.043370887600076 ], [ 76.899232816897154, 12.043481932242305 ], [ 76.899314409364621, 12.043489694054569 ], [ 76.89944378314442, 12.043502056544236 ], [ 76.899509305788598, 12.043508317037915 ], [ 76.899562091456218, 12.043513384381626 ], [ 76.899563253529863, 12.043512138151705 ], [ 76.899603135096356, 12.043469385079396 ], [ 76.899688276414295, 12.0433780936161 ], [ 76.899735967011637, 12.043326958090145 ], [ 76.89979027089025, 12.043268726346968 ], [ 76.900104415564229, 12.04352299308071 ], [ 76.900273180239566, 12.043659568970886 ], [ 76.900508025532133, 12.043849580025833 ], [ 76.90053744272268, 12.043873377520701 ], [ 76.900609995669228, 12.043932070824798 ], [ 76.900571948651859, 12.043714215181149 ], [ 76.900517879716418, 12.043481420937566 ], [ 76.900508071837976, 12.043439194390382 ], [ 76.900552943498028, 12.043434853676738 ], [ 76.900606921264583, 12.043429631981811 ], [ 76.901016298079711, 12.043390067383562 ], [ 76.901676991594456, 12.04332858599439 ], [ 76.901683791648125, 12.043432444933481 ], [ 76.901686182702051, 12.043468816953631 ], [ 76.901709200911512, 12.043818995000992 ], [ 76.90174282576136, 12.044334997567301 ], [ 76.901747161099479, 12.044400880594795 ], [ 76.901763894659595, 12.044655162036603 ], [ 76.901764845914656, 12.044655537889398 ], [ 76.90176485214954, 12.044655640888958 ], [ 76.902168812594979, 12.044815913485007 ], [ 76.902821627710978, 12.045084762206587 ], [ 76.902893027428064, 12.045114166187259 ], [ 76.902921364308241, 12.044910372606862 ], [ 76.90293149551708, 12.044835476878657 ], [ 76.902937854242467, 12.04478846801319 ], [ 76.902966287457915, 12.044574628082596 ], [ 76.902966397256932, 12.044573789438926 ], [ 76.90302634852722, 12.044096875113548 ], [ 76.903028392883854, 12.044080609446098 ], [ 76.903150651541154, 12.044060075988329 ], [ 76.903227783092944, 12.044047122167727 ], [ 76.903229236320101, 12.043848003437324 ], [ 76.903230625821621, 12.043655087546036 ], [ 76.903232088669739, 12.043427475819321 ], [ 76.903232250893154, 12.043402270995632 ], [ 76.903232555306033, 12.043350060057259 ], [ 76.903232709350675, 12.04332356364851 ], [ 76.903991861667393, 12.043286868927355 ], [ 76.903992139803179, 12.043286853470283 ], [ 76.904711439043012, 12.043241789649217 ], [ 76.904754574528511, 12.043239087108528 ], [ 76.904788007877542, 12.04323699225057 ], [ 76.904793406036617, 12.043236658004885 ], [ 76.904789032191488, 12.043154466741132 ], [ 76.904756251179862, 12.042551531929194 ], [ 76.904752241076039, 12.042478725837144 ], [ 76.904751422906571, 12.042463879826999 ], [ 76.90547358905792, 12.042409936800393 ], [ 76.905489300165058, 12.042408762884985 ], [ 76.905550550188934, 12.042411976179498 ], [ 76.906139748359706, 12.042444067876099 ], [ 76.906204704182372, 12.042460236259954 ], [ 76.90626077734629, 12.042474192996693 ], [ 76.906312629131008, 12.04244285642805 ], [ 76.906391485782777, 12.042395201077129 ], [ 76.906447872927728, 12.042361121858683 ], [ 76.906559121926279, 12.042293880407797 ], [ 76.906821304932578, 12.042281225223471 ], [ 76.906906852582836, 12.04227709623027 ], [ 76.90722479660775, 12.042261769897472 ], [ 76.907584604258716, 12.042225185161607 ], [ 76.907670450877632, 12.042216456783413 ], [ 76.90768578846378, 12.042217531431985 ], [ 76.907795118687545, 12.042225203189489 ], [ 76.908160425175268, 12.04225147354785 ], [ 76.908247543876513, 12.042257738807496 ], [ 76.908472359463374, 12.042275136699285 ], [ 76.908791116154063, 12.042309645395406 ], [ 76.909291057748575, 12.042296463301767 ], [ 76.909289776022092, 12.042272320549266 ], [ 76.909282932015969, 12.042121699654203 ], [ 76.90927233169748, 12.041687288766923 ], [ 76.909271902586497, 12.041669705017155 ], [ 76.909499894888, 12.041681252212655 ], [ 76.909859257180543, 12.041699452464403 ], [ 76.910327135182996, 12.041699908956325 ], [ 76.910331542090717, 12.041647045526924 ], [ 76.910351805976902, 12.0414012771564 ], [ 76.910226177203057, 12.041400716685981 ], [ 76.910224266887965, 12.041283762131657 ], [ 76.910207265408502, 12.040983891781309 ], [ 76.910198864058557, 12.040837879638618 ], [ 76.910171865107955, 12.040382075375129 ], [ 76.910171863079825, 12.040382048272786 ], [ 76.910168819473611, 12.040242195486652 ], [ 76.910166958219151, 12.039817487680299 ], [ 76.910164872540093, 12.039576694499608 ], [ 76.910163820519458, 12.039483451708838 ], [ 76.91016335091372, 12.039441822476411 ], [ 76.910164953871302, 12.039441770825961 ], [ 76.910177563477276, 12.03942978045867 ], [ 76.910316450930196, 12.039436908226294 ], [ 76.91031648857799, 12.039436907968481 ], [ 76.910336010620739, 12.039436295228432 ], [ 76.910353684574474, 12.039435741240482 ], [ 76.910440985675649, 12.039433002103468 ], [ 76.91040363935565, 12.039017563430846 ], [ 76.910402137432314, 12.03900085837121 ], [ 76.91040109148166, 12.038903414340734 ], [ 76.910398224895133, 12.038654524196286 ], [ 76.910388927109082, 12.037985628756806 ], [ 76.910388292840395, 12.037960329140907 ], [ 76.91036965605845, 12.037288251796294 ], [ 76.910348636853797, 12.036656218794187 ], [ 76.910347892748447, 12.036635903890094 ], [ 76.910520878057412, 12.036584840084299 ], [ 76.910527562913174, 12.036582866348159 ], [ 76.910787352279598, 12.036506177929837 ], [ 76.910789424171682, 12.036505566280564 ], [ 76.91099748018793, 12.036444533638017 ], [ 76.911039662806559, 12.03643218253608 ], [ 76.911173665530697, 12.036392972107656 ], [ 76.911199787828721, 12.036385337128291 ], [ 76.911435431870572, 12.036316467544202 ], [ 76.911597132369238, 12.036269606615674 ], [ 76.911976062903008, 12.036159790167074 ], [ 76.912096934427595, 12.036124922034261 ], [ 76.912625095902683, 12.035972220127981 ], [ 76.912637786754999, 12.035900491241566 ], [ 76.912699953481379, 12.035550404468987 ], [ 76.912702779722466, 12.035534542006443 ], [ 76.912800339179398, 12.035538022957139 ], [ 76.912874480569556, 12.035540671953463 ], [ 76.912880464015473, 12.035511340926776 ], [ 76.912883695746316, 12.035495295813526 ], [ 76.912980588615326, 12.035499439291934 ], [ 76.912981678924453, 12.035499485145944 ], [ 76.91316045620961, 12.035506955659873 ], [ 76.913167944148043, 12.035507268582903 ], [ 76.913340376138066, 12.035514342297544 ], [ 76.913328180151055, 12.034689769282457 ], [ 76.913363772631655, 12.034113935312972 ], [ 76.91336833396916, 12.034040141675566 ], [ 76.913376547621851, 12.033893730244452 ], [ 76.913414037149323, 12.032907521287209 ], [ 76.913417680544157, 12.032736694129566 ], [ 76.913431016752043, 12.032201646329565 ], [ 76.913432752596876, 12.032131999143344 ], [ 76.913433709848846, 12.032096108819491 ], [ 76.91349007763688, 12.031885165169264 ], [ 76.913622803035253, 12.031389248299192 ], [ 76.913653421738132, 12.031274843976218 ], [ 76.913754451619027, 12.030895110394269 ], [ 76.913991995067775, 12.029918201077237 ], [ 76.914057602588272, 12.029626027179768 ], [ 76.914073873591605, 12.029553566018921 ], [ 76.91407999369666, 12.029526312060275 ], [ 76.914080764615363, 12.029522880192491 ], [ 76.914097097824339, 12.029450386969565 ], [ 76.914247920350689, 12.02947496862082 ], [ 76.914294194989168, 12.02932322099023 ], [ 76.914455006816695, 12.02879438765177 ], [ 76.91447326912045, 12.028748620464924 ], [ 76.914493704920744, 12.028697406098217 ], [ 76.914698386425258, 12.028184443985763 ], [ 76.914718452982868, 12.028085349489073 ], [ 76.914757506276104, 12.027892488095654 ], [ 76.914773219887863, 12.027858070232746 ], [ 76.914981758948812, 12.027399604100673 ], [ 76.914989054897191, 12.02730432656441 ], [ 76.914998228631362, 12.027184527643973 ], [ 76.915007774406035, 12.027056966425549 ], [ 76.915085584504794, 12.026689884425949 ], [ 76.915107483243702, 12.026600845599932 ], [ 76.915126962266285, 12.026521644848469 ], [ 76.915252152865691, 12.026011957505212 ], [ 76.915289108538843, 12.025861269824206 ], [ 76.915295274661375, 12.02583612789692 ], [ 76.915705245399408, 12.025938489483787 ], [ 76.916388345299197, 12.026108272443762 ], [ 76.916494662729406, 12.02613466439249 ], [ 76.916507746913879, 12.02611408743417 ], [ 76.916526149070592, 12.026085151125114 ], [ 76.916574502848945, 12.026009118184898 ], [ 76.917190784540452, 12.026245568964194 ], [ 76.91759948404713, 12.026410062088845 ], [ 76.917875607894103, 12.026524638635403 ], [ 76.918035688674578, 12.02659759329754 ], [ 76.91807660493069, 12.026616199542463 ], [ 76.918093309072361, 12.026623784880984 ], [ 76.918691105672607, 12.026893305908906 ], [ 76.918782993953201, 12.026894005003122 ], [ 76.919345288582704, 12.026897993404848 ], [ 76.919477001980894, 12.026898868652129 ], [ 76.920042721073855, 12.026902417227472 ], [ 76.920141609366922, 12.026903037912156 ], [ 76.920159910796357, 12.026827874572179 ], [ 76.920232458051856, 12.026526960001615 ], [ 76.920429155955333, 12.026524914053281 ], [ 76.921235150957216, 12.026516168319969 ], [ 76.92127898027907, 12.026515676950405 ], [ 76.921687617486981, 12.026511056448257 ], [ 76.92180362055646, 12.02650974471689 ], [ 76.921845068125791, 12.026509275977402 ], [ 76.922163700298995, 12.026530296022578 ], [ 76.922340185785956, 12.026541943183789 ], [ 76.922590225047429, 12.026558446473606 ], [ 76.922693851359455, 12.026565296556415 ], [ 76.922819250931383, 12.026573583866341 ], [ 76.922985192215933, 12.026584567467761 ], [ 76.923046218239435, 12.026588606894588 ], [ 76.923158356046088, 12.026596029085351 ], [ 76.923295185876455, 12.026560796625578 ], [ 76.923426430157647, 12.026526999958064 ], [ 76.923803340061667, 12.026429905903587 ], [ 76.923925065587241, 12.026398534597261 ], [ 76.924098608360239, 12.026353809485784 ], [ 76.924911537645769, 12.026267646096455 ], [ 76.924923984115765, 12.026266333751265 ], [ 76.925275964015754, 12.026229409322022 ], [ 76.925607452607153, 12.026194948703852 ], [ 76.92580882669634, 12.026190004206773 ], [ 76.925908992723734, 12.026187544536089 ], [ 76.925946686958568, 12.026186635589044 ], [ 76.925985606744604, 12.026162466197228 ], [ 76.926030800601652, 12.026134400341389 ], [ 76.926116196819436, 12.026081368958065 ], [ 76.926125694666368, 12.026154978571757 ], [ 76.927557555944787, 12.026140837797685 ], [ 76.928808457297663, 12.026101111109615 ], [ 76.929644142175832, 12.026092946076352 ], [ 76.929959976511995, 12.026093155083327 ], [ 76.930232150576089, 12.02610323113008 ], [ 76.930545784894122, 12.026164848811895 ], [ 76.930565339355795, 12.026162643773212 ], [ 76.930782485290507, 12.026138153564602 ], [ 76.930810935742457, 12.026134947884822 ], [ 76.930821770381812, 12.026133726870006 ], [ 76.931226569432738, 12.026404821283869 ], [ 76.931512469845117, 12.026595689713805 ], [ 76.931737118875375, 12.02662484541432 ], [ 76.931746394193183, 12.026626043043526 ], [ 76.931858015978563, 12.026640451235187 ], [ 76.931859064034796, 12.026695029261404 ], [ 76.931860963089051, 12.026793946796321 ], [ 76.931861830136228, 12.026905349318611 ], [ 76.93187784469454, 12.026910066965561 ], [ 76.931879334481025, 12.026957321536054 ], [ 76.931953022858721, 12.026980398049346 ], [ 76.931981536141421, 12.026989327087449 ], [ 76.932040839405587, 12.027007884357884 ], [ 76.932045281629442, 12.027009274496059 ], [ 76.932053195900068, 12.026995393323142 ], [ 76.932147414831789, 12.026830844581227 ], [ 76.932259176294323, 12.027111661089569 ], [ 76.932265430422873, 12.02712709829318 ], [ 76.93227658989673, 12.027154643158976 ], [ 76.932448976088409, 12.027149164053489 ], [ 76.933138132228521, 12.027124036934234 ], [ 76.933144741981749, 12.027124597666337 ], [ 76.933305126409323, 12.02713821209208 ], [ 76.933679857692297, 12.027169921618928 ], [ 76.933848866720794, 12.027155996741158 ], [ 76.93452749983048, 12.027099735016527 ], [ 76.934718294924735, 12.027083801248423 ], [ 76.934730435843335, 12.027082787051045 ], [ 76.935243170123911, 12.027016520308205 ], [ 76.935738170396505, 12.02695206762896 ], [ 76.935762311084062, 12.02694892475987 ], [ 76.936045120703682, 12.026925180962827 ], [ 76.936198287875314, 12.026912268401327 ], [ 76.936434644397451, 12.026892270152292 ], [ 76.936507011574321, 12.026890577900609 ], [ 76.936595874189933, 12.026890738031749 ], [ 76.936895217914198, 12.026891343551828 ], [ 76.936952739261898, 12.026891459750097 ], [ 76.937731408631848, 12.026815672657866 ], [ 76.937772286277024, 12.026811061297058 ], [ 76.937795529893705, 12.026808445106697 ], [ 76.937880211188329, 12.026798913722919 ], [ 76.93788026744042, 12.026797793448162 ], [ 76.937882491986187, 12.026753391180454 ], [ 76.937890421137865, 12.026596636399386 ], [ 76.937891800678742, 12.026569508269425 ], [ 76.938260120051339, 12.026561657106727 ], [ 76.938384840104121, 12.026558998109129 ], [ 76.938692985295631, 12.026552429075773 ], [ 76.938741734696535, 12.026551390123595 ], [ 76.938829327265793, 12.026531314601304 ], [ 76.938899126447012, 12.026515338686487 ], [ 76.938968893707781, 12.026499394612161 ], [ 76.9389819301811, 12.026284318953438 ], [ 76.938998267357533, 12.026017047712534 ], [ 76.938914964753451, 12.025937534992822 ], [ 76.938887821915984, 12.025911627174656 ], [ 76.938874742389004, 12.025899147087664 ], [ 76.938871245849867, 12.025754605117166 ], [ 76.938867457031208, 12.025599128455168 ], [ 76.938865848893045, 12.025533982083967 ], [ 76.938860650595402, 12.025334544170768 ], [ 76.938861834734979, 12.025312963497262 ], [ 76.938879769641517, 12.02511512569669 ], [ 76.938906843818259, 12.024816462916158 ], [ 76.938913024357177, 12.024748285150871 ], [ 76.938908036805657, 12.024449324333951 ], [ 76.938907732652282, 12.024430453825596 ], [ 76.938906755922389, 12.024369613580394 ], [ 76.938924660028633, 12.024353819043386 ], [ 76.938982782434479, 12.024302576958197 ], [ 76.939009453484815, 12.024096062001236 ], [ 76.93901220942449, 12.023955782609534 ], [ 76.939016820547479, 12.023710850338906 ], [ 76.939036941503616, 12.023364191999711 ], [ 76.939042045692602, 12.023284580633385 ], [ 76.939054665353382, 12.023086916217421 ], [ 76.939056867576497, 12.023052232432384 ], [ 76.939026345036041, 12.023019520277861 ], [ 76.938952727917837, 12.022917198132221 ], [ 76.938658523409785, 12.022883367815318 ], [ 76.938230328639747, 12.022797855008662 ], [ 76.938115602913612, 12.022722123825487 ], [ 76.938078764907786, 12.021988197931725 ], [ 76.938025006068116, 12.020926756654131 ], [ 76.93800229960631, 12.020390873530943 ], [ 76.937996656906606, 12.020257690677171 ], [ 76.937994176720608, 12.020216630074833 ], [ 76.937994861577963, 12.020211482350494 ], [ 76.937997613363265, 12.020190821770003 ], [ 76.938001505557651, 12.02016156749551 ], [ 76.938012030770707, 12.02008253492529 ], [ 76.938026632475683, 12.020019232907657 ], [ 76.938044684211775, 12.01994097244933 ], [ 76.938049003731223, 12.019922286778165 ], [ 76.938084978811744, 12.019911753082562 ], [ 76.938092652676872, 12.019909506176486 ], [ 76.938127862001735, 12.019888331200349 ], [ 76.938129674882504, 12.019882864722362 ], [ 76.938141453013316, 12.019847385078245 ], [ 76.938150860948767, 12.019819044306969 ], [ 76.9381656653389, 12.01977443997343 ], [ 76.93814621602931, 12.019647856190577 ], [ 76.938152124907489, 12.019485641612423 ], [ 76.938146263692133, 12.019394785413054 ], [ 76.938128843254319, 12.01915796340932 ], [ 76.938117813035944, 12.019008035922187 ], [ 76.938114849209981, 12.018967776783489 ], [ 76.938063165914699, 12.018651884871364 ], [ 76.938072559314108, 12.018438208236953 ], [ 76.938072666012019, 12.018218749835858 ], [ 76.938079584715823, 12.01810305362484 ], [ 76.938087413732973, 12.01796932267076 ], [ 76.938106518769757, 12.017840289513121 ], [ 76.93811383193237, 12.017728647098245 ], [ 76.93810892063604, 12.017687615101643 ], [ 76.938085468769614, 12.017491690343149 ], [ 76.937949573768748, 12.017118427644482 ], [ 76.937943342019551, 12.017101624681541 ], [ 76.937711275567253, 12.016768591657723 ], [ 76.937541822410097, 12.016406338948878 ], [ 76.937459982470969, 12.016228757800228 ], [ 76.937252368088394, 12.015770593876214 ], [ 76.937248369609932, 12.015761770068011 ], [ 76.937101243354576, 12.015425539790147 ], [ 76.936985742577747, 12.01516158088044 ], [ 76.936923822537011, 12.015067953161125 ], [ 76.936840391257235, 12.014940685393745 ], [ 76.936709639062386, 12.014740679941189 ], [ 76.936699941554352, 12.014725837017656 ], [ 76.936654783399064, 12.014626714173266 ], [ 76.936608156075607, 12.014524365666809 ], [ 76.936585768909339, 12.01447492944432 ], [ 76.936431543341854, 12.014134360399114 ], [ 76.936340338220305, 12.013930393826854 ], [ 76.93627279282714, 12.013779323682929 ], [ 76.936168422017772, 12.013545920815096 ], [ 76.936110980929996, 12.013438199483792 ], [ 76.935952067649367, 12.013140166611997 ], [ 76.93590936640723, 12.013060081786897 ], [ 76.935864893229834, 12.01297667396687 ], [ 76.935842813306365, 12.012986506347161 ], [ 76.935838177007611, 12.013092319379943 ], [ 76.935838097019598, 12.013094103256096 ], [ 76.935834701062248, 12.013169962709158 ], [ 76.93583001110639, 12.013273534532228 ], [ 76.935760928372318, 12.01317837336031 ], [ 76.935631207181089, 12.013227255948449 ], [ 76.93419257371292, 12.013334068623644 ], [ 76.932815959693542, 12.013451207531022 ], [ 76.931547816693808, 12.013449211952381 ], [ 76.9311978257238, 12.013426519908167 ], [ 76.931088777942477, 12.012953759791799 ], [ 76.930973242108536, 12.012659822682195 ], [ 76.929868577300994, 12.012777139752425 ], [ 76.929815280606718, 12.012777289859782 ], [ 76.92966175797379, 12.012777720571066 ], [ 76.928891122890477, 12.012778974480955 ], [ 76.928824491276984, 12.012781816836988 ], [ 76.928530642415623, 12.012794349872726 ], [ 76.927682057006393, 12.012829587629231 ], [ 76.927664217746454, 12.012831026677114 ], [ 76.927608086338878, 12.012835535379235 ], [ 76.927583842683333, 12.012837482268322 ], [ 76.927529964992146, 12.012841802775833 ], [ 76.927148560425948, 12.012872267941392 ], [ 76.92584486471192, 12.012974703522138 ], [ 76.925803530596212, 12.012977910492065 ], [ 76.925731159559874, 12.012983514112623 ], [ 76.925664905772635, 12.012988643525635 ], [ 76.925627697495628, 12.012991524675517 ], [ 76.925369861133177, 12.013020117566878 ], [ 76.924614567977642, 12.013103391362977 ], [ 76.924488346399926, 12.01311730772419 ], [ 76.924458647955092, 12.013120581723591 ], [ 76.924423262127618, 12.013124483292755 ], [ 76.924306545488577, 12.01313735163318 ], [ 76.924121246223862, 12.013157781055517 ], [ 76.924121067423016, 12.013158849755534 ], [ 76.924059193456543, 12.013165946200679 ], [ 76.924058008733638, 12.013031856347707 ], [ 76.924050876118571, 12.012224381602568 ], [ 76.92400355034431, 12.012225958276391 ], [ 76.923986430266709, 12.012226528941557 ], [ 76.923936740731108, 12.012228185143201 ], [ 76.923864191062123, 12.012230602442919 ], [ 76.923855474049475, 12.012230892919078 ], [ 76.923847700704087, 12.01223115159247 ], [ 76.923714295332317, 12.012235596533817 ], [ 76.923646545702113, 12.012237854204908 ], [ 76.923614257372762, 12.012243101896477 ], [ 76.923534531618884, 12.01225605879752 ], [ 76.923508312817432, 12.01226031926722 ], [ 76.923431769696691, 12.012265289344848 ], [ 76.92339787952254, 12.012267489339756 ], [ 76.923396156866687, 12.012267857316608 ], [ 76.923367588681216, 12.012273964273438 ], [ 76.923278912780646, 12.012292919297272 ], [ 76.923157629270079, 12.012318844196178 ], [ 76.923004100647546, 12.012369049154556 ], [ 76.922864749724809, 12.012414736594129 ], [ 76.922709874940011, 12.01246572166656 ], [ 76.922613462798253, 12.012497688484338 ], [ 76.922569548516876, 12.012512406323628 ], [ 76.922559684809045, 12.01249913123463 ], [ 76.922525850612004, 12.012453592860414 ], [ 76.922485892405447, 12.012399812628678 ], [ 76.922478466865442, 12.012389825316172 ], [ 76.922225858416283, 12.012132564788732 ], [ 76.922014957680375, 12.011939706294902 ], [ 76.921485010529977, 12.011291666856263 ], [ 76.921015113270542, 12.01097503337466 ], [ 76.920494485694064, 12.010784300496123 ], [ 76.920142105073523, 12.010338315785239 ], [ 76.920083104241499, 12.009725899961284 ], [ 76.920013589740321, 12.009343736999782 ], [ 76.919735324895086, 12.008643145209456 ], [ 76.91922850963509, 12.008258006335483 ], [ 76.91883147542984, 12.007937877888089 ], [ 76.918604677874711, 12.007643486416542 ], [ 76.918511275771436, 12.007318284942247 ], [ 76.917920901342328, 12.007139982624592 ], [ 76.917387735171346, 12.006892530953259 ], [ 76.917063735596074, 12.006661640557887 ], [ 76.916974568847507, 12.006581840504671 ], [ 76.916891024875781, 12.006507084354407 ], [ 76.916593970290734, 12.006254322882084 ], [ 76.916443562472693, 12.006116793403889 ], [ 76.916218326435157, 12.005966977647923 ], [ 76.915882688844235, 12.005758755802985 ], [ 76.915545213304597, 12.005607923959399 ], [ 76.915172128884294, 12.005423433879963 ], [ 76.915151146054242, 12.005413037479295 ], [ 76.915076835322878, 12.005378735386774 ], [ 76.915048656757421, 12.00536572814408 ], [ 76.915004068085651, 12.005339760522739 ], [ 76.915003651211478, 12.005339496734074 ], [ 76.914461157965775, 12.004996291739708 ], [ 76.914436589334969, 12.004984535083564 ], [ 76.914405675817548, 12.00496973512012 ], [ 76.914303576734227, 12.00492082655421 ], [ 76.914241369114862, 12.004891026726295 ], [ 76.913893865396517, 12.00474930719094 ], [ 76.913875844100247, 12.004741953646359 ], [ 76.91387525517591, 12.004741639512059 ], [ 76.913605091693199, 12.004595665515948 ], [ 76.913451798152892, 12.004499570239515 ], [ 76.913322751803904, 12.004418600766096 ], [ 76.913321888592066, 12.004418060730114 ], [ 76.913314312293267, 12.00441330122654 ], [ 76.913088562761203, 12.00427149431569 ], [ 76.913000532790832, 12.004218374540233 ], [ 76.912603309395379, 12.003971268721104 ], [ 76.912037126324705, 12.003622174995144 ], [ 76.91184433455534, 12.003542744935091 ], [ 76.911713034199508, 12.003488616104125 ], [ 76.911673789374234, 12.003472354213157 ], [ 76.911617214140946, 12.003448911042085 ], [ 76.911602595630313, 12.003442852830709 ], [ 76.911601383808076, 12.003442353133366 ], [ 76.911228626271068, 12.003289831117199 ], [ 76.911002444472004, 12.00320093173818 ], [ 76.910932005294939, 12.003173213779377 ], [ 76.910600574408392, 12.003042793013861 ], [ 76.910519510100272, 12.003010868553096 ], [ 76.910422406024779, 12.002972624327846 ], [ 76.91036460877713, 12.002944993422789 ], [ 76.910346861582141, 12.00293650970899 ], [ 76.910215269257023, 12.002873578323992 ], [ 76.910180295750763, 12.002851306082034 ], [ 76.909853755788049, 12.002643353455284 ], [ 76.909154352016003, 12.002182122584243 ], [ 76.909152438666183, 12.002180831346362 ], [ 76.908961845639595, 12.002051968155625 ], [ 76.908575644201846, 12.001792283369639 ], [ 76.908373727648481, 12.001657227645699 ], [ 76.908270583093, 12.001588233173969 ], [ 76.908208450083649, 12.001546672738925 ], [ 76.90821513441746, 12.001514861284406 ], [ 76.908218377962058, 12.001499423534355 ], [ 76.908259899148888, 12.001301817596259 ], [ 76.908259928467018, 12.001301678199173 ], [ 76.90834636136843, 12.000875271181036 ], [ 76.908350739529581, 12.000853541033468 ], [ 76.908221522548303, 12.000717092590907 ], [ 76.908199114036577, 12.000696596330858 ], [ 76.908150162611861, 12.000651823962558 ], [ 76.908100430605259, 12.000605722783034 ], [ 76.90762969543438, 12.00016935502749 ], [ 76.907533329716472, 12.000121153760057 ], [ 76.90749625895522, 12.000102820028976 ], [ 76.907250222334284, 11.999980927961246 ], [ 76.907221941696477, 11.999966862043038 ], [ 76.907202654544761, 11.999957263253275 ], [ 76.90707981286954, 11.999896092639936 ], [ 76.907065981816999, 11.999889037226342 ], [ 76.906663774936931, 11.999683869790202 ], [ 76.906651344967599, 11.999675895504879 ], [ 76.906474290341393, 11.999562335491472 ], [ 76.906413828725263, 11.999548674017397 ], [ 76.90639071063336, 11.999543448916661 ], [ 76.906316686800537, 11.999526749682708 ], [ 76.906302184584462, 11.999523477913321 ], [ 76.906123210092971, 11.999483170186215 ], [ 76.906073357561723, 11.999474581244909 ], [ 76.906009797059895, 11.999463640670541 ], [ 76.905914031253715, 11.999447170759717 ], [ 76.905691500116959, 11.999408995170263 ], [ 76.90569106716211, 11.999408923096766 ], [ 76.905627838971384, 11.999398102191547 ], [ 76.905632958624523, 11.999284034889618 ], [ 76.905633654320653, 11.999259039712548 ], [ 76.905645864563425, 11.998820342168015 ], [ 76.905646668578186, 11.998789724126999 ], [ 76.905573978119506, 11.998787660223737 ], [ 76.905513230605223, 11.99878594342024 ], [ 76.905492811544136, 11.998785366581657 ], [ 76.905436284497839, 11.998783221509749 ], [ 76.905263878024968, 11.998776759362134 ], [ 76.904921599807651, 11.998763929571444 ], [ 76.90442149210601, 11.998750991175209 ], [ 76.904347499102698, 11.998749105743244 ], [ 76.90433914660376, 11.998592171382358 ], [ 76.904337307253414, 11.998557605991779 ], [ 76.904335675889186, 11.998527032525017 ], [ 76.904233521248869, 11.998524714102993 ], [ 76.903727003372367, 11.99851321992894 ], [ 76.903724637811067, 11.998513160998655 ], [ 76.903399250838675, 11.998504773550833 ], [ 76.90309928394359, 11.99848765853884 ], [ 76.903019652406101, 11.998483124755278 ], [ 76.902987078205086, 11.998481270044168 ], [ 76.902982693119043, 11.998564495695073 ], [ 76.902791125878807, 11.998552287965648 ], [ 76.902453587178471, 11.998529129479031 ], [ 76.902383585105014, 11.998524327584306 ], [ 76.902373218328265, 11.998523808724437 ], [ 76.902221647720921, 11.998516221414551 ], [ 76.902143053621415, 11.998508409185192 ], [ 76.902138093112072, 11.998507920458017 ], [ 76.901666469419908, 11.998461126538123 ], [ 76.901637488181507, 11.998459570842629 ], [ 76.901276951937717, 11.998440243254173 ], [ 76.901276796727359, 11.998440237077574 ], [ 76.901227210054302, 11.998437583912411 ], [ 76.901167996652262, 11.998434414940395 ], [ 76.900612164085729, 11.99841775357952 ], [ 76.900610486290063, 11.998417705317799 ], [ 76.900462115800934, 11.998413713541314 ], [ 76.900424882444582, 11.998412711795067 ], [ 76.900293892117759, 11.998409189428305 ], [ 76.899876239905751, 11.998398559924599 ], [ 76.899454527664162, 11.998413639340688 ], [ 76.899196349431648, 11.998397353655562 ], [ 76.899062710716848, 11.998403611509801 ], [ 76.898839767663546, 11.998414778625555 ], [ 76.897291243328141, 11.998492689010781 ], [ 76.897238245850858, 11.998495577365382 ], [ 76.896616811867915, 11.998529418848451 ], [ 76.896021531551384, 11.998561885040507 ], [ 76.895520952112577, 11.998589268695614 ], [ 76.894393980497554, 11.998661991950881 ], [ 76.893730994378217, 11.998705116506272 ], [ 76.893522333633385, 11.998705456400199 ], [ 76.893174917527276, 11.998759938397052 ], [ 76.893147472745838, 11.998764242156083 ], [ 76.89310040375949, 11.998771629847873 ], [ 76.892695199755678, 11.998822563955713 ], [ 76.892513554085781, 11.998845072573264 ], [ 76.891678634947397, 11.998948774651529 ], [ 76.889015054067215, 11.999276469192939 ], [ 76.888008696114895, 11.999387580034767 ], [ 76.887435131134367, 11.999439451905916 ], [ 76.887285688378782, 11.999452966910319 ], [ 76.886530013173655, 11.999521306456328 ], [ 76.886505667248485, 11.999583605647567 ], [ 76.88643293720159, 11.999769608100852 ], [ 76.88640313563188, 11.99984578168759 ], [ 76.88618323600582, 12.000407326588521 ], [ 76.885754193875343, 12.001500888697969 ], [ 76.885515769677596, 12.002107835826298 ], [ 76.885475233111393, 12.002211040190105 ], [ 76.885466954638403, 12.002232128556104 ], [ 76.885105714688066, 12.003152823012039 ], [ 76.884796757496872, 12.003942142784789 ], [ 76.884530489793363, 12.004623995341259 ], [ 76.88442978096252, 12.004882298330763 ], [ 76.884400226776606, 12.004958134830844 ], [ 76.88425484252663, 12.005331450365317 ], [ 76.884249807509732, 12.005348662687526 ], [ 76.884216154326168, 12.005463575687742 ], [ 76.884204569179346, 12.005503136490915 ], [ 76.884180815903989, 12.005584249675369 ], [ 76.884114725914799, 12.005809569727701 ], [ 76.88399335280883, 12.00622336954576 ], [ 76.883942837767052, 12.006395589680444 ], [ 76.883851493591607, 12.006707021572169 ], [ 76.883825610837647, 12.006812963552807 ], [ 76.883763942675898, 12.007065407528124 ], [ 76.883764643153839, 12.007124840729118 ], [ 76.883765066159256, 12.007160733111473 ], [ 76.883771479416481, 12.007704685426512 ], [ 76.883959941812833, 12.008746610022905 ], [ 76.884003414878634, 12.008987555953899 ], [ 76.884017715651296, 12.009066784862048 ], [ 76.88402538986314, 12.009109303595364 ], [ 76.884104849996348, 12.010047376860907 ], [ 76.884119729886777, 12.010224395342503 ], [ 76.884141813019951, 12.010487101806053 ], [ 76.884155611272661, 12.010652091384969 ], [ 76.884169654920925, 12.010820015134822 ], [ 76.884169298493902, 12.01108656969963 ], [ 76.884169118154404, 12.011221585623973 ], [ 76.884168104680882, 12.011863936185783 ], [ 76.884167829492512, 12.012036662963396 ], [ 76.884021705844205, 12.012371109350159 ], [ 76.88337299777595, 12.012672166558806 ], [ 76.88341860022939, 12.01282705157741 ], [ 76.883418733367805, 12.012862181215743 ], [ 76.883420429542738, 12.013309254788281 ], [ 76.88342204600778, 12.013820647787259 ], [ 76.883422352885972, 12.013932659206016 ], [ 76.883422858389054, 12.014117604956821 ], [ 76.883429879545787, 12.014249335558036 ], [ 76.883434992290304, 12.014345489309481 ], [ 76.883441220567079, 12.01446262383433 ], [ 76.88343683689277, 12.014628720291386 ], [ 76.883434011574749, 12.014733567799933 ], [ 76.883432159771104, 12.014801472248084 ], [ 76.883439047367759, 12.014952806369969 ], [ 76.883393946026374, 12.014966459817 ], [ 76.883365444228048, 12.014982899270473 ], [ 76.883149635223205, 12.015107372632627 ], [ 76.883165190243716, 12.015391368152198 ], [ 76.883166319567849, 12.015414466647202 ], [ 76.883162056785523, 12.01547475491056 ], [ 76.883153170167176, 12.015600453494972 ], [ 76.883094712759856, 12.015560683080746 ], [ 76.883076064610862, 12.01548380645322 ], [ 76.883034486651709, 12.015455506530651 ], [ 76.882694154190602, 12.015223858403786 ], [ 76.882308828536424, 12.015191397300232 ], [ 76.882255302083735, 12.015082386301312 ], [ 76.882210802687723, 12.014995579994649 ], [ 76.882163543335523, 12.014902850998915 ], [ 76.882148928111036, 12.014874175011908 ], [ 76.882057848488074, 12.014693905640531 ], [ 76.881747857119734, 12.014359138567189 ], [ 76.881571291938471, 12.014168478471522 ], [ 76.881487021842688, 12.014077484433338 ], [ 76.881298865004865, 12.013874319086741 ], [ 76.88106351857725, 12.013620201606418 ], [ 76.880944152479586, 12.013532037687927 ], [ 76.880619056061335, 12.013290174775127 ], [ 76.880543201821538, 12.013148373032871 ], [ 76.880444856254798, 12.012964652800921 ], [ 76.880427280761111, 12.012931836890568 ], [ 76.880282887198462, 12.012662513374181 ], [ 76.880159892099556, 12.012439534703022 ], [ 76.880082841545118, 12.01229978902076 ], [ 76.879902558346842, 12.01226129350359 ], [ 76.87990153762442, 12.01226107529879 ], [ 76.87982432780197, 12.012045153418526 ], [ 76.879822632958593, 12.012040413063147 ], [ 76.879807630126223, 12.011998291415905 ], [ 76.879785683089125, 12.011936609269053 ], [ 76.879590969500825, 12.011568411621681 ], [ 76.879578064555702, 12.011543984871055 ], [ 76.879558865568995, 12.01150768082935 ], [ 76.879543964111221, 12.011493395592213 ], [ 76.879350560799196, 12.011307899515673 ], [ 76.878982300119873, 12.01095454998458 ], [ 76.878947754299631, 12.010921403268089 ], [ 76.878915440796405, 12.010890398227883 ], [ 76.878825726061649, 12.010804327021789 ], [ 76.878497774936662, 12.010612039487244 ], [ 76.878442102162637, 12.010579397096627 ], [ 76.878308470951225, 12.010649469650236 ], [ 76.878193602489588, 12.010624745252226 ], [ 76.878049579993132, 12.010579451539193 ], [ 76.878027141670557, 12.010572394627811 ], [ 76.877785723806056, 12.010445616527623 ], [ 76.877697180875032, 12.010399119326719 ], [ 76.877629249445377, 12.010363446075814 ], [ 76.877041296347798, 12.010054486345897 ], [ 76.877002732997212, 12.010034222360417 ], [ 76.876938748244669, 12.009921415020063 ], [ 76.876909352133453, 12.00986958975197 ], [ 76.87685346712793, 12.009770867591422 ], [ 76.876806434748147, 12.009657463733451 ], [ 76.876761183640994, 12.009548025934073 ], [ 76.87673155756049, 12.009476374403954 ], [ 76.876722216774709, 12.009453709636009 ], [ 76.876648503512286, 12.009303708148487 ], [ 76.876635531121693, 12.009277309365263 ], [ 76.876627518635857, 12.009260958402148 ], [ 76.876604564769082, 12.009255144954851 ], [ 76.876569210451137, 12.009246252911092 ], [ 76.876480108603673, 12.009223843191908 ], [ 76.876439378066181, 12.009213598830325 ], [ 76.876417141487963, 12.009154239404237 ], [ 76.876260063462382, 12.008721878892556 ], [ 76.876194059372949, 12.008652440931243 ], [ 76.876110750722944, 12.008564657949405 ], [ 76.876001146962366, 12.008449167162114 ], [ 76.875646840501375, 12.008286000424421 ], [ 76.875147970867005, 12.008248583157176 ], [ 76.875121919823528, 12.008252293868004 ], [ 76.875102249934159, 12.008255298331925 ], [ 76.874404146029619, 12.00840654832502 ], [ 76.874113995660295, 12.008458631969006 ], [ 76.874072841113247, 12.008466052149716 ], [ 76.873907649260161, 12.008430170943502 ], [ 76.873860710435949, 12.008419982238756 ], [ 76.873845876761209, 12.008416762540731 ], [ 76.873833280394692, 12.008361041469554 ], [ 76.873830995813833, 12.008350933171425 ], [ 76.873808764005091, 12.008252863269536 ], [ 76.873778200437854, 12.008119058623441 ], [ 76.873752878696365, 12.008008202146952 ], [ 76.873728384971429, 12.007902094596535 ], [ 76.873653708588449, 12.007584852840937 ], [ 76.873636953017382, 12.007516263762421 ], [ 76.873602743569577, 12.007376222221682 ], [ 76.873180479411502, 12.007403661151386 ], [ 76.873155888410807, 12.00740525943494 ], [ 76.873136598278919, 12.00729049921102 ], [ 76.873110553246363, 12.007118906703127 ], [ 76.873057356420162, 12.006695134276264 ], [ 76.873052336732911, 12.006655149798524 ], [ 76.873040062966638, 12.006557578009103 ], [ 76.872981691916223, 12.006096116156703 ], [ 76.872937066172526, 12.005777069237812 ], [ 76.872931493854992, 12.005737226746922 ], [ 76.872910455601072, 12.005704161266815 ], [ 76.872868983235705, 12.005638423063642 ], [ 76.872867391863394, 12.005635875699115 ], [ 76.872815457979115, 12.005552767800827 ], [ 76.871818590917556, 12.005531595334483 ], [ 76.871718851991602, 12.00553332756591 ], [ 76.871422717165615, 12.005529694069002 ], [ 76.869519775533561, 12.005517681731131 ], [ 76.869059522926008, 12.005517426757057 ], [ 76.868694955877118, 12.005517224159179 ], [ 76.868517762116085, 12.005517362109352 ], [ 76.8685092707845, 12.005517372734886 ], [ 76.868288734910948, 12.005517653640851 ], [ 76.868246057067466, 12.005517721766955 ], [ 76.868042047489382, 12.005518114452142 ], [ 76.867929562416307, 12.005518433606076 ], [ 76.867062888139145, 12.005520890100824 ], [ 76.866077128919898, 12.005523219149536 ], [ 76.865923318082366, 12.005523438081925 ], [ 76.865941092607272, 12.005591762614563 ], [ 76.865843036361738, 12.005593362215908 ], [ 76.865682799215946, 12.005655237156212 ], [ 76.865626783315619, 12.005676866840977 ], [ 76.865003451115101, 12.005917562073853 ], [ 76.864171534229257, 12.006227090734114 ], [ 76.86361356663673, 12.006426316881393 ], [ 76.863507938189457, 12.006463124196085 ], [ 76.863380440790039, 12.006507101370589 ], [ 76.863261017543678, 12.006547814958971 ], [ 76.862591351398578, 12.006766760729153 ], [ 76.862510692862998, 12.006793132214739 ], [ 76.86223666457883, 12.006893200836277 ], [ 76.862142321589772, 12.00692765290718 ], [ 76.861779453303882, 12.00706173519978 ], [ 76.861159240647041, 12.007266973655538 ], [ 76.861119372195176, 12.00728016654233 ], [ 76.861083770094453, 12.007291948066836 ], [ 76.861070931793989, 12.007292073271818 ], [ 76.860979889741699, 12.007291808645586 ], [ 76.860708208835661, 12.007291019435366 ], [ 76.86018718068803, 12.007289504992599 ], [ 76.859493756712169, 12.007269084653213 ], [ 76.859433017332478, 12.007275428929223 ], [ 76.858805697027023, 12.00734095404351 ], [ 76.858454674329408, 12.007371654906809 ], [ 76.858416080844592, 12.007380130536598 ], [ 76.858362236078761, 12.007391956124664 ], [ 76.858345370143994, 12.007263200864072 ], [ 76.858338343078344, 12.007212702326642 ], [ 76.858319361982012, 12.007073549984352 ], [ 76.858308357926447, 12.006992877637879 ], [ 76.85821532536076, 12.006335312185499 ], [ 76.858186480481294, 12.006104040097242 ], [ 76.85815634062223, 12.005507844644912 ], [ 76.858127616103076, 12.005334012822779 ], [ 76.858058747308093, 12.004880467006736 ], [ 76.858040446333519, 12.00481314398929 ], [ 76.857912936934767, 12.004344067166487 ], [ 76.857971387051208, 12.004344204117869 ], [ 76.858074668473037, 12.004344445513839 ], [ 76.858064928897463, 12.004280091884977 ], [ 76.858114398671859, 12.004279629513771 ], [ 76.858315435492869, 12.004275515482149 ], [ 76.858376772006068, 12.004274260150442 ], [ 76.858312612456075, 12.004116708883744 ], [ 76.858310393598515, 12.004111275812178 ], [ 76.858178356190862, 12.003619218576674 ], [ 76.85810677706462, 12.00335528756173 ], [ 76.858088493033677, 12.003287869505868 ], [ 76.858058490672207, 12.003177243256044 ], [ 76.857842982815541, 12.00245195952817 ], [ 76.857777665734801, 12.002212576470743 ], [ 76.857213654217247, 12.002244394386116 ], [ 76.856722553886371, 12.002275602585689 ], [ 76.856672739242015, 12.002278350203985 ], [ 76.85663527622269, 12.002133093201545 ], [ 76.856605942477174, 12.00201835763017 ], [ 76.856581122204162, 12.001914434405533 ], [ 76.856565715997959, 12.001849926626592 ], [ 76.85643628176976, 12.001307970593475 ], [ 76.856334457006497, 12.000817802904793 ], [ 76.856281569251991, 12.000184709058713 ], [ 76.856255444693559, 11.999897417046721 ], [ 76.856286432608442, 11.999805724831624 ], [ 76.856287216706846, 11.999637503425076 ], [ 76.856287458093547, 11.999582355652247 ], [ 76.856205926881842, 11.999583680154943 ], [ 76.856177412490311, 11.99958414407962 ], [ 76.856183157801667, 11.999578687076493 ], [ 76.856098376460949, 11.999576151749373 ], [ 76.855856807886738, 11.999566531055676 ], [ 76.855363879064925, 11.999529540744318 ], [ 76.855336551661949, 11.99953051193725 ], [ 76.854914027307089, 11.999545307745734 ], [ 76.854886175510558, 11.999546263389041 ], [ 76.854759912985031, 11.999550595671415 ], [ 76.854400145521112, 11.999560398293005 ], [ 76.854360344900059, 11.999556834005777 ], [ 76.853929766742311, 11.99951827909771 ], [ 76.853915180868938, 11.999516972870168 ], [ 76.853910714888173, 11.999516573102762 ], [ 76.853907134989242, 11.999469973483738 ], [ 76.853903984474684, 11.999428967989427 ], [ 76.853892225849819, 11.999275903866007 ], [ 76.853891620787508, 11.999272816524792 ], [ 76.853874565592506, 11.999181727465212 ], [ 76.853868704950898, 11.999181736460686 ], [ 76.853765319618688, 11.999181888021836 ], [ 76.853144680388823, 11.999188942586242 ], [ 76.852689931890893, 11.999210619170558 ], [ 76.852670242272197, 11.999228857430419 ], [ 76.852661241434276, 11.999237194971075 ], [ 76.852600065025285, 11.999293878839525 ], [ 76.852573449494727, 11.999318553545589 ], [ 76.852471485912062, 11.99931448212662 ], [ 76.852056477036442, 11.999297912595285 ], [ 76.852021486819652, 11.999296509000756 ], [ 76.851672777864664, 11.999282548979538 ], [ 76.851562043685405, 11.999283698360058 ], [ 76.851400334181236, 11.999285376571585 ], [ 76.850895255214596, 11.999290644740316 ], [ 76.850801653160161, 11.999299588771459 ], [ 76.850615900742369, 11.999317355057995 ], [ 76.850518502315182, 11.999320558996446 ], [ 76.849920296164214, 11.999340239331131 ], [ 76.849894928795067, 11.999343605038574 ], [ 76.84949407020072, 11.99939701883781 ], [ 76.849383731757513, 11.999411794738236 ], [ 76.849072542865684, 11.9994596755038 ], [ 76.849044727695471, 11.999359354927789 ], [ 76.84896189673087, 11.999361315018348 ], [ 76.84878128468857, 11.999365588795609 ], [ 76.848720945520526, 11.999367032333227 ], [ 76.848707691663563, 11.999180071045668 ], [ 76.848704790073597, 11.999138964306805 ], [ 76.848072446466901, 11.999141086327143 ], [ 76.847985237244586, 11.999136787461735 ], [ 76.8479554039357, 11.999135316757723 ], [ 76.847697451760567, 11.999049915973734 ], [ 76.847659224315976, 11.999040602324701 ], [ 76.847614807427703, 11.999038968446117 ], [ 76.847605414884484, 11.999038622795009 ], [ 76.847575682390399, 11.999037528311977 ], [ 76.847463389694383, 11.999033388550229 ], [ 76.847431938845176, 11.999032228563573 ], [ 76.847210972167247, 11.999028830492442 ], [ 76.847113174811454, 11.999031446520986 ], [ 76.847099714041704, 11.999031806538207 ], [ 76.846475027858233, 11.999048511332404 ], [ 76.845781701993531, 11.998936077908857 ], [ 76.845783001902618, 11.998927679268631 ], [ 76.845788956002337, 11.998889186881941 ], [ 76.845813504183766, 11.998730495921093 ], [ 76.845821468050588, 11.998678629626701 ], [ 76.845831483119881, 11.998613406325507 ], [ 76.845746842335359, 11.998624112730509 ], [ 76.845699630505038, 11.9986355593333 ], [ 76.845120331770119, 11.998776135941362 ], [ 76.84475344948504, 11.998866174875634 ], [ 76.844467868114066, 11.998941673288835 ], [ 76.844036310403467, 11.999060844817015 ], [ 76.84383911564683, 11.99911534906696 ], [ 76.84364492159402, 11.999169071425406 ], [ 76.843257687939456, 11.999276602171632 ], [ 76.843149988609554, 11.999306509580794 ], [ 76.843067990170184, 11.999329279455926 ], [ 76.84223095304958, 11.999566807172716 ], [ 76.842030333045585, 11.999744128821179 ], [ 76.841986946139428, 11.999650160213426 ], [ 76.841937427807153, 11.999543099962462 ], [ 76.841915498686504, 11.999495750211819 ], [ 76.841905091840019, 11.999473279738917 ], [ 76.842070198442769, 11.999205522665202 ], [ 76.842080300991881, 11.999189679339883 ], [ 76.842101560568011, 11.999156431024163 ], [ 76.841379798663098, 11.999254295478179 ], [ 76.840769183688494, 11.999329720574927 ], [ 76.840300127562656, 11.999368436758555 ], [ 76.839832259051633, 11.999398451463351 ], [ 76.839509722725353, 11.999444017323802 ], [ 76.839243129709658, 11.999481803085324 ], [ 76.839029004889952, 11.999512234882953 ], [ 76.838943439267567, 11.99952127133888 ], [ 76.838914288514047, 11.999524340044543 ], [ 76.838488936613416, 11.999569120565656 ], [ 76.838236183250345, 11.999595569830168 ], [ 76.838017656501194, 11.999618436945998 ], [ 76.837979845000078, 11.999622393135736 ], [ 76.8370459106429, 11.999702925668764 ], [ 76.837040683706817, 11.999721944829535 ], [ 76.83701902944162, 11.999724139764274 ], [ 76.836999350669927, 11.99972613461958 ], [ 76.836965778892363, 11.999851762745374 ], [ 76.836949820412158, 11.999911478644147 ], [ 76.836943842779533, 11.999933808335776 ], [ 76.837028447450251, 12.000369795054585 ], [ 76.837030625624806, 12.000371863366349 ], [ 76.837081038691863, 12.000362657801572 ], [ 76.837114581231234, 12.000526297698698 ], [ 76.837112430005647, 12.000544743474581 ], [ 76.837108753252338, 12.000576681100934 ], [ 76.837087958816852, 12.000757315122469 ], [ 76.837139392335388, 12.001009729065123 ], [ 76.837148006060232, 12.001050960457672 ], [ 76.837158157100632, 12.001099549535152 ], [ 76.837258226119147, 12.001586645592477 ], [ 76.837272315973891, 12.001655250309621 ], [ 76.837359545350921, 12.002079984786526 ], [ 76.837360810165848, 12.00208615109614 ], [ 76.837387096399993, 12.00248739989048 ], [ 76.83740586541829, 12.002829149286345 ], [ 76.83742890822522, 12.003386919752559 ], [ 76.83743055371751, 12.003427035355033 ], [ 76.837434121847068, 12.003514017856988 ], [ 76.837305093432818, 12.003525970738897 ], [ 76.837165800493722, 12.003538874091964 ], [ 76.837099822822523, 12.003545551582093 ], [ 76.83688507992639, 12.0035672834131 ], [ 76.836432938911472, 12.003614894218748 ], [ 76.836180839115173, 12.003642069145153 ], [ 76.836067535478378, 12.003654282535878 ], [ 76.835217989515726, 12.003785151834951 ], [ 76.834511839146671, 12.003897808196864 ], [ 76.833847093612448, 12.004102959966531 ], [ 76.833601916161726, 12.004091874379704 ], [ 76.833591533059959, 12.003817894216931 ], [ 76.833529733496562, 12.003815289242624 ], [ 76.833315496245689, 12.003806288378854 ], [ 76.833315363075599, 12.003861411657544 ], [ 76.833314599924918, 12.004176540518271 ], [ 76.833314647134202, 12.00421257830461 ], [ 76.833315123961924, 12.004580167547699 ], [ 76.83349933524029, 12.004501939610293 ], [ 76.833607431195148, 12.00445602098824 ], [ 76.833573979071915, 12.004558621012258 ], [ 76.833570724859953, 12.004568651366668 ], [ 76.833530946694708, 12.004691265706899 ], [ 76.833485898673587, 12.004728176669801 ], [ 76.833459591040466, 12.00474973025157 ], [ 76.833340515379462, 12.004847286302509 ], [ 76.833340731446739, 12.004862806874536 ], [ 76.833345707006117, 12.005219712193044 ], [ 76.833347371213691, 12.005332323375534 ], [ 76.833348837422761, 12.005429777240133 ], [ 76.833349554495712, 12.005477423197744 ], [ 76.833338646295203, 12.005504043512136 ], [ 76.833243295037761, 12.005736847471633 ], [ 76.833185616603529, 12.005749955302765 ], [ 76.832850994796758, 12.005825997885577 ], [ 76.832716270088213, 12.005905991136162 ], [ 76.832635257721023, 12.005954080422841 ], [ 76.832601028451435, 12.005974399583366 ], [ 76.832554158578532, 12.005975485844004 ], [ 76.832174925915169, 12.005984676389007 ], [ 76.831996047113265, 12.00598927932923 ], [ 76.831860079136916, 12.005970008983857 ], [ 76.831833672977652, 12.005966287867341 ], [ 76.831824302206925, 12.005964996080532 ], [ 76.83136394605252, 12.005901520605452 ], [ 76.830766679363705, 12.005955849099115 ], [ 76.830511223862217, 12.005882153611219 ], [ 76.830469771445934, 12.005870197648914 ], [ 76.830432073327273, 12.005858747708638 ], [ 76.830414359661177, 12.005853366928802 ], [ 76.829249261890439, 12.00604310702068 ], [ 76.829006358666589, 12.006082664446488 ], [ 76.829000258863559, 12.006098972989182 ], [ 76.828908360303316, 12.006345342881186 ], [ 76.82887777883802, 12.006427329951569 ], [ 76.828850599298576, 12.006500195067311 ], [ 76.828525063708042, 12.007378527866397 ], [ 76.828504844463652, 12.007433349616159 ], [ 76.828412285582587, 12.007684302998788 ], [ 76.828379770395074, 12.007693107287832 ], [ 76.827694411084593, 12.007878408162892 ], [ 76.827586057803913, 12.00790766010908 ], [ 76.827582337208341, 12.007915015175206 ], [ 76.827475432161933, 12.008126635162625 ], [ 76.827478828820617, 12.008503299729032 ], [ 76.827380885230269, 12.008516093814388 ], [ 76.827316246331577, 12.008524533022321 ], [ 76.827076333802282, 12.008555782472381 ], [ 76.827008824156479, 12.008564575720531 ], [ 76.826777503096096, 12.00859470669176 ], [ 76.826703420892571, 12.008604329210488 ], [ 76.826239883132629, 12.008670573020821 ], [ 76.826239041006048, 12.008670691509908 ], [ 76.825557742656599, 12.008767482236266 ], [ 76.825092078442026, 12.008832915536004 ], [ 76.825031479437513, 12.00893896890414 ], [ 76.825022808077975, 12.008954149824181 ], [ 76.82494127050127, 12.00909683183867 ], [ 76.82493798813428, 12.009098781313487 ], [ 76.824860652502863, 12.009144688823129 ], [ 76.82459137004237, 12.009304476822455 ], [ 76.82425565456866, 12.009503655917969 ], [ 76.82424029619726, 12.009512768163303 ], [ 76.823810607321192, 12.009527088787802 ], [ 76.823771354742874, 12.00952839696399 ], [ 76.823716655617034, 12.009530085188361 ], [ 76.823425753849435, 12.009538896369122 ], [ 76.82321282121265, 12.009584977193063 ], [ 76.823193842531978, 12.009589083596987 ], [ 76.823158981500995, 12.009596626296522 ], [ 76.823112725381307, 12.009606635955777 ], [ 76.823063881816367, 12.009617208443254 ], [ 76.822963172588729, 12.009639004934524 ], [ 76.822907800381088, 12.009657485846599 ], [ 76.822808349608039, 12.009690689652638 ], [ 76.822759866072843, 12.009706876685575 ], [ 76.82273036276068, 12.009716727363486 ], [ 76.822592628341809, 12.009762754142672 ], [ 76.821869656212115, 12.01000493475085 ], [ 76.82168980563641, 12.010065370098742 ], [ 76.821660641745538, 12.010064806234102 ], [ 76.821657939981392, 12.010064755138194 ], [ 76.82155490069384, 12.010062758952403 ], [ 76.82155124027112, 12.010128403615802 ], [ 76.821536132590225, 12.010396241586445 ], [ 76.821533653159804, 12.010440190855917 ], [ 76.821530075217524, 12.01050362580645 ], [ 76.821469566972439, 12.011544445644885 ], [ 76.821461721601452, 12.0116750161552 ], [ 76.821461621651238, 12.01167667549546 ], [ 76.821461626136639, 12.011678571885694 ], [ 76.821461781627647, 12.011748546761977 ], [ 76.82146278003917, 12.011774677039101 ], [ 76.821470384160875, 12.011973706341331 ], [ 76.82147118460351, 12.011994700943141 ], [ 76.821472404754559, 12.012026769418322 ], [ 76.821489793626924, 12.012484465136657 ], [ 76.821491344149337, 12.012525379907903 ], [ 76.82150420006451, 12.012866205081473 ], [ 76.821514532886141, 12.013140954032433 ], [ 76.821520406111475, 12.013296521569128 ], [ 76.821512900416138, 12.013368346960984 ], [ 76.821512841734858, 12.013368905964471 ], [ 76.821507403097769, 12.013420946496685 ], [ 76.821489846543827, 12.013587158474886 ], [ 76.821479128012655, 12.013695730071731 ], [ 76.821478547808269, 12.013701620164072 ], [ 76.821456248369387, 12.013928027805559 ], [ 76.821450214338938, 12.013989435900287 ], [ 76.821449045555909, 12.014001336360582 ], [ 76.821452076804889, 12.014009140919352 ], [ 76.821454596055688, 12.01401563632596 ], [ 76.821478975588008, 12.014078491367114 ], [ 76.821558531752018, 12.014283700963663 ], [ 76.82159419619488, 12.014375727793849 ], [ 76.821690093820322, 12.014623160378752 ], [ 76.821716379444283, 12.014711910137347 ], [ 76.821723798365383, 12.014736960860469 ], [ 76.821760005580018, 12.01485915235771 ], [ 76.821772426492373, 12.014901042095198 ], [ 76.821772315354266, 12.014960560358707 ], [ 76.82177231367497, 12.014961266329157 ], [ 76.821772308666155, 12.014964344200648 ], [ 76.821772287354818, 12.014976056397643 ], [ 76.8217722641688, 12.014989128098634 ], [ 76.821772134465164, 12.015064861857436 ], [ 76.821771930816539, 12.015191990130294 ], [ 76.821771731998396, 12.015334578973942 ], [ 76.821774594086463, 12.015340437589698 ], [ 76.821792686552286, 12.015377478801714 ], [ 76.822087273692816, 12.015980595493243 ], [ 76.82209381705573, 12.015995736835192 ], [ 76.822122321333481, 12.01605239021707 ], [ 76.822127403157708, 12.01606280004067 ], [ 76.822145868310699, 12.016100626096799 ], [ 76.822171969208611, 12.016161594169779 ], [ 76.822185251054819, 12.016193578554333 ], [ 76.822201831449249, 12.016233508556949 ], [ 76.822207198182895, 12.016246957297762 ], [ 76.822266414379001, 12.016395343301461 ], [ 76.822266551617901, 12.016395678663784 ], [ 76.822311539418209, 12.016499817577428 ], [ 76.822311992752589, 12.016500867684837 ], [ 76.822476314941014, 12.016877732900763 ], [ 76.822560328342036, 12.017128926780765 ], [ 76.822579357236989, 12.017185821757717 ], [ 76.822578976694075, 12.017197770405641 ], [ 76.822578781497015, 12.0172036950463 ], [ 76.822578389918789, 12.017211821101512 ], [ 76.822578084524508, 12.017219927612398 ], [ 76.822577808109529, 12.017227291818488 ], [ 76.822577476046945, 12.017236211124613 ], [ 76.822577152539495, 12.01724490078003 ], [ 76.822576775664217, 12.017254938523646 ], [ 76.822576453646491, 12.017263576646078 ], [ 76.822576437569651, 12.017263916623689 ], [ 76.8225754363053, 12.017290875244688 ], [ 76.822574153968404, 12.017325188159001 ], [ 76.822572337159755, 12.017373955478831 ], [ 76.822570530251326, 12.017422692904759 ], [ 76.822569259566492, 12.017456963258851 ], [ 76.822568221718285, 12.017485034839984 ], [ 76.822567089058921, 12.017515664220408 ], [ 76.822566216591341, 12.017539247679345 ], [ 76.82256481846369, 12.017577230347316 ], [ 76.822566718552267, 12.017577400546124 ], [ 76.822579319262047, 12.017575696736776 ], [ 76.822581300753356, 12.017575273435082 ], [ 76.822581026686578, 12.017582577063282 ], [ 76.82257977990507, 12.017615486866161 ], [ 76.822563195466145, 12.017621367444239 ], [ 76.822401510000091, 12.017678703402426 ], [ 76.82179543245671, 12.017893625941346 ], [ 76.821795728146881, 12.017898677814916 ], [ 76.821806329999674, 12.018079748287089 ], [ 76.821831474740804, 12.01850736678664 ], [ 76.821821453286816, 12.018519569021212 ], [ 76.821816207119838, 12.018525956859303 ], [ 76.821767712741021, 12.018584987876672 ], [ 76.821742932706158, 12.018615148638364 ], [ 76.821330181850215, 12.019117529365795 ], [ 76.821330403267183, 12.019118775328513 ], [ 76.821359465806808, 12.019282400119607 ], [ 76.821386305991609, 12.019433024786155 ], [ 76.821394424102948, 12.019478584439041 ], [ 76.821439261191827, 12.019730198539495 ], [ 76.821375902084284, 12.020206263715767 ], [ 76.821355030019589, 12.020363092039926 ], [ 76.821335901718598, 12.020506816658221 ], [ 76.821272931912091, 12.020662690092045 ], [ 76.821252711443407, 12.020712733511246 ], [ 76.821242484264076, 12.02073804840024 ], [ 76.821102910989694, 12.021083517075015 ], [ 76.821072018694267, 12.021336309121448 ], [ 76.821067802727384, 12.021370812012464 ], [ 76.821012153193976, 12.021826193219715 ], [ 76.820978221532897, 12.022103852864799 ], [ 76.820967937418445, 12.022188007721319 ], [ 76.821016775179189, 12.022888440427934 ], [ 76.820909296598472, 12.023189319378565 ], [ 76.820829941004945, 12.023411468184092 ], [ 76.820810765904952, 12.023465148478461 ], [ 76.82076948629792, 12.023471211676823 ], [ 76.820745852212852, 12.023474683113657 ], [ 76.820744121145452, 12.023474937551422 ], [ 76.820742054721279, 12.023514613109365 ], [ 76.820741223717263, 12.023523353984077 ], [ 76.820592463409781, 12.025087654256769 ], [ 76.820585345817662, 12.025161631153624 ], [ 76.820585806972417, 12.025210386354852 ], [ 76.820596711593097, 12.026362210581137 ], [ 76.820597371781091, 12.026431943497123 ], [ 76.820597624830441, 12.026448808040314 ], [ 76.820507564481389, 12.027735011447801 ], [ 76.820503274291553, 12.027800115134971 ], [ 76.820500723350676, 12.027839427762014 ], [ 76.820484522540767, 12.028089111272937 ], [ 76.8204841870091, 12.028094380586452 ], [ 76.820483058295395, 12.028112101108171 ], [ 76.820230964229992, 12.028110436292643 ], [ 76.820178492763674, 12.028110089565539 ], [ 76.820032180399423, 12.028105081978142 ], [ 76.819915940015164, 12.028101013629318 ], [ 76.81986254185577, 12.028099145261871 ], [ 76.819763489257227, 12.02808445678145 ], [ 76.819712009145277, 12.028076816120945 ], [ 76.819642602685406, 12.028066514536338 ], [ 76.81938695917583, 12.028072330307813 ], [ 76.819334077542734, 12.028073533600477 ], [ 76.819077331688675, 12.028051982926474 ], [ 76.819016665632532, 12.028046890465077 ], [ 76.818809773802883, 12.028049675444349 ], [ 76.818590495129939, 12.028036199915896 ], [ 76.818418006051303, 12.028033934513481 ], [ 76.818365980791555, 12.028033307034017 ], [ 76.818320581524503, 12.028032760232303 ], [ 76.818205196834811, 12.02802990587962 ], [ 76.818135768187972, 12.028028188567243 ], [ 76.818030068621709, 12.028026828528303 ], [ 76.817973906742381, 12.028026105880274 ], [ 76.816886917424299, 12.02771615136013 ], [ 76.816824346632487, 12.027698713323094 ], [ 76.816165861783304, 12.027528450237899 ], [ 76.815291537582738, 12.027319430283885 ], [ 76.815165903896187, 12.027289999123791 ], [ 76.815094914310166, 12.027273368360301 ], [ 76.815117621885463, 12.027390564004916 ], [ 76.815129701847411, 12.027452964414794 ], [ 76.815148478637497, 12.027549956783341 ], [ 76.815021423702063, 12.027564657847426 ], [ 76.814973452811401, 12.027570207873255 ], [ 76.814090005148415, 12.027550386845864 ], [ 76.813988737550133, 12.027548115130504 ], [ 76.813791346251307, 12.027545574708331 ], [ 76.813695566583164, 12.027544298611291 ], [ 76.813306468258176, 12.02753868856405 ], [ 76.813095655824853, 12.027467315369789 ], [ 76.81308637933229, 12.027464173012058 ], [ 76.813058094361807, 12.027464746257413 ], [ 76.81245677784699, 12.02747494395533 ], [ 76.812427880127828, 12.027165530443686 ], [ 76.812426445550273, 12.027150145076062 ], [ 76.812342866542366, 12.027164253586077 ], [ 76.811457132923152, 12.027305220256645 ], [ 76.811409444196428, 12.027312333434599 ], [ 76.811409182724191, 12.027134741677298 ], [ 76.811409133090862, 12.027097151520289 ], [ 76.811408551403503, 12.02655884020816 ], [ 76.811385247095814, 12.026245116369571 ], [ 76.81137626787617, 12.026124229003823 ], [ 76.811286995203687, 12.024933712305762 ], [ 76.811254370511946, 12.024638863055642 ], [ 76.811207187622159, 12.024212439336303 ], [ 76.811160986450375, 12.023845819004418 ], [ 76.811146970753171, 12.02373507641914 ], [ 76.811197002088534, 12.023089840855182 ], [ 76.811151282706959, 12.022980834167514 ], [ 76.811087626159619, 12.022829063518262 ], [ 76.811083489788643, 12.022385294513718 ], [ 76.811082624147474, 12.022299560420585 ], [ 76.811084326668379, 12.022277058901397 ], [ 76.811089828179789, 12.022204203283788 ], [ 76.8111181111679, 12.021829693195123 ], [ 76.811085800729472, 12.021820747746304 ], [ 76.811018465500752, 12.021802041017143 ], [ 76.810759419783551, 12.021748962449118 ], [ 76.810755724159435, 12.021748200895303 ], [ 76.810699251484351, 12.021736540252791 ], [ 76.810632775122912, 12.021722812987692 ], [ 76.809969695063643, 12.0216138483971 ], [ 76.809969954810086, 12.021256749427643 ], [ 76.809882497537572, 12.021235953629294 ], [ 76.809547647140846, 12.021155486130516 ], [ 76.809350120675603, 12.021072455700708 ], [ 76.809263438650717, 12.021036018615424 ], [ 76.808958455517555, 12.020977985731765 ], [ 76.808871669769374, 12.020961471647871 ], [ 76.808667633124685, 12.020922843767252 ], [ 76.808341491576613, 12.020861399251849 ], [ 76.80804430783671, 12.02080574548056 ], [ 76.807982911818939, 12.020794248079271 ], [ 76.807770263108111, 12.020760877319125 ], [ 76.807756486616526, 12.020758721115588 ], [ 76.80773698332321, 12.020755668213818 ], [ 76.807733049011517, 12.020755050981242 ], [ 76.807701082807156, 12.020750047601803 ], [ 76.8073266096184, 12.020779145130271 ], [ 76.807026239140654, 12.020802382724987 ], [ 76.806387202632578, 12.020744443718579 ], [ 76.805570546561242, 12.020677050851953 ], [ 76.805549222710368, 12.020675291323796 ], [ 76.805295777308558, 12.020424078810299 ], [ 76.80531475311895, 12.020382735422501 ], [ 76.805373383014711, 12.020255266572189 ], [ 76.805382366317829, 12.0202122865657 ], [ 76.805410660574893, 12.020077565396347 ], [ 76.805440874659197, 12.019934544640005 ], [ 76.805480295756837, 12.019748911232425 ], [ 76.805510193415884, 12.019608708245533 ], [ 76.805545762127466, 12.019442322592386 ], [ 76.805553951925006, 12.019404011060288 ], [ 76.805559905185063, 12.019389574878829 ], [ 76.8057070514039, 12.019032236351416 ], [ 76.805805733804959, 12.018792017029009 ], [ 76.805919861551445, 12.018513846936045 ], [ 76.80589437530476, 12.018500508825211 ], [ 76.805851302654503, 12.018477967616462 ], [ 76.8057931351577, 12.018447370549874 ], [ 76.805718589030604, 12.018408157341941 ], [ 76.805726659734049, 12.018372646937866 ], [ 76.805739786567415, 12.018314857372118 ], [ 76.805749707293998, 12.018271182516926 ], [ 76.80573881537299, 12.018269191049981 ], [ 76.804703732011504, 12.018079917851075 ], [ 76.803965246306078, 12.017946930723975 ], [ 76.803343134253325, 12.017836030062433 ], [ 76.803339421930659, 12.017835371555282 ], [ 76.80319777445159, 12.017810239895939 ], [ 76.803141032618385, 12.017749740188242 ], [ 76.803139053486845, 12.017747629636938 ], [ 76.803107218798914, 12.017713503042726 ], [ 76.802363304193946, 12.017693026511335 ], [ 76.802045947314824, 12.017684547881212 ], [ 76.802045059057775, 12.017684502989347 ], [ 76.802015781491249, 12.017683024946745 ], [ 76.801397162865854, 12.017652118232959 ], [ 76.801372797894459, 12.017650901326256 ], [ 76.801335722090755, 12.017649092926808 ], [ 76.800701568972187, 12.017618154619235 ], [ 76.800658973491451, 12.017607921843585 ], [ 76.800629086847877, 12.017600741990892 ], [ 76.80007680780129, 12.017472288704019 ], [ 76.799873322939334, 12.017437055391047 ], [ 76.799302030437119, 12.017341151334985 ], [ 76.799216602052127, 12.017171599354644 ], [ 76.799196883429687, 12.017132501270051 ], [ 76.799196745689329, 12.017132224651052 ], [ 76.799122717906542, 12.016980127285953 ], [ 76.799105444735986, 12.016944637293607 ], [ 76.799022304480815, 12.016772667845531 ], [ 76.798944451779235, 12.016611634388452 ], [ 76.798864722024589, 12.016433284680431 ], [ 76.798822127255633, 12.016327180994654 ], [ 76.798811157141486, 12.016299854452191 ], [ 76.798770863397039, 12.016198839518859 ], [ 76.79869427077216, 12.015952755388136 ], [ 76.798602938026704, 12.015659314369897 ], [ 76.798435367208569, 12.015649469612262 ], [ 76.798015719474904, 12.015624949587961 ], [ 76.797606151626383, 12.015432777561726 ], [ 76.797326580521684, 12.015301738673186 ], [ 76.797308195886075, 12.015293121328753 ], [ 76.797191631930545, 12.015238497093906 ], [ 76.797156852545186, 12.015226799710993 ], [ 76.796541331856019, 12.015019466957536 ], [ 76.796508096680896, 12.015008272088217 ], [ 76.796370240623247, 12.014961836522533 ], [ 76.79612711021926, 12.014879227818959 ], [ 76.79578027717335, 12.014755383516599 ], [ 76.795063900740175, 12.014499938987329 ], [ 76.795001503336067, 12.014477730606071 ], [ 76.794969606959668, 12.014466378693497 ], [ 76.794855661941043, 12.014354703099578 ], [ 76.794479673890208, 12.013983761512813 ], [ 76.79425518827253, 12.013760204397705 ], [ 76.794247660186727, 12.013752678688032 ], [ 76.794074469942274, 12.013509662249071 ], [ 76.794074335352917, 12.013509444361754 ], [ 76.793999447771156, 12.013386508670639 ], [ 76.79388207051997, 12.013193333627992 ], [ 76.793860045936839, 12.013157085438767 ], [ 76.79378242615465, 12.013029341108354 ], [ 76.793564506410888, 12.012667629571256 ], [ 76.793326618395326, 12.012246716381842 ], [ 76.793003361291468, 12.011674745827284 ], [ 76.792972461400069, 12.011620070873439 ], [ 76.792878841988085, 12.011454420282778 ], [ 76.792479063634204, 12.010743405993328 ], [ 76.792417188000783, 12.01063265077334 ], [ 76.792394587843063, 12.010592196490004 ], [ 76.792384413484868, 12.010573975185546 ], [ 76.7923224505668, 12.010480551564577 ], [ 76.792255092163686, 12.010287737307033 ], [ 76.792027474104103, 12.009667365575439 ], [ 76.791939947791221, 12.00936370747697 ], [ 76.791921417773679, 12.009206933556992 ], [ 76.792032910373862, 12.008725974799138 ], [ 76.792059983743215, 12.008117363269772 ], [ 76.79206423289807, 12.007878171152571 ], [ 76.792026524665928, 12.007172395299051 ], [ 76.792047026468083, 12.006890406344541 ], [ 76.791867907365926, 12.006691758876208 ], [ 76.791855553945254, 12.006678072045499 ], [ 76.791846458386146, 12.006667994531774 ], [ 76.791782875572963, 12.006477125416858 ], [ 76.791766575852762, 12.006428190640053 ], [ 76.791745355526189, 12.006378447630446 ], [ 76.79170758297127, 12.006289906334263 ], [ 76.791470148083363, 12.005733374057453 ], [ 76.791550366995907, 12.005691000088046 ], [ 76.791554218391312, 12.005688970499138 ], [ 76.791793818950481, 12.00556267419736 ], [ 76.791932030576447, 12.005489821386105 ], [ 76.79201871223114, 12.005425151103301 ], [ 76.792043102259555, 12.005406980394017 ], [ 76.792061861368836, 12.005393059887544 ], [ 76.792361675210856, 12.005170585970431 ], [ 76.792368378598667, 12.005165640997216 ], [ 76.792423190803035, 12.005125200415032 ], [ 76.792606785171628, 12.005034715494995 ], [ 76.792678852417751, 12.005033968004327 ], [ 76.792680350857211, 12.005033952977671 ], [ 76.792725458223074, 12.005033490339228 ], [ 76.792814146966307, 12.005032580244466 ], [ 76.792928955337658, 12.005001942348223 ], [ 76.793018443503854, 12.00497807625378 ], [ 76.793151541548852, 12.004978899870373 ], [ 76.793183465758602, 12.004979097471979 ], [ 76.793257118428983, 12.004979552746443 ], [ 76.79326623307206, 12.004979609113885 ], [ 76.793538100102623, 12.004981401376474 ], [ 76.79355189514672, 12.004981491904061 ], [ 76.793664725905643, 12.004916495331909 ], [ 76.793667330285331, 12.004896696104909 ], [ 76.793699946635741, 12.004648734876598 ], [ 76.79372597787075, 12.004642164512594 ], [ 76.794213979530056, 12.004519190867507 ], [ 76.794348344583156, 12.004507276666894 ], [ 76.794417335115995, 12.004437235087144 ], [ 76.794448920034966, 12.004419340751269 ], [ 76.794475499219999, 12.004404281611874 ], [ 76.794528299017969, 12.004374371723053 ], [ 76.794928263914699, 12.004147845173501 ], [ 76.79508771412668, 12.00405753362168 ], [ 76.795175829154218, 12.004007625348439 ], [ 76.795199594384528, 12.003994162470384 ], [ 76.795284304518901, 12.003946180599032 ], [ 76.795469759936225, 12.003841129714987 ], [ 76.795716443718206, 12.003699758111168 ], [ 76.795702370823292, 12.003630255774656 ], [ 76.795648787788409, 12.003640989481086 ], [ 76.795638556059174, 12.003592874778624 ], [ 76.795439424157706, 12.003635825836966 ], [ 76.795132675564318, 12.003842862678454 ], [ 76.795066332218738, 12.003887885597447 ], [ 76.79493042750309, 12.003894916097565 ], [ 76.794882385378543, 12.003897401908963 ], [ 76.794834936756232, 12.003620319921806 ], [ 76.794827344285608, 12.003575974801665 ], [ 76.794821139634337, 12.00353973355277 ], [ 76.794823101956013, 12.003534893070823 ], [ 76.794967625454916, 12.003178579270308 ], [ 76.795215164967473, 12.002570157242141 ], [ 76.795335968656786, 12.002275323616535 ], [ 76.795346065728921, 12.002250979258219 ], [ 76.795372917184181, 12.001600742785776 ], [ 76.795386950598228, 12.000937196818551 ], [ 76.79542655197406, 12.000848579012583 ], [ 76.795496947800132, 12.000691539470374 ], [ 76.795512721966944, 12.000612258479963 ], [ 76.795533177492388, 12.000510009316017 ], [ 76.795599491963372, 12.000182976612855 ], [ 76.795624896290519, 12.000059883602905 ], [ 76.795626799036327, 12.000055480100226 ], [ 76.79565528953087, 11.999989815670677 ], [ 76.795807132342318, 11.999636957525686 ], [ 76.795807358433649, 11.999635880397857 ], [ 76.795840201367213, 11.999479422589893 ], [ 76.79594997536816, 11.998933111296676 ], [ 76.795986778924046, 11.998750387881692 ], [ 76.796008182217093, 11.998644178841557 ], [ 76.796059528930328, 11.998393904499441 ], [ 76.796069448592235, 11.998345565545842 ], [ 76.796157607624536, 11.997915866171876 ], [ 76.79619711363685, 11.997723217433904 ], [ 76.796236615664426, 11.997530527140391 ], [ 76.79626331382326, 11.997400293812767 ], [ 76.796284298795626, 11.997297906561018 ], [ 76.796287634230083, 11.99728162797178 ], [ 76.796299766538866, 11.997222451158224 ], [ 76.796316143883899, 11.997173292476489 ], [ 76.796347507574197, 11.99707914663751 ], [ 76.796527563591951, 11.996538571659231 ], [ 76.796549009404472, 11.996474179050862 ], [ 76.796638444247975, 11.996205660276308 ], [ 76.796646468207797, 11.996149631100009 ], [ 76.796659128547176, 11.996061225029292 ], [ 76.796677278651003, 11.995934539347298 ], [ 76.796678177192234, 11.995928244938865 ], [ 76.796691609462215, 11.995496784328433 ], [ 76.796693639038551, 11.99543223069649 ], [ 76.796713984206292, 11.994784992855378 ], [ 76.796715757654511, 11.994729456664249 ], [ 76.796639052247983, 11.994102516575916 ], [ 76.796630237996169, 11.994030038168342 ], [ 76.796626183903626, 11.993992549274939 ], [ 76.796606807466233, 11.993813378162924 ], [ 76.796603918984701, 11.993790792116412 ], [ 76.796588915514405, 11.993673137023404 ], [ 76.796553024340895, 11.993391694540033 ], [ 76.796496100816213, 11.992941782296912 ], [ 76.796493819409463, 11.992866095485077 ], [ 76.796491481669591, 11.992788555976999 ], [ 76.79649387571807, 11.992623837283999 ], [ 76.796495890459965, 11.992492528479836 ], [ 76.796498789604271, 11.992303548669605 ], [ 76.796497942384775, 11.992296652597323 ], [ 76.796477927913358, 11.992133530285846 ], [ 76.79647379246245, 11.99209955005457 ], [ 76.7964790185504, 11.991664952006559 ], [ 76.796474972176185, 11.991600593717722 ], [ 76.796456045980165, 11.99129960507809 ], [ 76.796453272232043, 11.991255362824282 ], [ 76.796445943785983, 11.991138486439564 ], [ 76.796403722938223, 11.99077676026635 ], [ 76.796347687627474, 11.990296022600484 ], [ 76.796307140728786, 11.989290464690436 ], [ 76.796305741395784, 11.989255769962352 ], [ 76.796224980466008, 11.989039743212677 ], [ 76.795814989306507, 11.989084649172055 ], [ 76.795707344903235, 11.989102222073674 ], [ 76.795358264689099, 11.989159208383905 ], [ 76.795231752061568, 11.989152931616719 ], [ 76.795170281500006, 11.988754842959294 ], [ 76.795156797361088, 11.988667515627547 ], [ 76.79515256898668, 11.988640129208738 ], [ 76.794994862455425, 11.988636849897267 ], [ 76.794965646234076, 11.988636126876381 ], [ 76.794796935050172, 11.988631949866885 ], [ 76.794362628103315, 11.988567662675614 ], [ 76.793820077819348, 11.988489484010032 ], [ 76.793464327259315, 11.988474770067953 ], [ 76.793120931852926, 11.988464277479912 ], [ 76.792903466375591, 11.988459735287336 ], [ 76.79280960669459, 11.988458321220023 ], [ 76.792759692990373, 11.988457710559484 ], [ 76.792750379706774, 11.98838605760931 ], [ 76.792673013847704, 11.987782831765944 ], [ 76.792669853784844, 11.987757563579647 ], [ 76.792665363782689, 11.9877216610055 ], [ 76.792644258619447, 11.987547944576805 ], [ 76.792623463252795, 11.987376781575104 ], [ 76.792621402960208, 11.987359826141748 ], [ 76.792626193558092, 11.987291630847425 ], [ 76.792629373640864, 11.987246371392592 ], [ 76.792638295082142, 11.987112544962354 ], [ 76.79264410129818, 11.987025457309096 ], [ 76.792641212809571, 11.986986666361121 ], [ 76.792620101227655, 11.986676923492919 ], [ 76.792615653016838, 11.986644840663113 ], [ 76.792599216305931, 11.986519011787273 ], [ 76.791989448839018, 11.986506191251173 ], [ 76.791711123313092, 11.986511889189787 ], [ 76.791658449395385, 11.986513420179858 ], [ 76.79165609207854, 11.986511828967993 ], [ 76.79165191148256, 11.986509013741117 ], [ 76.791574599577956, 11.986457238277172 ], [ 76.791516417617103, 11.986418273920838 ], [ 76.791510401199929, 11.986367664130848 ], [ 76.791460113478792, 11.986348441789888 ], [ 76.791353171699726, 11.986307516718757 ], [ 76.791049602406176, 11.986190865335344 ], [ 76.791037888964766, 11.986189539127723 ], [ 76.791035752677146, 11.986189301492407 ], [ 76.790575001462358, 11.986138125666308 ], [ 76.790026194511299, 11.986082672061931 ], [ 76.789801244744666, 11.986061946689563 ], [ 76.789716838023253, 11.986054234835692 ], [ 76.789685369361067, 11.986051359787856 ], [ 76.789301751623597, 11.985995114212969 ], [ 76.788828278722391, 11.985925691215821 ], [ 76.788565885291888, 11.985887218327207 ], [ 76.788458573685276, 11.985871481651765 ], [ 76.788386920213753, 11.985860977970814 ], [ 76.788377107235732, 11.985857539676363 ], [ 76.788092473931542, 11.98575781306501 ], [ 76.787924548734964, 11.985726529386774 ], [ 76.787599300546347, 11.985665936953703 ], [ 76.787567833825705, 11.985637409785259 ], [ 76.787498527568999, 11.985574513288665 ], [ 76.787425157556413, 11.98550784797918 ], [ 76.787414449300712, 11.98549811854936 ], [ 76.787405050102265, 11.985504393972972 ], [ 76.787388219807113, 11.98551562426918 ], [ 76.787286641078538, 11.985583405760897 ], [ 76.787137240458918, 11.985645122261211 ], [ 76.786854641775761, 11.98573688629328 ], [ 76.786588802946881, 11.985782179442728 ], [ 76.786169880661632, 11.985982634490812 ], [ 76.786035831118113, 11.985949286938814 ], [ 76.786006738417029, 11.985942049296836 ], [ 76.7859562883162, 11.985929497077167 ], [ 76.785907953383514, 11.985917461069912 ], [ 76.785868176843522, 11.985907551692437 ], [ 76.785824862339183, 11.985896760022609 ], [ 76.785756057910888, 11.985797461980635 ], [ 76.785500955348056, 11.985427575820324 ], [ 76.785272541425584, 11.9854551208558 ], [ 76.784685475297692, 11.9855268571535 ], [ 76.784543795407998, 11.98553572696285 ], [ 76.784495076932842, 11.985538802429156 ], [ 76.784489171157162, 11.985563226436826 ], [ 76.784484856476197, 11.985581072309575 ], [ 76.784474743518871, 11.985622934733922 ], [ 76.784453665021559, 11.985641612342581 ], [ 76.784428607433114, 11.98566381623975 ], [ 76.784372480239028, 11.985713550348347 ], [ 76.784232623147602, 11.985837476779301 ], [ 76.784206380635268, 11.985860728638514 ], [ 76.784065237159993, 11.985985790406618 ], [ 76.784026851305896, 11.986001540983576 ], [ 76.783871687065002, 11.986065208919465 ], [ 76.783617231270526, 11.986169619345823 ], [ 76.783539760815387, 11.986201414998124 ], [ 76.783526297364489, 11.9862069406045 ], [ 76.783435677491653, 11.986244129670798 ], [ 76.783200218933118, 11.986343631570469 ], [ 76.783130899854271, 11.986372915623138 ], [ 76.782622620488866, 11.986587642798344 ], [ 76.782139719839989, 11.986791552992955 ], [ 76.782053192856765, 11.986884300529056 ], [ 76.782042587304787, 11.986895659076955 ], [ 76.781601074053995, 11.9873685429188 ], [ 76.780804405376955, 11.988219987367852 ], [ 76.780666042404491, 11.988243063214581 ], [ 76.780623031631961, 11.988250206573106 ], [ 76.77998461180546, 11.988356237663666 ], [ 76.779831458589697, 11.988381533170053 ], [ 76.779776149692736, 11.988390626607616 ], [ 76.779615999386053, 11.988416956274829 ], [ 76.779481474228817, 11.988439072505955 ], [ 76.779327494683869, 11.988464251871026 ], [ 76.779073083157314, 11.988505622260819 ], [ 76.779018013537083, 11.988514530535882 ], [ 76.778878860695883, 11.988548703689345 ], [ 76.77887744348098, 11.988549051667192 ], [ 76.77831452539084, 11.988687245344225 ], [ 76.778119740325039, 11.988735037564538 ], [ 76.777728071603605, 11.988831136631791 ], [ 76.777289636150911, 11.988918810750466 ], [ 76.777133653446256, 11.988950023725973 ], [ 76.776978490555365, 11.988981085883688 ], [ 76.77695911483265, 11.98900543258026 ], [ 76.776958001068891, 11.989006832617074 ], [ 76.776521682809175, 11.98910595864333 ], [ 76.776176629462284, 11.989166982725473 ], [ 76.775799649801684, 11.989249733448146 ], [ 76.775403787905645, 11.989342648875914 ], [ 76.774380247836447, 11.989519901445473 ], [ 76.773508243210003, 11.989689015405871 ], [ 76.773242960731366, 11.989763880957199 ], [ 76.772210752829324, 11.990177000204602 ], [ 76.771492415720886, 11.990664665700008 ], [ 76.770708485266795, 11.991152743547943 ], [ 76.770329923392254, 11.991328773475876 ], [ 76.769202930626264, 11.991737699446665 ], [ 76.768639979240632, 11.991879981095318 ], [ 76.768613776942189, 11.991900419321251 ], [ 76.768480923880816, 11.991924888378596 ], [ 76.768420657286626, 11.991922017511804 ], [ 76.768413750111577, 11.992252507446828 ], [ 76.768356082351445, 11.992262525757415 ], [ 76.768347629543598, 11.992263238114388 ], [ 76.768294300034157, 11.992267731233573 ], [ 76.767729828896023, 11.992296932122825 ], [ 76.767720922394105, 11.992478765022796 ], [ 76.767720919987028, 11.992478818370659 ], [ 76.767718031925483, 11.992517246962487 ], [ 76.76764908033779, 11.993434619753316 ], [ 76.767632430348868, 11.993549583520876 ], [ 76.767539489374684, 11.994187086021956 ], [ 76.767486233114312, 11.994296483909217 ], [ 76.7673082795379, 11.994565102245335 ], [ 76.766992519830993, 11.994848434240165 ], [ 76.766929420409625, 11.994905281967499 ], [ 76.766926969430983, 11.99490749130795 ], [ 76.766834828078913, 11.995014230173085 ], [ 76.766617585204841, 11.995265890512698 ], [ 76.766299259334986, 11.995638910237435 ], [ 76.766236144064109, 11.995710721834939 ], [ 76.765974955469133, 11.996007895154579 ], [ 76.765663740469009, 11.996362175949484 ], [ 76.76566118840762, 11.996365081956267 ], [ 76.76563511691613, 11.996397112242278 ], [ 76.765404375630638, 11.996680591825239 ], [ 76.765142204266979, 11.997012288807261 ], [ 76.765014405889914, 11.99717099387772 ], [ 76.76496622870539, 11.997548829085192 ], [ 76.764937696567202, 11.997648086717339 ], [ 76.764927485328414, 11.997676902862201 ], [ 76.764901018482661, 11.997732874754453 ], [ 76.764786383371927, 11.997975306872121 ], [ 76.76472936458272, 11.998095881045835 ], [ 76.764727999613001, 11.99809876690712 ], [ 76.764715721282101, 11.998124735098527 ], [ 76.76439326485459, 11.998155406852634 ], [ 76.76430926370135, 11.998163396647442 ], [ 76.764294288972849, 11.998386643304071 ], [ 76.764260759220903, 11.998784406747454 ], [ 76.764234795777369, 11.999062498999075 ], [ 76.764230963445812, 11.99909868274521 ], [ 76.763933060507213, 11.999113235680284 ], [ 76.763867588040739, 11.999122266550451 ], [ 76.763422461070533, 11.999139081044063 ], [ 76.763001671093463, 11.999155445932745 ], [ 76.762814389928892, 11.999162793291429 ], [ 76.762709345262564, 11.999166917055271 ], [ 76.762458096547647, 11.99917681213838 ], [ 76.761992461161455, 11.999195248658973 ], [ 76.761453211625437, 11.999216713156896 ], [ 76.761412159603267, 11.999218350961973 ], [ 76.761335652514802, 11.999221409635545 ], [ 76.760972982159771, 11.999235923236913 ], [ 76.760739670702094, 11.999245287203269 ], [ 76.760698038001863, 11.999216885911032 ], [ 76.760626234806935, 11.999168016540606 ], [ 76.760543072181534, 11.999111620037457 ], [ 76.760219163320826, 11.999141825374453 ], [ 76.759767592778218, 11.999184492223694 ], [ 76.759240042231212, 11.999233106685258 ], [ 76.759207420183813, 11.999236141106211 ], [ 76.758665228130354, 11.999286570374263 ], [ 76.757849738612052, 11.99936231296088 ], [ 76.757822404061727, 11.999364849382824 ], [ 76.757775863653947, 11.999369167891153 ], [ 76.757752455798013, 11.999371339758389 ], [ 76.757752388232021, 11.999366439884167 ], [ 76.757735194553049, 11.999367994192479 ], [ 76.75763783935362, 11.999376904796296 ], [ 76.757636972304923, 11.999223839403294 ], [ 76.757589694905704, 11.999226365458989 ], [ 76.757582006568157, 11.999226776227049 ], [ 76.757001092484714, 11.999257784625897 ], [ 76.756888513847997, 11.999261835101075 ], [ 76.756829023443743, 11.999263975783538 ], [ 76.756717585801326, 11.999269108284947 ], [ 76.756673142524392, 11.999271149960215 ], [ 76.756603618847933, 11.999274017976264 ], [ 76.756449999557418, 11.999280354337593 ], [ 76.755631415204434, 11.999256253497597 ], [ 76.755590854284108, 11.999255056205966 ], [ 76.755590272299742, 11.999251961122008 ], [ 76.755522412480843, 11.999249735530618 ], [ 76.755524574056338, 11.999320680108784 ], [ 76.755482067079697, 11.999328652007133 ], [ 76.755383803405792, 11.999322778936376 ], [ 76.75499626841497, 11.99929961507496 ], [ 76.754995729201852, 11.999299581394515 ], [ 76.754952139851156, 11.999296803917108 ], [ 76.754576939086988, 11.99927289681075 ], [ 76.754334722030038, 11.999257462646552 ], [ 76.754138825767498, 11.999288351870531 ], [ 76.754038901295004, 11.999304103959643 ], [ 76.753880611756856, 11.999329056095165 ], [ 76.753254880344414, 11.999425544954473 ], [ 76.75269141299016, 11.999530995687724 ], [ 76.752596346629076, 11.999550875025932 ], [ 76.752529968062518, 11.999564755052688 ], [ 76.752526144429908, 11.999545120804351 ], [ 76.752511276265594, 11.999468762370109 ], [ 76.752417286783071, 11.999469142130849 ], [ 76.752075616147735, 11.999470521224541 ], [ 76.752007111528059, 11.999467006171518 ], [ 76.751928895499887, 11.99946913197997 ], [ 76.751388940867955, 11.999483981004419 ], [ 76.751301670378268, 11.999486416409844 ], [ 76.751285681499112, 11.999486862680223 ], [ 76.750905387037236, 11.999708781988781 ], [ 76.750754092988387, 11.999708746853203 ], [ 76.750520380948416, 11.999774994117752 ], [ 76.750486048981841, 11.999784732896048 ], [ 76.750477688690495, 11.999763413991992 ], [ 76.750470785726151, 11.999745810248056 ], [ 76.750450802194806, 11.999694842152245 ], [ 76.750374967022921, 11.999706079833055 ], [ 76.749995680018571, 11.999762283099072 ], [ 76.749964732395327, 11.999751924808701 ], [ 76.749358259275951, 11.999548930582998 ], [ 76.749354936525876, 11.999555241045236 ], [ 76.749307320419277, 11.999645674366658 ], [ 76.749214368617331, 11.999822212183492 ], [ 76.749189936469804, 11.999868620079015 ], [ 76.749190942469966, 11.999885219373111 ], [ 76.749211403584681, 12.000222818459127 ], [ 76.74921973493035, 12.000308564898873 ], [ 76.7492535472973, 12.000657423281151 ], [ 76.749253887928788, 12.000677205928492 ], [ 76.749259318335433, 12.00099251982218 ], [ 76.749262236396831, 12.001163329341059 ], [ 76.74925822716466, 12.00125055132801 ], [ 76.749156384985199, 12.001266283057285 ], [ 76.747742714099715, 12.001484648063135 ], [ 76.74773452061693, 12.001485913248414 ], [ 76.74757295683871, 12.001533193842308 ], [ 76.74665918349595, 12.001800602632773 ], [ 76.746563634727636, 12.001828645779664 ], [ 76.746535540726555, 12.001845505391396 ], [ 76.745925660955749, 12.001952646970238 ], [ 76.74592399613249, 12.001982442591924 ], [ 76.745905107445708, 12.002268994964965 ], [ 76.745870996546515, 12.002797883497616 ], [ 76.745608147478023, 12.00324026011587 ], [ 76.745574728112331, 12.003296723406002 ], [ 76.74553055922793, 12.00337134818071 ], [ 76.745522880878269, 12.003384320801118 ], [ 76.745518151680045, 12.00337286830228 ], [ 76.745437040952694, 12.003372155827543 ], [ 76.74547273047763, 12.003595572833776 ], [ 76.745475862864765, 12.003615298326004 ], [ 76.745509288186796, 12.003827033200785 ], [ 76.745527839937168, 12.003910838592402 ], [ 76.745537589548249, 12.003967418519796 ], [ 76.745580901259117, 12.004221726599617 ], [ 76.745682325521329, 12.004856725925977 ], [ 76.7458125772567, 12.005314688748113 ], [ 76.746010737909074, 12.005900447743985 ], [ 76.746016625776832, 12.005917850940175 ], [ 76.745904056446676, 12.005914199261623 ], [ 76.745900307521325, 12.005913956899741 ], [ 76.745843011672463, 12.005910247641735 ], [ 76.745931017363048, 12.006138495868656 ], [ 76.745943151771414, 12.00616996624901 ], [ 76.746010921617355, 12.006309737157286 ], [ 76.746031814363235, 12.006382985955444 ], [ 76.746066655628539, 12.006654993638367 ], [ 76.746150199713313, 12.007026151859717 ], [ 76.746169701759868, 12.007105723419375 ], [ 76.746177176288725, 12.007136220388629 ], [ 76.746256160649764, 12.007458482402766 ], [ 76.746263104365397, 12.007594144837789 ], [ 76.746266999272208, 12.007664784251574 ], [ 76.74629261392468, 12.008046577455977 ], [ 76.746303894839954, 12.00817372197716 ], [ 76.746303740757625, 12.008193559260235 ], [ 76.746303315029564, 12.008248477901603 ], [ 76.74581759635366, 12.008259069339779 ], [ 76.745595544890065, 12.00826348187274 ], [ 76.745449922811986, 12.00826637496205 ], [ 76.745434057392643, 12.008266689123664 ], [ 76.745408362334217, 12.008267046554113 ], [ 76.745365296290771, 12.008267633525261 ], [ 76.74531548898841, 12.008277719710597 ], [ 76.745000788244667, 12.008341027560688 ], [ 76.744989370388083, 12.008341983774686 ], [ 76.744853759320378, 12.008353335654094 ], [ 76.744413670490474, 12.008389822974031 ], [ 76.744304449343161, 12.008398788967503 ], [ 76.744179479229857, 12.008409047265451 ], [ 76.743707435714114, 12.008463522587963 ], [ 76.743683016846163, 12.008461859705609 ], [ 76.743681462108796, 12.008461839569112 ], [ 76.743590543947292, 12.0084604475721 ], [ 76.743581158838609, 12.008460650718511 ], [ 76.743453602969254, 12.008463367772027 ], [ 76.742826224742572, 12.008474697071467 ], [ 76.742821263978485, 12.008474786744125 ], [ 76.742742990517002, 12.008476018489596 ], [ 76.742717821958166, 12.00847629465455 ], [ 76.742614406429269, 12.009329454023581 ], [ 76.742613858891374, 12.00936825511914 ], [ 76.742607727177557, 12.009798847272421 ], [ 76.742607258472319, 12.009831771274335 ], [ 76.742606583572197, 12.009879181511323 ], [ 76.742539982819025, 12.009879299155191 ], [ 76.742434927906857, 12.009879398779805 ], [ 76.742406365483404, 12.009879414952691 ], [ 76.742417791552384, 12.009341043028801 ], [ 76.742334809686341, 12.009340241209088 ], [ 76.741409791250575, 12.009328664462389 ], [ 76.741333647580092, 12.009327711285509 ], [ 76.741256639786911, 12.009726318399343 ], [ 76.741237727296635, 12.009824212358952 ], [ 76.741212893836888, 12.009821356829342 ], [ 76.741089674858316, 12.009807183524755 ], [ 76.740999283941989, 12.009796756053113 ], [ 76.740917636637448, 12.009787316374133 ], [ 76.740920322635461, 12.009776895138582 ], [ 76.741037332218028, 12.009322977342828 ], [ 76.740927070541176, 12.008910071306161 ], [ 76.740890962636669, 12.008772968263367 ], [ 76.740763032312231, 12.008262546813304 ], [ 76.740735141750577, 12.008151266459546 ], [ 76.740620061808698, 12.007692109476009 ], [ 76.740664609334885, 12.007378306465863 ], [ 76.74066401513717, 12.007373431521799 ], [ 76.740599268399137, 12.006839409350354 ], [ 76.740592073926848, 12.006780072446972 ], [ 76.740582207192432, 12.006698690258379 ], [ 76.73984311635563, 12.006501978010499 ], [ 76.73982837635721, 12.006451156248399 ], [ 76.739781850494111, 12.006290651056501 ], [ 76.739747339088112, 12.006171493950426 ], [ 76.739683881434829, 12.005952280016716 ], [ 76.739537647595441, 12.005446328334141 ], [ 76.739531695589278, 12.0054257343819 ], [ 76.739510200081, 12.005426268508932 ], [ 76.73948220992375, 12.00542696415202 ], [ 76.739315324790027, 12.005431112403905 ], [ 76.738534025332285, 12.005449611933765 ], [ 76.738422184052453, 12.005452259573515 ], [ 76.738373016959301, 12.005453342535652 ], [ 76.737738525194089, 12.005467320675432 ], [ 76.737366742021152, 12.005445568586252 ], [ 76.737279869461247, 12.005440443049247 ], [ 76.736779300489872, 12.005410594157393 ], [ 76.736130175987896, 12.005370955434747 ], [ 76.736120827887305, 12.005218062193123 ], [ 76.736116927141495, 12.005153536670932 ], [ 76.736109544559127, 12.005030248460169 ], [ 76.73611329875645, 12.004994608366333 ], [ 76.736123416215349, 12.004993779922536 ], [ 76.736124454696238, 12.00498187017687 ], [ 76.736145972045861, 12.004734686198072 ], [ 76.736164173697858, 12.004524797447656 ], [ 76.736169235259467, 12.004466182414406 ], [ 76.736170546582443, 12.004450994132657 ], [ 76.736172729526274, 12.004425084035814 ], [ 76.736210712526898, 12.003974244012108 ], [ 76.736215869102836, 12.003904083054987 ], [ 76.736217751028136, 12.003878485787272 ], [ 76.736270537590372, 12.003160315382107 ], [ 76.73624622396143, 12.003147486358124 ], [ 76.735957048621984, 12.002994897643743 ], [ 76.735834277350151, 12.002994948878905 ], [ 76.735796422035321, 12.002994964083172 ], [ 76.735559884476004, 12.002995325074146 ], [ 76.735443860553403, 12.002975886550088 ], [ 76.735379912762085, 12.002965184424044 ], [ 76.735342817402341, 12.002958976531891 ], [ 76.735218306538371, 12.00293815687488 ], [ 76.734638828656045, 12.002874922516362 ], [ 76.734124180974504, 12.002810604419238 ], [ 76.733972054552439, 12.002791579761325 ], [ 76.733946226725152, 12.002788349989627 ], [ 76.733735517368601, 12.002761991061147 ], [ 76.733621647931571, 12.002747747907797 ], [ 76.733185252880304, 12.002744461991831 ], [ 76.733179303481478, 12.002672042995508 ], [ 76.733178862759544, 12.002666589435018 ], [ 76.733057521795331, 12.001165209460261 ], [ 76.733047788103733, 12.001043736185357 ], [ 76.733039019322845, 12.000934305790665 ], [ 76.732946601616945, 11.999780953734245 ], [ 76.73296274795247, 11.999740021047904 ], [ 76.732894700159164, 11.9996456804757 ], [ 76.732826045085616, 11.999595546300307 ], [ 76.732809339643012, 11.999477252887541 ], [ 76.732766259841171, 11.999171241345417 ], [ 76.732750609398494, 11.99905968401289 ], [ 76.732744951068227, 11.998983617497624 ], [ 76.732711376119923, 11.998817902892828 ], [ 76.732552031958448, 11.998545299092587 ], [ 76.732546795044712, 11.9985363452596 ], [ 76.732508141803521, 11.998415229004289 ], [ 76.732409286166359, 11.998104938823333 ], [ 76.732413059947291, 11.998003271644027 ], [ 76.732415347635026, 11.997941653606786 ], [ 76.732424378516143, 11.997698408426899 ], [ 76.732365578937674, 11.997128427766445 ], [ 76.732322268319407, 11.996649038134606 ], [ 76.732300289353958, 11.996454986636632 ], [ 76.732228273063313, 11.995804780820343 ], [ 76.732173695707232, 11.995465462317721 ], [ 76.732160975786044, 11.995386381342927 ], [ 76.732020169722219, 11.994577957054922 ], [ 76.731987887725865, 11.994487567420594 ], [ 76.731962625896386, 11.994420544177371 ], [ 76.731842844172874, 11.994129249425079 ], [ 76.731582810787089, 11.993490073650998 ], [ 76.731531548956141, 11.993462308278712 ], [ 76.731528578524561, 11.993452951687114 ], [ 76.731469969871029, 11.993419393967622 ], [ 76.731294692334188, 11.99331903552611 ], [ 76.7312806530351, 11.993310997549804 ], [ 76.731261905682658, 11.993289369631546 ], [ 76.731225227847304, 11.993247066936178 ], [ 76.731223625719352, 11.993245219205736 ], [ 76.73121516157893, 11.993236427201525 ], [ 76.731206500888263, 11.993225467813561 ], [ 76.731203553788234, 11.993222069068995 ], [ 76.731179716116728, 11.993194575185679 ], [ 76.731161850575504, 11.993168966192489 ], [ 76.731123829666984, 11.993114465618385 ], [ 76.730986644464195, 11.992917819392934 ], [ 76.730947366530174, 11.992867914150629 ], [ 76.73094406819537, 11.992863719377318 ], [ 76.730603771138377, 11.992430529197957 ], [ 76.730581703266211, 11.99227751762832 ], [ 76.730581135524503, 11.992273584392374 ], [ 76.730557354703649, 11.992090250127573 ], [ 76.730519736019275, 11.991848652573784 ], [ 76.730509989176426, 11.991781388592281 ], [ 76.730451907543795, 11.991454829533772 ], [ 76.730430282586397, 11.99129405649605 ], [ 76.730425800646614, 11.991261047169095 ], [ 76.730404539259695, 11.991156141119461 ], [ 76.730263851519709, 11.991016478996803 ], [ 76.730193246300729, 11.990978021448553 ], [ 76.730188236607077, 11.99097528809051 ], [ 76.730062387211206, 11.990906786103697 ], [ 76.730039323896648, 11.990848604175707 ], [ 76.730026672396036, 11.990816688473457 ], [ 76.729945086631247, 11.990635631174989 ], [ 76.729856294518342, 11.990524815378445 ], [ 76.729838692441774, 11.99050923135588 ], [ 76.729414834089795, 11.990129212662813 ], [ 76.729414527445101, 11.990128929808881 ], [ 76.728836348440609, 11.989596658798334 ], [ 76.728830548967693, 11.989591304279932 ], [ 76.72878446369279, 11.989548779884959 ], [ 76.728579280063784, 11.989555530666046 ], [ 76.728481695048686, 11.989558741766636 ], [ 76.72840135794425, 11.989561737916949 ], [ 76.727578148151053, 11.989592442462156 ], [ 76.727152140512473, 11.989608784808565 ], [ 76.726978118006571, 11.98961545796562 ], [ 76.7269281874662, 11.989617373087714 ], [ 76.726931213156689, 11.989433819505068 ], [ 76.726858720743138, 11.989075475994369 ], [ 76.726209816239844, 11.988954746523723 ], [ 76.725324058996634, 11.988581280374767 ], [ 76.725182614087927, 11.988521700035083 ], [ 76.72510805886283, 11.988529152284856 ], [ 76.725126939281253, 11.988544539858156 ], [ 76.724986182486731, 11.988477931384447 ], [ 76.724912646118042, 11.988485907932567 ], [ 76.724823545551317, 11.987887202687418 ], [ 76.724816957226196, 11.987842933723638 ], [ 76.724124822201617, 11.987902115959661 ], [ 76.723341744850472, 11.987969686183053 ], [ 76.722876116673845, 11.988036677708328 ], [ 76.722294630527813, 11.987819615169997 ], [ 76.722258803610799, 11.987806324812903 ], [ 76.722179241121466, 11.987776810531356 ], [ 76.722036878723941, 11.987724000262014 ], [ 76.72200908947292, 11.987713712238431 ], [ 76.721848512959397, 11.987760810541815 ], [ 76.721225897459661, 11.987942909642827 ], [ 76.721159712441676, 11.987935591959555 ], [ 76.720869351763639, 11.987903395950259 ], [ 76.720851188044563, 11.987909777436121 ], [ 76.720583641119731, 11.988003663321528 ], [ 76.720535440747099, 11.988007201913481 ], [ 76.719620209458569, 11.988071909824749 ], [ 76.719048875394279, 11.988110470729872 ], [ 76.71890801452497, 11.988127571299275 ], [ 76.718856111937313, 11.988133872245172 ], [ 76.718650071901948, 11.988097469205673 ], [ 76.71851154304008, 11.988104533909983 ], [ 76.718339427607816, 11.988065212407095 ], [ 76.718104120424982, 11.988011454271779 ], [ 76.717700730568041, 11.988054330114224 ], [ 76.71733596096395, 11.98809301104926 ], [ 76.717094091445603, 11.988118659578195 ], [ 76.716771329959485, 11.988152816461691 ], [ 76.716754418471794, 11.988071632772963 ], [ 76.71675170272016, 11.988058608803286 ], [ 76.716728548043932, 11.987895759304815 ], [ 76.71665454185964, 11.987376410644112 ], [ 76.71664400352374, 11.987297814803192 ], [ 76.716641284166698, 11.987277537427769 ], [ 76.716614273190828, 11.98707778812352 ], [ 76.71657460082254, 11.986791406148157 ], [ 76.716528743234306, 11.98646037267082 ], [ 76.716400445117003, 11.985584633241627 ], [ 76.71638296768856, 11.985468327527453 ], [ 76.716382990211059, 11.98546753280303 ], [ 76.716384373240558, 11.985417888440455 ], [ 76.716384995251175, 11.985395870336655 ], [ 76.716385720121082, 11.985370223985612 ], [ 76.716381458465008, 11.985354772381593 ], [ 76.716271420266466, 11.984953870245826 ], [ 76.716271290562077, 11.984953396457991 ], [ 76.716043434428855, 11.984117406330105 ], [ 76.716017792314929, 11.984018748072044 ], [ 76.71491122845498, 11.98408997756389 ], [ 76.714652393412152, 11.984106539466474 ], [ 76.714180507476513, 11.984136732939216 ], [ 76.714079500231975, 11.984182081891841 ], [ 76.71384377008647, 11.984288250328261 ], [ 76.713835822544496, 11.984288296229305 ], [ 76.71373385048399, 11.984288881074161 ], [ 76.712494763072598, 11.984294820845811 ], [ 76.712096141396955, 11.984304234640859 ], [ 76.711937607627718, 11.984307978501032 ], [ 76.71187170146051, 11.984309512040817 ], [ 76.711624802779269, 11.984411844538629 ], [ 76.711460097542499, 11.984480098684298 ], [ 76.71140152417081, 11.984501041636024 ], [ 76.711260720290738, 11.984551386700053 ], [ 76.711166884285305, 11.984584937483101 ], [ 76.710789483416931, 11.984688267889675 ], [ 76.710687066202979, 11.984699860183834 ], [ 76.709831757791349, 11.984796670368251 ], [ 76.709649984479043, 11.984817244781475 ], [ 76.709555008012032, 11.984827942442839 ], [ 76.708811873571634, 11.984974466869327 ], [ 76.708503557871751, 11.985007218621805 ], [ 76.70842621232967, 11.985015428247431 ], [ 76.708354909493067, 11.985022922125598 ], [ 76.708283101063742, 11.985030469691138 ], [ 76.708158206847912, 11.985041445129948 ], [ 76.707915903834476, 11.98506272376239 ], [ 76.707684811211166, 11.985083018139566 ], [ 76.70751708466257, 11.985097730129532 ], [ 76.707293009332247, 11.985117383899073 ], [ 76.707075786314874, 11.985136436184712 ], [ 76.70650592865266, 11.985209912128855 ], [ 76.706264052229031, 11.985235006044965 ], [ 76.705458717665337, 11.985318467279646 ], [ 76.705332872826531, 11.985331509233985 ], [ 76.705253830928996, 11.985313230224373 ], [ 76.705057180509328, 11.985267797528071 ], [ 76.70451485087861, 11.985342893660935 ], [ 76.704213272984191, 11.985290757554141 ], [ 76.704146926081279, 11.985291642940085 ], [ 76.703330394566279, 11.985302536627795 ], [ 76.703193711536073, 11.985271579405 ], [ 76.703139814024368, 11.985259372574985 ], [ 76.703088547211436, 11.985247761731658 ], [ 76.703150429397468, 11.985708977215708 ], [ 76.703198662451769, 11.986071460634673 ], [ 76.703202265697669, 11.986098579585155 ], [ 76.703214767800446, 11.986180540847418 ], [ 76.703228188275503, 11.986268529633527 ], [ 76.703232246699699, 11.986295168517941 ], [ 76.703367540610856, 11.987188724911167 ], [ 76.703386724392999, 11.987389344258693 ], [ 76.703400847466952, 11.987537045124403 ], [ 76.703477566325162, 11.988315756192524 ], [ 76.703513800453194, 11.988496604085702 ], [ 76.703536339455923, 11.988609096462877 ], [ 76.703564594012747, 11.988749779685643 ], [ 76.703574072941947, 11.988796939188362 ], [ 76.703646807248248, 11.989158825819693 ], [ 76.70366853332402, 11.989232912452124 ], [ 76.703741669334036, 11.989482023403141 ], [ 76.703770533280149, 11.989580338235708 ], [ 76.703825307664175, 11.989766629047677 ], [ 76.703959495501437, 11.990365265092651 ], [ 76.703970369449763, 11.990403809360712 ], [ 76.703970392965971, 11.990403898710808 ], [ 76.703978360869371, 11.990432073123626 ], [ 76.704063189067753, 11.990742437266372 ], [ 76.704116964543815, 11.990939189361882 ], [ 76.704130687547504, 11.990989398301165 ], [ 76.703492136931175, 11.990841299468471 ], [ 76.703443528447337, 11.990830025211549 ], [ 76.703516512244988, 11.990940554626977 ], [ 76.703613828699119, 11.991086908634658 ], [ 76.703643540715618, 11.991131591990001 ], [ 76.703626142239187, 11.991159950561835 ], [ 76.703614194540961, 11.991179426091572 ], [ 76.703566773356997, 11.991256530463943 ], [ 76.703559104628212, 11.991268998589122 ], [ 76.7035071991602, 11.991353174885306 ], [ 76.70350353656741, 11.991347350277209 ], [ 76.703471757984133, 11.991298918052808 ], [ 76.703291018566958, 11.991023461759706 ], [ 76.702561171526014, 11.991212141186463 ], [ 76.702470383014102, 11.991236017430507 ], [ 76.702459537145941, 11.991336308557521 ], [ 76.702416901827121, 11.991730566690137 ], [ 76.702410630527439, 11.991788555752866 ], [ 76.702343776552809, 11.992425575468793 ], [ 76.702339379403725, 11.992467474186595 ], [ 76.702329022085252, 11.992568511735788 ], [ 76.702235646099126, 11.992747061564391 ], [ 76.702207934147978, 11.992800050025627 ], [ 76.702026181225946, 11.993148175332152 ], [ 76.702008967324772, 11.993236166854601 ], [ 76.701984258230581, 11.993362120145738 ], [ 76.701951520245629, 11.993892154397349 ], [ 76.701949122205917, 11.993931886798032 ], [ 76.701948118882243, 11.993948623613212 ], [ 76.701947205260666, 11.993963851153623 ], [ 76.701551406505644, 11.993951057492858 ], [ 76.701492104745199, 11.99404814744806 ], [ 76.70133923960509, 11.994477860337234 ], [ 76.701255885608902, 11.994712173896094 ], [ 76.701247447506603, 11.994736111738485 ], [ 76.701247402401734, 11.994736240376653 ], [ 76.701192502159387, 11.994893487322857 ], [ 76.701168444104866, 11.994962395078279 ], [ 76.70096945482733, 11.99556162626221 ], [ 76.700964427070318, 11.995577081293495 ], [ 76.700935801954387, 11.99566508066658 ], [ 76.700822625269026, 11.995639883059809 ], [ 76.700822179323922, 11.995641251671682 ], [ 76.700815990560457, 11.995639952297008 ], [ 76.700802956927006, 11.995699528243428 ], [ 76.700802264953438, 11.995702663808387 ], [ 76.700627674283297, 11.996248353511481 ], [ 76.700503668402902, 11.996635939325403 ], [ 76.700477249660224, 11.996719262584806 ], [ 76.699697627042156, 11.996739621015132 ], [ 76.69970327623804, 11.996883427788092 ], [ 76.699709707733703, 11.997507623604349 ], [ 76.699704652572578, 11.997841857593302 ], [ 76.69970092385833, 11.998088386403269 ], [ 76.699700858133426, 11.99809093962174 ], [ 76.699698010820882, 11.998201310302381 ], [ 76.699669172150834, 11.99820197990692 ], [ 76.699341531711312, 11.998209583968505 ], [ 76.698871362299542, 11.998220495356961 ], [ 76.698195946826715, 11.998203158324605 ], [ 76.698128356410905, 11.998201906916552 ], [ 76.697877408599922, 11.998197258839937 ], [ 76.697790072031722, 11.998195963516597 ], [ 76.697860650190151, 11.998666025626264 ], [ 76.697869472687785, 11.998702555012223 ], [ 76.696935167653479, 11.99879613112452 ], [ 76.696819656958084, 11.998806965924402 ], [ 76.696818826078342, 11.998803610890356 ], [ 76.696745560848726, 11.998810746292367 ], [ 76.696747519879125, 11.999175432809688 ], [ 76.696747535179483, 11.99918536467989 ], [ 76.696747549524233, 11.999195143784275 ], [ 76.696620294080077, 11.999208295201596 ], [ 76.696488127335783, 11.999221953632555 ], [ 76.696187222357139, 11.999253017466517 ], [ 76.69617247841731, 11.999254539625403 ], [ 76.696065067824264, 11.999297909708588 ], [ 76.695773679901222, 11.999415565005263 ], [ 76.695687637005605, 11.999450307218547 ], [ 76.695678793417201, 11.999451196075064 ], [ 76.695096527281152, 11.999509055960729 ], [ 76.695027769824037, 11.999515812896567 ], [ 76.694924969960468, 11.99952591549736 ], [ 76.694796399126787, 12.000605126190276 ], [ 76.694260072985301, 12.00069296880539 ], [ 76.694086226246228, 12.000720956164427 ], [ 76.693664163396321, 12.000717092782192 ], [ 76.693462915921458, 12.00071935213381 ], [ 76.693241417660772, 12.000721965296083 ], [ 76.693133170787959, 12.000718643684438 ], [ 76.692913820220497, 12.000711979650521 ], [ 76.69270774182381, 12.00070571878638 ], [ 76.692504049882075, 12.000699593395014 ], [ 76.69248027461667, 12.00069887841725 ], [ 76.692363219108429, 12.000696027418289 ], [ 76.692145050567007, 12.000690732382816 ], [ 76.691953363989327, 12.000686104196328 ], [ 76.691912407420361, 12.000685115191366 ], [ 76.691792799869575, 12.000682232375302 ], [ 76.691569764983413, 12.000781677486307 ], [ 76.690833437783994, 12.000753838487698 ], [ 76.689786973809603, 12.000666880075638 ], [ 76.688875144804925, 12.000546816867583 ], [ 76.68681134990328, 12.000369117506187 ], [ 76.686657691330851, 12.000273176987289 ], [ 76.686326114617287, 12.000282350149543 ], [ 76.684902773791222, 12.0005384737648 ], [ 76.684137670718897, 12.000571780794084 ], [ 76.683105805169888, 12.000488297033924 ], [ 76.68095630462463, 12.000594497149015 ], [ 76.680746674936088, 12.00087559532208 ], [ 76.679522731021493, 12.000965460407446 ], [ 76.678954966958869, 12.001087261124104 ], [ 76.678084954039775, 12.001246750733811 ], [ 76.677557008171831, 12.00132525782095 ], [ 76.675742961552771, 12.001461696093273 ], [ 76.674173906425409, 12.001485439095585 ], [ 76.673667557493033, 12.001665282899006 ], [ 76.673412317988337, 12.001747908580372 ], [ 76.672863951166107, 12.001925423274539 ], [ 76.672815768336719, 12.001943198911782 ], [ 76.672795752546264, 12.001950582991777 ], [ 76.672790393805158, 12.001952559498417 ], [ 76.672662557209577, 12.001937775201156 ], [ 76.672652293782136, 12.001936588153043 ], [ 76.672629645141896, 12.001933969103828 ], [ 76.672592484015823, 12.00206946886364 ], [ 76.672615845318447, 12.002164548580344 ], [ 76.672711783020461, 12.002555006953401 ], [ 76.672726473690219, 12.002614585693216 ], [ 76.672727193238131, 12.002617502164037 ], [ 76.672728476137536, 12.002622724946264 ], [ 76.672674481297804, 12.002922854986432 ], [ 76.672647682397596, 12.003072729434605 ], [ 76.672640639823058, 12.003112116542617 ], [ 76.672467196533603, 12.003612368720606 ], [ 76.672267265651101, 12.004178954448294 ], [ 76.672104989909315, 12.004632706632092 ], [ 76.672096847494402, 12.004655474233193 ], [ 76.672086029930213, 12.004685651511249 ], [ 76.672038609248702, 12.004818601872532 ], [ 76.672027473058918, 12.004848634608647 ], [ 76.671909883978998, 12.005165749102982 ], [ 76.671593633783786, 12.00600292067346 ], [ 76.671577783139853, 12.006044878914077 ], [ 76.671569777256906, 12.006066270732543 ], [ 76.671298624137492, 12.006088797454057 ], [ 76.670214448760206, 12.006178883787149 ], [ 76.669505153661774, 12.006408902090289 ], [ 76.669427889119845, 12.006408405027639 ], [ 76.669391977369543, 12.006408174602761 ], [ 76.669309316802241, 12.006407645529555 ], [ 76.669266502973386, 12.006407371305722 ], [ 76.669183723941913, 12.006406841998304 ], [ 76.66915800460562, 12.006407721379974 ], [ 76.669143541021981, 12.006408213580533 ], [ 76.669099278991681, 12.006409717976563 ], [ 76.668912780950492, 12.006416055839283 ], [ 76.66800874553924, 12.006449890531277 ], [ 76.667981743235842, 12.006450902206542 ], [ 76.667938213817948, 12.00645253312946 ], [ 76.667334767448153, 12.006475142659434 ], [ 76.666969301726084, 12.006486329190221 ], [ 76.666651755627626, 12.006495875546143 ], [ 76.666153774214493, 12.006509626021488 ], [ 76.665886576461858, 12.006516473317676 ], [ 76.665592734780489, 12.006523639930275 ], [ 76.665578872559166, 12.006523970169152 ], [ 76.665532577153087, 12.006485541643201 ], [ 76.665468507726047, 12.006432360107162 ], [ 76.665437035439183, 12.006392761227097 ], [ 76.665434954133232, 12.006390143017509 ], [ 76.665416223132311, 12.006390166857843 ], [ 76.664419642398386, 12.006391440587302 ], [ 76.663826213441808, 12.006448621946715 ], [ 76.6633100537682, 12.006525957134754 ], [ 76.663193713658288, 12.006554867829584 ], [ 76.663186149961817, 12.006646944197326 ], [ 76.661269145153724, 12.007345041684571 ], [ 76.660398971236603, 12.007583410064552 ], [ 76.659750180956408, 12.007769636314723 ], [ 76.659482526802904, 12.007705450307384 ], [ 76.658977880148186, 12.00762473021296 ], [ 76.657524846686428, 12.007409113264535 ], [ 76.656759150590148, 12.007350865146615 ], [ 76.656485186405675, 12.007341022549641 ], [ 76.656484759356957, 12.007338010269981 ], [ 76.656459742332999, 12.007340108342611 ], [ 76.656426229967479, 12.00734291935111 ], [ 76.656393503258926, 12.007345665135407 ], [ 76.655728720420953, 12.007401434409273 ], [ 76.654755019506069, 12.00748327415487 ], [ 76.654752218677032, 12.007480710734471 ], [ 76.654594294800475, 12.00733619462291 ], [ 76.654510070776382, 12.007254478454266 ], [ 76.65414275765842, 12.00689810625958 ], [ 76.653468882259418, 12.006244295567486 ], [ 76.653420192124457, 12.00619676401527 ], [ 76.652497080236344, 12.006439445698488 ], [ 76.652473281691172, 12.006445595134894 ], [ 76.652480979873559, 12.00656281374169 ], [ 76.652518086730623, 12.007127906141669 ], [ 76.652536572724529, 12.007329260652158 ], [ 76.652504030193228, 12.007328341920307 ], [ 76.652378619503779, 12.007324806075051 ], [ 76.65237560331235, 12.007324720839263 ], [ 76.651413579883169, 12.007297585970798 ], [ 76.65136895756666, 12.007296274681524 ], [ 76.650618790366522, 12.007355222698431 ], [ 76.650315309918568, 12.006196696586498 ], [ 76.649959216460161, 12.005507952826594 ], [ 76.649703854480862, 12.005635899623316 ], [ 76.64947569984696, 12.005110002496075 ], [ 76.649439098616682, 12.005128083037341 ], [ 76.649337336056121, 12.005178959568035 ], [ 76.649030747042943, 12.00430894987057 ], [ 76.648956320351402, 12.004102435414227 ], [ 76.648936705399976, 12.00404800945179 ], [ 76.648786486926781, 12.003631193486914 ], [ 76.648702368034662, 12.002558239514414 ], [ 76.648697300932881, 12.002493592202082 ], [ 76.648695742088563, 12.002473720746616 ], [ 76.648687527232511, 12.002368914861716 ], [ 76.648682369582971, 12.002338609014098 ], [ 76.648680795406435, 12.002329506027809 ], [ 76.648425411226938, 12.001131223059909 ], [ 76.648276337925495, 12.000588678466551 ], [ 76.648163343170879, 12.000225787213049 ], [ 76.647916478573791, 11.998943309076955 ], [ 76.647840878744276, 11.998656735855954 ], [ 76.647744192476495, 11.998098574799357 ], [ 76.647554754922879, 11.99698988334031 ], [ 76.647488805443032, 11.996498131165335 ], [ 76.647342765182088, 11.995559791182032 ], [ 76.647263099403006, 11.995443658135827 ], [ 76.647045191594117, 11.994066650148881 ], [ 76.646874422860805, 11.993951053726404 ], [ 76.646572795123092, 11.992789802096093 ], [ 76.646370497721563, 11.992483043650672 ], [ 76.645982611960505, 11.991118992809588 ], [ 76.6458000876179, 11.990566955521412 ], [ 76.645410447638255, 11.989914481399042 ], [ 76.644834045501284, 11.989011962202897 ], [ 76.644778550871862, 11.988874757653088 ], [ 76.644583395174124, 11.988242068964942 ], [ 76.644158357777599, 11.98826250305088 ], [ 76.644082095296383, 11.988206144413256 ], [ 76.64365058242268, 11.987658555652764 ], [ 76.643389417936859, 11.98715780352909 ], [ 76.643104773104511, 11.986289444367939 ], [ 76.642990623055141, 11.985994125148968 ], [ 76.642838873437071, 11.985005394332791 ], [ 76.642818609246547, 11.98466766660483 ], [ 76.642889389710817, 11.983315866277376 ], [ 76.642998452890765, 11.982156031397428 ], [ 76.642924795069035, 11.982153018994815 ], [ 76.642431745898548, 11.981954518188628 ], [ 76.642294019738202, 11.981899069517894 ], [ 76.642028084631065, 11.981775382469905 ], [ 76.641999401452765, 11.981775360687267 ], [ 76.641771204876576, 11.981773802097678 ], [ 76.641507392185019, 11.981771999937918 ], [ 76.641380031155165, 11.981771129547498 ], [ 76.641370318845233, 11.981771063486736 ], [ 76.641370331238178, 11.981771746837021 ], [ 76.641260882267559, 11.981778715823967 ], [ 76.640818191346966, 11.981806904770004 ], [ 76.640700163103915, 11.981814420066565 ], [ 76.640544980875958, 11.981824300711958 ], [ 76.640469876523881, 11.981959280695454 ], [ 76.640017394814365, 11.982159885807196 ], [ 76.640020093527781, 11.982321106377592 ], [ 76.640004406132462, 11.982322519829708 ], [ 76.63993167699067, 11.982329168572122 ], [ 76.639931385162114, 11.982329195591838 ], [ 76.639835832653844, 11.982337930507022 ], [ 76.638930839618638, 11.982420655839428 ], [ 76.638810499764617, 11.982407008612871 ], [ 76.63860724436141, 11.982281799032897 ], [ 76.638319145941111, 11.982156231915619 ], [ 76.637871930928611, 11.982014867744251 ], [ 76.63781775689074, 11.981997743482571 ], [ 76.637787226715773, 11.981993544737463 ], [ 76.637173723756518, 11.981916601995261 ], [ 76.636805555909376, 11.981788232059257 ], [ 76.636723062390516, 11.981790298562442 ], [ 76.635802754677314, 11.981813357701348 ], [ 76.635734899805726, 11.981815058229881 ], [ 76.635734899879907, 11.98185990119091 ], [ 76.635734884168087, 11.98188595910665 ], [ 76.635734748317432, 11.982013443000515 ], [ 76.635735497338928, 11.982140268135886 ], [ 76.635736138030836, 11.982248645053893 ], [ 76.635737945962092, 11.982320914789813 ], [ 76.634071733284941, 11.983029326379645 ], [ 76.63402360377043, 11.983051727045089 ], [ 76.633501327922673, 11.983294187825479 ], [ 76.633152439309271, 11.983456155606387 ], [ 76.632312439900346, 11.98384558091365 ], [ 76.631824119583726, 11.984068987248463 ], [ 76.63165596220837, 11.984145918976953 ], [ 76.631592090816383, 11.984175139429443 ], [ 76.631414442882374, 11.98425640764772 ], [ 76.63069574306455, 11.984585472681594 ], [ 76.630181566741683, 11.984820891990674 ], [ 76.630114192956043, 11.984851806735215 ], [ 76.627840025478761, 11.985773972887607 ], [ 76.627433009339839, 11.985939013906469 ], [ 76.627290570640611, 11.985996770942386 ], [ 76.627063483736592, 11.986127454675295 ], [ 76.625394453371655, 11.98708793360062 ], [ 76.62527810789814, 11.987154886650917 ], [ 76.623121847471239, 11.988395727926955 ], [ 76.620585495662453, 11.989855263118622 ], [ 76.620344835997315, 11.98987416523642 ], [ 76.620323606897415, 11.989875831193741 ], [ 76.62015842461571, 11.989888786562865 ], [ 76.620060905726916, 11.989896297958994 ], [ 76.619863458640353, 11.989911508155283 ], [ 76.618214011801157, 11.990038556939266 ], [ 76.618086962562714, 11.990058972132374 ], [ 76.615782430607055, 11.990429264432123 ], [ 76.614545368401707, 11.990628027863492 ], [ 76.613893179661858, 11.990732813637461 ], [ 76.613852166513524, 11.99073939883966 ], [ 76.613529992072472, 11.990791128510221 ], [ 76.612047110008916, 11.991378784211607 ], [ 76.611088971126534, 11.991765057265319 ], [ 76.61049808226862, 11.992003271985791 ], [ 76.61020638365828, 11.992120868931336 ], [ 76.61009938422194, 11.992164005227995 ], [ 76.610014642346641, 11.992197996010203 ], [ 76.609244299090946, 11.992487399103084 ], [ 76.60724035022875, 11.992156722766605 ], [ 76.607241444757562, 11.992153150157373 ], [ 76.606669058349993, 11.991721744206311 ], [ 76.606459272846493, 11.991563629140206 ], [ 76.601737561784716, 11.98797073206476 ], [ 76.599803985978198, 11.986499360332223 ], [ 76.599012646511682, 11.985880195065704 ], [ 76.597342687138607, 11.984573555654984 ], [ 76.597080822866133, 11.984368661411596 ], [ 76.596945330865552, 11.984434314928347 ], [ 76.595317656838262, 11.985223012465692 ], [ 76.594348557129308, 11.985692588086835 ], [ 76.593832219245172, 11.985940004855465 ], [ 76.593299894555656, 11.986195082851177 ], [ 76.5932547338234, 11.986215184684896 ], [ 76.592571382610501, 11.986519353271044 ], [ 76.592009944367575, 11.986537975899294 ], [ 76.591176813488531, 11.986565606969915 ], [ 76.590741035434846, 11.986580059978857 ], [ 76.590547857105648, 11.986586465211152 ], [ 76.59016837304776, 11.986599049137238 ], [ 76.589878477825636, 11.9866086624969 ], [ 76.589793124866418, 11.98661149280071 ], [ 76.589765266817736, 11.986652544202814 ], [ 76.58957043109902, 11.98660941791054 ], [ 76.589476160047752, 11.986588552840217 ], [ 76.589447131703039, 11.986582161586346 ], [ 76.588407635762962, 11.986178708039036 ], [ 76.587893596051174, 11.986227346429745 ], [ 76.587826813035662, 11.986233665253756 ], [ 76.587820091527121, 11.986235874804926 ], [ 76.587719249301429, 11.98625797375119 ], [ 76.587662353195768, 11.986270443508429 ], [ 76.587416393471315, 11.986301601227552 ], [ 76.587391571737868, 11.986454653289528 ], [ 76.587340245134484, 11.986339325333445 ], [ 76.587090946759758, 11.985779161128638 ], [ 76.587059119824602, 11.985707742093402 ], [ 76.587054145721467, 11.985696592960561 ], [ 76.586972683470393, 11.985701771579571 ], [ 76.586899322650268, 11.985706436005719 ], [ 76.586603309175487, 11.985725255431406 ], [ 76.586486837977162, 11.985732660787482 ], [ 76.586159701862343, 11.985753456793894 ], [ 76.585715084696957, 11.985781726461298 ], [ 76.585690310835702, 11.985708207947507 ], [ 76.585680117960067, 11.98567795742713 ], [ 76.585639913152662, 11.985558704124209 ], [ 76.585565970438552, 11.985590155828968 ], [ 76.585565907234695, 11.98559018240327 ], [ 76.585336791505412, 11.985687637856666 ], [ 76.584968345951211, 11.985844352587588 ], [ 76.584384102392903, 11.986092818777708 ], [ 76.58433412280273, 11.986115284301158 ], [ 76.58428799707761, 11.986136015806494 ], [ 76.583947973903292, 11.986288835900162 ], [ 76.58349871656003, 11.986490690667654 ], [ 76.583067291641015, 11.98661974618917 ], [ 76.582803055483865, 11.986698625307783 ], [ 76.582661628560146, 11.986770202925081 ], [ 76.582587606270224, 11.986807667022942 ], [ 76.582548485082924, 11.986822478940429 ], [ 76.581246511132832, 11.987117831641338 ], [ 76.579270659540214, 11.98756604109114 ], [ 76.579108253475979, 11.987214952453511 ], [ 76.577020962289168, 11.982702542286871 ], [ 76.577020922789586, 11.982702065184125 ], [ 76.577020634476241, 11.982698588119611 ], [ 76.576975525287637, 11.982153910330329 ], [ 76.576922473371781, 11.981513321280037 ], [ 76.576889106560401, 11.981110421528911 ], [ 76.576694645390958, 11.978762305398472 ], [ 76.576527621771135, 11.976745446127435 ], [ 76.57629617442079, 11.973473582398592 ], [ 76.575981212634929, 11.972815256520018 ], [ 76.574696414340778, 11.97050358992124 ], [ 76.573832226533227, 11.968948673817488 ], [ 76.573434306167599, 11.968232698946697 ], [ 76.573135880124894, 11.967695737722519 ], [ 76.572738147483861, 11.964741835977902 ], [ 76.572641018095055, 11.964629450991341 ], [ 76.572499533248035, 11.964465743344553 ], [ 76.572288055030739, 11.96422104717697 ], [ 76.572034994936217, 11.963928239930556 ], [ 76.571471647118983, 11.963273747046827 ], [ 76.571307080323322, 11.963082298470878 ], [ 76.571087347440582, 11.962826520550315 ], [ 76.568293543339266, 11.959598583239419 ], [ 76.567209074401703, 11.958355199171535 ], [ 76.566156432115847, 11.95714828964778 ], [ 76.562753872789287, 11.953246965259584 ], [ 76.561725134142236, 11.952067397155716 ], [ 76.561195212752693, 11.951459774329358 ], [ 76.560105912566911, 11.95021073916684 ], [ 76.558980205223804, 11.949016479719617 ], [ 76.558041560373468, 11.948020662498134 ], [ 76.557849869783738, 11.947817294172996 ], [ 76.557957578418296, 11.947648717514404 ], [ 76.558582957212352, 11.946669918882499 ], [ 76.558657272121437, 11.946577465207399 ], [ 76.559015446092971, 11.946069172451795 ], [ 76.559090056633636, 11.945963291246722 ], [ 76.559483535450653, 11.945425483499053 ], [ 76.559660209207763, 11.945184004852816 ], [ 76.559720404708187, 11.945100726620016 ], [ 76.559873171943522, 11.944887936258734 ], [ 76.560232745346028, 11.94433215843187 ], [ 76.560257372834613, 11.944325567833712 ], [ 76.561152958929668, 11.944085889133094 ], [ 76.561339107089395, 11.944036071779683 ], [ 76.561339195091065, 11.944036047786014 ], [ 76.561898201928443, 11.943886443646694 ], [ 76.561898238594893, 11.943886433498593 ], [ 76.561916321049551, 11.943881498254695 ], [ 76.562139267982843, 11.943820654653829 ], [ 76.563518619217973, 11.943444215610286 ], [ 76.564321519671381, 11.943037392031169 ], [ 76.56503148140834, 11.942677656852975 ], [ 76.568842920297399, 11.940746369724881 ], [ 76.569469732426612, 11.940428751771359 ], [ 76.571265792024917, 11.939518641682938 ], [ 76.571488155549346, 11.939405962954353 ], [ 76.571528497971457, 11.93889934719709 ], [ 76.571534266986916, 11.938805636709979 ], [ 76.571546055076396, 11.938614132644556 ], [ 76.571574481868865, 11.938152332929407 ], [ 76.571575815763268, 11.938130653175786 ], [ 76.571576536921, 11.938118944675701 ], [ 76.571585448421885, 11.937974076580179 ], [ 76.571588920149622, 11.937917601440075 ], [ 76.571611786925416, 11.937545631848549 ], [ 76.571614583794954, 11.937500137205619 ], [ 76.571627643560888, 11.93728762632557 ], [ 76.571645012711954, 11.937005002856568 ], [ 76.57166830192881, 11.93662604365154 ], [ 76.571676057835504, 11.936499861066933 ], [ 76.571682485643294, 11.936395248816519 ], [ 76.571673499058178, 11.936312507101427 ], [ 76.571662114809342, 11.936207685203795 ], [ 76.571648942813013, 11.936086410914507 ], [ 76.571605685156698, 11.935688391413363 ], [ 76.571421312844777, 11.933991945630838 ], [ 76.571356245666919, 11.9333934616338 ], [ 76.571180356398983, 11.931755473800914 ], [ 76.57117818436646, 11.931735249217454 ], [ 76.571162617216075, 11.931590277292468 ], [ 76.571137497551192, 11.931356341573967 ], [ 76.571112303309903, 11.931121719197966 ], [ 76.571092822811579, 11.930940282449681 ], [ 76.571004512694387, 11.930118275296079 ], [ 76.570992592710681, 11.930007323316643 ], [ 76.571000451454225, 11.929916770649941 ], [ 76.571004852656898, 11.92986606343298 ], [ 76.571023196615513, 11.929654643055171 ], [ 76.570760463532849, 11.929317674180524 ], [ 76.570723991499605, 11.929270913373349 ], [ 76.570683251477078, 11.928600027460337 ], [ 76.570679890984081, 11.928544769274813 ], [ 76.570597135258978, 11.928139753564929 ], [ 76.57068852113963, 11.927869462800885 ], [ 76.570938928207283, 11.927986288000705 ], [ 76.570950892454604, 11.927718524269437 ], [ 76.570963562332238, 11.927433790659141 ], [ 76.57174882515794, 11.927226405758493 ], [ 76.572030806442442, 11.92715193542341 ], [ 76.572200048835228, 11.927107301975012 ], [ 76.572303085985837, 11.927051247006757 ], [ 76.572600900577115, 11.926477736485506 ], [ 76.572706400605909, 11.926270168532003 ], [ 76.573283408265326, 11.925149869118062 ], [ 76.574992759672526, 11.92403890070012 ], [ 76.576988488900952, 11.922688288109809 ], [ 76.573468112113005, 11.912434056807253 ], [ 76.573344161870494, 11.912072993922916 ], [ 76.572040033964157, 11.908274037722025 ], [ 76.571988570402141, 11.908124120858572 ], [ 76.572177702852713, 11.908167499197411 ], [ 76.572421870814566, 11.90822350076183 ], [ 76.571625598680185, 11.904772718202128 ], [ 76.571526127639288, 11.90434163373785 ], [ 76.571451280809043, 11.904017266686214 ], [ 76.570741920268205, 11.903675693505575 ], [ 76.568747876353342, 11.900069807465062 ], [ 76.568641437049322, 11.899897003188725 ], [ 76.568505309069181, 11.899675999080291 ], [ 76.571122698873609, 11.899867933573848 ], [ 76.571401344615936, 11.899888365645721 ], [ 76.570970803955248, 11.899353898984753 ], [ 76.57014710122651, 11.898325850492437 ], [ 76.569277665852468, 11.89724304456678 ], [ 76.568414505387125, 11.896193717205064 ], [ 76.567524024885074, 11.895135497760062 ], [ 76.566623583173396, 11.894050279390397 ], [ 76.565522440261574, 11.892735931949268 ], [ 76.564087789522233, 11.893127378833348 ], [ 76.56419383175394, 11.892515084799758 ], [ 76.564338391450775, 11.891488185659444 ], [ 76.564067787338288, 11.891568575904717 ], [ 76.55727717936702, 11.893393204078608 ], [ 76.556853036283542, 11.890350647172408 ], [ 76.556763897201009, 11.888714109006235 ], [ 76.556654500729991, 11.886705598040356 ], [ 76.556131870893978, 11.879606620464394 ], [ 76.555514191478395, 11.872291304594324 ], [ 76.55550658825841, 11.872201254347077 ], [ 76.555314464976632, 11.867680246447263 ], [ 76.5552422155708, 11.866954400299397 ], [ 76.554706370230107, 11.861793600658787 ], [ 76.554539251005565, 11.86026066361865 ], [ 76.554487632659445, 11.859787178233388 ], [ 76.554451775065914, 11.859463212348919 ], [ 76.554398980485303, 11.858988097033574 ], [ 76.554323810794045, 11.858314607883804 ], [ 76.553179984264787, 11.85905590781735 ], [ 76.552198732127252, 11.859691839212784 ], [ 76.547145201197537, 11.862966843841299 ], [ 76.543826072851928, 11.86564303171372 ], [ 76.543379686495228, 11.866015717658748 ], [ 76.543218917426273, 11.86615014676112 ], [ 76.539629041872246, 11.869180672144269 ], [ 76.536083107391562, 11.872257087123282 ], [ 76.536076251612897, 11.87226313267481 ], [ 76.536069788502004, 11.872268817185747 ], [ 76.534683163094329, 11.87347501367022 ], [ 76.534604889229058, 11.872880966554394 ], [ 76.534635290065154, 11.872189534811541 ], [ 76.533336793648786, 11.873284121282202 ], [ 76.533301215989994, 11.873314111705904 ], [ 76.533293393720257, 11.873320510501047 ], [ 76.533286019997036, 11.873326527162627 ], [ 76.532586545943161, 11.873891935390704 ], [ 76.531708926322082, 11.874601338161554 ], [ 76.531708795563517, 11.874607999902928 ], [ 76.531704198734502, 11.874848866168731 ], [ 76.528028808660494, 11.873225228526843 ], [ 76.527356270471557, 11.872925092244921 ], [ 76.525209221919511, 11.871967173641371 ], [ 76.524436795955353, 11.871649266002414 ], [ 76.522841456116069, 11.870992662108652 ], [ 76.522125835838381, 11.87069829133091 ], [ 76.521767050309577, 11.870550741136604 ], [ 76.520795543192108, 11.870128846606352 ], [ 76.519179346828381, 11.869427263171291 ], [ 76.517411709021957, 11.86876094204726 ], [ 76.517125148792672, 11.868673340721653 ], [ 76.515263039437926, 11.868104383154735 ], [ 76.513081697859533, 11.867352884687845 ], [ 76.51141740687504, 11.866779882315631 ], [ 76.508564333140143, 11.865879951294932 ], [ 76.507589659811273, 11.865572705472239 ], [ 76.50410454782849, 11.864405331887543 ], [ 76.504103560225658, 11.864405001732546 ], [ 76.503764090717439, 11.864291349030132 ], [ 76.502655585600138, 11.863925595666709 ], [ 76.501537900977482, 11.863556887556058 ], [ 76.500940039538747, 11.863359674140842 ], [ 76.500535535040612, 11.863226247824295 ], [ 76.500033955065291, 11.86314214863375 ], [ 76.499950090616096, 11.863128086721897 ], [ 76.49976217686617, 11.863134558887031 ], [ 76.496995241243937, 11.863230316489741 ], [ 76.495311609144863, 11.863260857582571 ], [ 76.492505730405369, 11.863311734177545 ], [ 76.492505019134256, 11.86331174877883 ], [ 76.49208234952016, 11.863319555550277 ], [ 76.489533174457577, 11.863385950225833 ], [ 76.489112291721199, 11.863396894743252 ], [ 76.489044762298306, 11.863398650595823 ], [ 76.488050317363715, 11.861519963369709 ], [ 76.487884330375778, 11.861221790969166 ], [ 76.487015868059814, 11.859661704144532 ], [ 76.486761050780629, 11.859203807714607 ], [ 76.486743786752783, 11.859172790369994 ], [ 76.485334470822934, 11.856620485956139 ], [ 76.484965512475895, 11.855751035071837 ], [ 76.484652224392505, 11.854049090349156 ], [ 76.484133851789736, 11.851966985754993 ], [ 76.484092149563637, 11.851799404690928 ], [ 76.483800198483763, 11.850446593713123 ], [ 76.483351644846763, 11.848365012216679 ], [ 76.483088321335259, 11.847141240939436 ], [ 76.482700829384569, 11.845466071586616 ], [ 76.482700454438074, 11.845464451648395 ], [ 76.482501823081577, 11.844606142311209 ], [ 76.482096976069485, 11.842862693361884 ], [ 76.482158303399032, 11.842275375419609 ], [ 76.483708070908065, 11.834873914342106 ], [ 76.48456349283228, 11.831056281435117 ], [ 76.485012087291594, 11.828662699934805 ], [ 76.485012093423109, 11.828662645658524 ], [ 76.485042796609008, 11.828498736234961 ], [ 76.485092175894025, 11.827627394042787 ], [ 76.485839909221099, 11.823182360678549 ], [ 76.48588065600093, 11.822939966093299 ], [ 76.485866936790089, 11.822631226731446 ], [ 76.485792570910789, 11.822624134876019 ], [ 76.485680064401194, 11.822613405785269 ], [ 76.484257718816735, 11.822477763253584 ], [ 76.481956123594713, 11.822258254125817 ], [ 76.480462617839649, 11.822115572887606 ], [ 76.479174843003278, 11.821981246413683 ], [ 76.47561733284013, 11.821651617959652 ], [ 76.4750014820996, 11.82158937940768 ], [ 76.470829931696173, 11.821141243808251 ], [ 76.46754999429389, 11.820844396606088 ], [ 76.466193521438072, 11.820719271894252 ], [ 76.464586702582352, 11.820569981628887 ], [ 76.459830634399466, 11.820128037085967 ], [ 76.459629188422952, 11.819190013615774 ], [ 76.459457921507365, 11.81834302556452 ], [ 76.458810793006492, 11.815142626110141 ], [ 76.458810529398292, 11.815141197209448 ], [ 76.457333769837234, 11.806982005379089 ], [ 76.457229124383275, 11.806362877491676 ], [ 76.456933783945644, 11.804614043088977 ], [ 76.456933695776215, 11.804613508324687 ], [ 76.456184730628721, 11.799956400169847 ], [ 76.456183922805877, 11.799951653355922 ], [ 76.455470966956383, 11.796585641318071 ], [ 76.455307218037078, 11.796689693850029 ], [ 76.454767307271254, 11.797032771802542 ], [ 76.454485988324663, 11.797211530257426 ], [ 76.454366019071315, 11.79762464154857 ], [ 76.453403866971527, 11.799247572770359 ], [ 76.452806094226858, 11.799694932091606 ], [ 76.452096383008467, 11.799625493017112 ], [ 76.451836070741749, 11.799599996320593 ], [ 76.450731188909074, 11.799491627976298 ], [ 76.449782577907314, 11.799398394800685 ], [ 76.446961569057109, 11.800103816427098 ], [ 76.446728226551002, 11.800030480052133 ], [ 76.446164938524063, 11.799853446112474 ], [ 76.444716909298307, 11.799398189063915 ], [ 76.44451006836519, 11.799453353104802 ], [ 76.444207833962508, 11.799533957033752 ], [ 76.443759629994773, 11.799704391471762 ], [ 76.442252455604233, 11.800277503462519 ], [ 76.439794010332335, 11.800375156534512 ], [ 76.434811112540814, 11.802627834268204 ], [ 76.431414591578758, 11.804127226104468 ], [ 76.431414439573373, 11.804127290156316 ], [ 76.430267393104117, 11.804620220349516 ], [ 76.428348330499787, 11.805391763572842 ], [ 76.425821108912544, 11.806652408788976 ], [ 76.424551555731767, 11.806975441542942 ], [ 76.422561659634567, 11.806367970609918 ], [ 76.422324034435974, 11.806462577315214 ], [ 76.421744623580508, 11.806694707903349 ], [ 76.421623024024655, 11.807149186925042 ], [ 76.421494777430226, 11.807626330464462 ], [ 76.420883041297486, 11.807752262750354 ], [ 76.419325454374444, 11.809033977384562 ], [ 76.41819168106214, 11.810179593568693 ], [ 76.41639196557378, 11.810788892351319 ], [ 76.415189262460231, 11.811642839919958 ], [ 76.413921940698913, 11.813061142719549 ], [ 76.413225721637289, 11.814926300367889 ], [ 76.413222349895051, 11.815996218045944 ], [ 76.413220472682667, 11.816774973817058 ], [ 76.413075585371402, 11.816621947797005 ], [ 76.412557705982451, 11.816339738462814 ], [ 76.412275040632665, 11.816184477960819 ], [ 76.412246418158773, 11.816168744364836 ], [ 76.41216556801659, 11.816118310869994 ], [ 76.411542995244389, 11.815373643561058 ], [ 76.411533218303006, 11.815361949740007 ], [ 76.411521455126348, 11.815347878973734 ], [ 76.41074620987321, 11.815431919226615 ], [ 76.409919637331939, 11.815275215892331 ], [ 76.409380712165742, 11.815362727044695 ], [ 76.409361973332992, 11.815243847955008 ], [ 76.409333511314358, 11.815063281672412 ], [ 76.409324889355176, 11.815008584929428 ], [ 76.409320689337704, 11.814981937587188 ], [ 76.409288554766619, 11.814778071918253 ], [ 76.409330423028564, 11.814442263793969 ], [ 76.409742316329911, 11.813888864361509 ], [ 76.409597515693619, 11.81168885242419 ], [ 76.409712622171881, 11.810456350547431 ], [ 76.410171146751637, 11.809903892314761 ], [ 76.410859051723634, 11.809099124406371 ], [ 76.411963869553418, 11.808311420864847 ], [ 76.413630262896277, 11.80749939128663 ], [ 76.41555093086447, 11.807030548148889 ], [ 76.416383529540596, 11.80650970766049 ], [ 76.417254481634899, 11.805892990615707 ], [ 76.419503373447156, 11.805039750560232 ], [ 76.42002781166984, 11.804797921760727 ], [ 76.420592386548648, 11.804099002664106 ], [ 76.420888298598527, 11.803566480045959 ], [ 76.421185873022523, 11.803356880673995 ], [ 76.421799102664565, 11.803619335756759 ], [ 76.422296786497157, 11.804076126710145 ], [ 76.422619469288463, 11.804497911778471 ], [ 76.423720438676142, 11.804700510635454 ], [ 76.424653321003746, 11.804796303564073 ], [ 76.425111328051258, 11.804621777724265 ], [ 76.425350516094269, 11.804390937799569 ], [ 76.425656827900298, 11.80411072395011 ], [ 76.426004316576154, 11.803223910082085 ], [ 76.425501753953171, 11.802293517884207 ], [ 76.425291048285899, 11.8014573442514 ], [ 76.42522608693848, 11.800632400883817 ], [ 76.425405220149244, 11.800057401824885 ], [ 76.426189618424175, 11.799144476987387 ], [ 76.427000578824092, 11.798673951665542 ], [ 76.427664002724413, 11.797845353294202 ], [ 76.42822263142611, 11.795534188621364 ], [ 76.42802530297223, 11.794937158273889 ], [ 76.427669664704041, 11.794245239393085 ], [ 76.42654904625509, 11.793521275282169 ], [ 76.425929739412553, 11.793488498512284 ], [ 76.425456602763873, 11.793550671846882 ], [ 76.424767728804611, 11.794152144747715 ], [ 76.423293655035863, 11.7955110537238 ], [ 76.422639835118574, 11.795849216641093 ], [ 76.421863875533688, 11.796044463793889 ], [ 76.421184541641992, 11.796143543049991 ], [ 76.42069365720252, 11.795117396323318 ], [ 76.420691195501007, 11.794638991210485 ], [ 76.420894677584641, 11.794075833731561 ], [ 76.421280746465811, 11.793607447128235 ], [ 76.421762515315024, 11.792863491973101 ], [ 76.422317303929134, 11.792155052942642 ], [ 76.420000632794086, 11.790193149259578 ], [ 76.419318422451653, 11.789730094386561 ], [ 76.418997436304622, 11.789633619715023 ], [ 76.41828113601531, 11.790096472550315 ], [ 76.417815664819727, 11.790232749432564 ], [ 76.415019302350885, 11.790361489148754 ], [ 76.412448871014405, 11.789092095141969 ], [ 76.41110436717004, 11.788256744990568 ], [ 76.411216213919317, 11.787337623865984 ], [ 76.411504823454408, 11.786800363035802 ], [ 76.412474215360177, 11.786451091620121 ], [ 76.414452230028417, 11.785828891998458 ], [ 76.415692162446931, 11.785210351086166 ], [ 76.41652440465657, 11.784632108282731 ], [ 76.416657323754805, 11.784038207089562 ], [ 76.414673941359652, 11.783607923828537 ], [ 76.41365886469633, 11.782617852569439 ], [ 76.412662631474461, 11.781512862769011 ], [ 76.412463613449404, 11.780576146460435 ], [ 76.412942919778672, 11.779349013852896 ], [ 76.414540907142495, 11.778261338443665 ], [ 76.415306801815191, 11.777939202567365 ], [ 76.415667265139959, 11.777760507269292 ], [ 76.416249176058642, 11.777472029896387 ], [ 76.416873650200245, 11.777162449670397 ], [ 76.418960823554244, 11.776748796889976 ], [ 76.419909164431772, 11.777011614421317 ], [ 76.42183289852197, 11.777551241706806 ], [ 76.421986093249714, 11.777549871231161 ], [ 76.422089302608441, 11.777548982583264 ], [ 76.42292803072452, 11.776574717514174 ], [ 76.423008621613477, 11.776298153525797 ], [ 76.422839968707706, 11.775676184324722 ], [ 76.422656717564294, 11.775061870462663 ], [ 76.422201467402331, 11.7735470594671 ], [ 76.422045384172165, 11.773031281362091 ], [ 76.422012694670144, 11.772952899338541 ], [ 76.421868062245736, 11.772606411065832 ], [ 76.421800694361252, 11.772263119208189 ], [ 76.421682072989412, 11.771661513265085 ], [ 76.421665806029011, 11.771594575562016 ], [ 76.421434383192533, 11.771113515649837 ], [ 76.419221730547648, 11.769653522439095 ], [ 76.417680962266928, 11.768610622999597 ], [ 76.417247958826167, 11.768318739985084 ], [ 76.416820997860427, 11.768064003600088 ], [ 76.416652089476031, 11.767822592617705 ], [ 76.415972618369551, 11.766197148818723 ], [ 76.415808285663033, 11.765478464116919 ], [ 76.415697744950663, 11.764995019036105 ], [ 76.415339880392963, 11.764686489863077 ], [ 76.414935625874548, 11.764466247798923 ], [ 76.414083496788123, 11.764026012399787 ], [ 76.413235688599897, 11.763602015675188 ], [ 76.4129976517182, 11.763355494474224 ], [ 76.412361156148307, 11.762186590117336 ], [ 76.412232629558957, 11.761763887938315 ], [ 76.412598700369841, 11.761174427991008 ], [ 76.413521424333481, 11.760224722213804 ], [ 76.413589494796469, 11.759984307467267 ], [ 76.413432252975809, 11.759772146701769 ], [ 76.413397737625218, 11.759725652601865 ], [ 76.413065960521706, 11.759310453721723 ], [ 76.412551280322262, 11.758703669852585 ], [ 76.412523752319359, 11.758497927122509 ], [ 76.411108437387639, 11.759004157797641 ], [ 76.409212699548576, 11.758753736274194 ], [ 76.4054343951844, 11.756656616272098 ], [ 76.398648169403927, 11.751420847058593 ], [ 76.394206436292578, 11.753761695095513 ], [ 76.393608962303489, 11.755355349591648 ], [ 76.390558739719353, 11.753801256394045 ], [ 76.387691209043396, 11.749935199417278 ], [ 76.386388464560397, 11.748173138116771 ], [ 76.378773977068235, 11.744956702933985 ], [ 76.375799599214275, 11.745204252469403 ], [ 76.366823090340816, 11.747489864493593 ], [ 76.356960425136606, 11.741529299361542 ], [ 76.352123760707258, 11.73848970865841 ], [ 76.350013510155819, 11.739789191769995 ], [ 76.34039273119906, 11.737804537581738 ], [ 76.336085699022021, 11.74216933153172 ], [ 76.334737088590401, 11.742997388546204 ], [ 76.332655628660433, 11.743659504197684 ], [ 76.331756617245262, 11.744415358929631 ], [ 76.330591216403903, 11.745310706655539 ], [ 76.328818544590618, 11.748236777690417 ], [ 76.328136035958181, 11.748434118903178 ], [ 76.325919327115912, 11.7487533841581 ], [ 76.32178023712099, 11.749676845319319 ], [ 76.31956557480548, 11.750150646697293 ], [ 76.318834902185756, 11.750650605785328 ], [ 76.317672734626299, 11.751631943379822 ], [ 76.317560717573272, 11.752143594403121 ], [ 76.317552277552608, 11.753297836021096 ], [ 76.317944774412439, 11.753703853156416 ], [ 76.315934285893889, 11.755257853557527 ], [ 76.316344067207069, 11.756046252603124 ], [ 76.316305154752783, 11.758380922070755 ], [ 76.316365743466065, 11.759163929762476 ], [ 76.31574221962741, 11.761416979438467 ], [ 76.315660677751225, 11.761369533233326 ], [ 76.315392656044367, 11.761701361478691 ], [ 76.314889355573328, 11.762358700237426 ], [ 76.314348524502577, 11.76309215495079 ], [ 76.313734428166697, 11.763863313399774 ], [ 76.313420243707483, 11.76424353240423 ], [ 76.313414891939615, 11.764441527231396 ], [ 76.31350701846084, 11.765047560047904 ], [ 76.313470802503218, 11.765271170120505 ], [ 76.313367089786865, 11.76570344886939 ], [ 76.313343033714503, 11.766311494187812 ], [ 76.313280960213888, 11.76712361770009 ], [ 76.313217178114911, 11.767421157416679 ], [ 76.312979669783942, 11.768150033431997 ], [ 76.312718881037867, 11.768996865949712 ], [ 76.312433358017898, 11.76998044141223 ], [ 76.312126113586828, 11.770940331670577 ], [ 76.311788549061504, 11.772026461864815 ], [ 76.311503532591672, 11.772872970437728 ], [ 76.31130867185756, 11.773542974720396 ], [ 76.31116053190506, 11.774499465017731 ], [ 76.310525419330247, 11.774990367499639 ], [ 76.309522352235689, 11.775750362751998 ], [ 76.308403549435695, 11.776600188025567 ], [ 76.307326212146904, 11.777399976061757 ], [ 76.306289817057518, 11.778147142909491 ], [ 76.305562772796975, 11.778697149536649 ], [ 76.30504311138175, 11.779082960790051 ], [ 76.304649529790183, 11.779379782734717 ], [ 76.30396682023887, 11.780342444129474 ], [ 76.303123844383748, 11.780748246608201 ], [ 76.301980457194432, 11.781310976377348 ], [ 76.301014463191819, 11.781764506276803 ], [ 76.29997447626036, 11.782254032021131 ], [ 76.299503147530146, 11.782489385919416 ], [ 76.299312580880823, 11.782705053439978 ], [ 76.298637599701721, 11.783475340100114 ], [ 76.29771025460083, 11.784553683000373 ], [ 76.297183946446594, 11.785144499469231 ], [ 76.296562986494791, 11.785893987745419 ], [ 76.296446293874411, 11.786027003578857 ], [ 76.295798804550643, 11.786765199332697 ], [ 76.291827351803576, 11.792129941185797 ], [ 76.289073531112649, 11.796023049073275 ], [ 76.287129182523216, 11.800255584651891 ], [ 76.285706239031029, 11.802912521778897 ], [ 76.280715823733701, 11.811510825595301 ], [ 76.275163802347421, 11.812094911281134 ], [ 76.271983777177397, 11.810473557858543 ], [ 76.266531604883596, 11.809759095455707 ], [ 76.259830260693946, 11.809084193106571 ], [ 76.25823259100396, 11.807247432466442 ], [ 76.256356800261131, 11.807041929710723 ], [ 76.248982256454696, 11.803657151188455 ], [ 76.245477745405339, 11.80321330761655 ], [ 76.242310984753985, 11.80366757744817 ], [ 76.238982221234906, 11.802611295256639 ], [ 76.230523326371596, 11.804555105751328 ], [ 76.226152177697301, 11.806263757505715 ], [ 76.222849109647129, 11.808777510221923 ], [ 76.218118144884201, 11.813456189535593 ], [ 76.218556533250407, 11.817005214161524 ], [ 76.217962706887235, 11.817018791666669 ], [ 76.215725067092208, 11.822618992413616 ], [ 76.213797139482267, 11.823636401415268 ], [ 76.209873001025898, 11.829082625627921 ], [ 76.210973077827546, 11.835122392162264 ], [ 76.212402738289569, 11.839668808567101 ], [ 76.211756740639473, 11.840570620367664 ], [ 76.21312467506452, 11.842879936867636 ], [ 76.211322699458535, 11.844883307910003 ], [ 76.210210530997713, 11.847944781853135 ], [ 76.20962101985063, 11.849953702613593 ], [ 76.210250582260599, 11.851138203486784 ], [ 76.209418062149766, 11.853019210944465 ], [ 76.209913423085482, 11.853286125447855 ], [ 76.209956225472283, 11.853635399428647 ], [ 76.209128107473333, 11.855239138168363 ], [ 76.209565260598808, 11.856027679389609 ], [ 76.208427117183163, 11.858393983737141 ], [ 76.207860263014027, 11.861051896023721 ], [ 76.207883064205035, 11.861696535174177 ], [ 76.207103461892231, 11.862545523490327 ], [ 76.205876665667134, 11.861505698814238 ], [ 76.205853488084486, 11.861325587056269 ], [ 76.205506184246815, 11.861186332987183 ], [ 76.205120729838896, 11.861389321142504 ], [ 76.203409566769551, 11.861465891561963 ], [ 76.202857484627785, 11.8615092690287 ], [ 76.200148899307806, 11.862681716715215 ], [ 76.199732795036695, 11.863594041333991 ], [ 76.198924897562151, 11.865268341220798 ], [ 76.196510536340867, 11.866981149078361 ], [ 76.193829721605127, 11.868792738202155 ], [ 76.189651696042759, 11.870825987127077 ], [ 76.187100488952098, 11.872020990685131 ], [ 76.186972870534774, 11.871376360975431 ], [ 76.186878213438106, 11.871032076784545 ], [ 76.186815650539216, 11.870902002647792 ], [ 76.186461371316852, 11.871152439549565 ], [ 76.184773532460667, 11.871300830488209 ], [ 76.184859554255738, 11.870865431932714 ], [ 76.182271027559153, 11.870358061383685 ], [ 76.178318241528387, 11.86954207905613 ], [ 76.178184741487826, 11.869514340179649 ], [ 76.177451917428371, 11.869537508460734 ], [ 76.177274158485517, 11.869543070503548 ], [ 76.17698197778796, 11.86955221181435 ], [ 76.176239039021368, 11.869575456138358 ], [ 76.175047064351588, 11.869612075776708 ], [ 76.170038763127934, 11.868374379772648 ], [ 76.169902968333119, 11.86873717962928 ], [ 76.169883197690694, 11.868790000945527 ], [ 76.16981042692332, 11.868984421671342 ], [ 76.16978086893215, 11.869063390571517 ], [ 76.168904079488954, 11.868723295354659 ], [ 76.16919244181247, 11.868241195081108 ], [ 76.166441670776692, 11.866347332525411 ], [ 76.165826939762013, 11.865936949279975 ], [ 76.164083673206434, 11.866005015960312 ], [ 76.163159050422308, 11.867239678238825 ], [ 76.158287947926269, 11.868004239372757 ], [ 76.154531633910807, 11.868576878617763 ], [ 76.153359747000053, 11.868002413883071 ], [ 76.153309396248218, 11.86797093680546 ], [ 76.153317721079304, 11.867947223331713 ], [ 76.153335908140789, 11.867865450326216 ], [ 76.153366231940822, 11.867793466190349 ], [ 76.152458912751982, 11.867342034778661 ], [ 76.151254883294826, 11.86674206242477 ], [ 76.150484273231882, 11.866372922038153 ], [ 76.1494634937348, 11.865881801431906 ], [ 76.148839896880816, 11.865967423502598 ], [ 76.147409574512196, 11.866203386316833 ], [ 76.143137156516389, 11.861549642513989 ], [ 76.142269753880285, 11.862366349394156 ], [ 76.142030220998222, 11.862099221832576 ], [ 76.140521072909507, 11.860461950096303 ], [ 76.139754817631669, 11.859648978894802 ], [ 76.139888928199738, 11.85940581398061 ], [ 76.135892961543149, 11.857687675395161 ], [ 76.135508619918795, 11.856899806887199 ], [ 76.135709430354197, 11.85668285335705 ], [ 76.132255582105671, 11.852952612924257 ], [ 76.127036587961442, 11.853301244083321 ], [ 76.126220276634896, 11.852684748726141 ], [ 76.12096326095417, 11.848914825368794 ], [ 76.12002624254869, 11.850081910534334 ], [ 76.12041137285901, 11.850338908417349 ], [ 76.118495173203897, 11.852940572755243 ], [ 76.117404540984879, 11.854280998695565 ], [ 76.117143856919711, 11.854445415356986 ], [ 76.116773974339878, 11.855172635964534 ], [ 76.117139646127129, 11.856098655698226 ], [ 76.117487864298255, 11.855801853722555 ], [ 76.117624383806529, 11.856124784006987 ], [ 76.117696589441721, 11.856070111944659 ], [ 76.117652937546211, 11.85633619280244 ], [ 76.117392109461946, 11.856824814721552 ], [ 76.113651857428991, 11.857943469376673 ], [ 76.113563064604762, 11.858340703128025 ], [ 76.113114492103861, 11.860017414339174 ], [ 76.113800544812975, 11.863273702725548 ], [ 76.114937410884281, 11.866837396471569 ], [ 76.11425735649955, 11.869862346093781 ], [ 76.113588584843015, 11.873095811542289 ], [ 76.112190479651602, 11.882101167697805 ], [ 76.111478332709126, 11.887116508472255 ], [ 76.111022089602116, 11.890542220536762 ], [ 76.110713935114177, 11.892936912923473 ], [ 76.110829964236785, 11.897405853663157 ], [ 76.111903990362663, 11.90460544525869 ], [ 76.111066077528108, 11.912242102444072 ], [ 76.110505770809311, 11.914702985514493 ], [ 76.109130198747664, 11.920140781805944 ], [ 76.108830095931125, 11.922092171749911 ], [ 76.109052768936508, 11.922079741194963 ], [ 76.109373874213986, 11.925277056903822 ], [ 76.109455579989117, 11.928444206978522 ], [ 76.109621036333067, 11.939381926566709 ], [ 76.109581409891319, 11.94595157757314 ], [ 76.109560350637096, 11.949415759901262 ], [ 76.109454267416282, 11.952984961147683 ], [ 76.109778771952506, 11.956405267340331 ], [ 76.109822715917389, 11.960347258126388 ], [ 76.109828766098616, 11.963385151194199 ], [ 76.110073834066185, 11.967239109550833 ], [ 76.110263943348002, 11.970255793704846 ], [ 76.110225209043378, 11.97133357108272 ], [ 76.110102602132983, 11.973463777390396 ], [ 76.110040936952359, 11.974683909700895 ], [ 76.110016483496324, 11.975221021348926 ], [ 76.109939559540678, 11.976906954651145 ], [ 76.112064404222522, 11.976786075077721 ], [ 76.115190254319671, 11.979171079825614 ], [ 76.122235386913943, 11.979368064420388 ], [ 76.134836611669044, 11.993021899934744 ], [ 76.136102567996232, 11.996418422622167 ], [ 76.136179002731183, 11.996631028564801 ], [ 76.13646648003008, 11.997430649995346 ], [ 76.136575778718409, 11.997704751833005 ], [ 76.136972244468723, 11.998699016548754 ], [ 76.138016390254208, 11.999751025852225 ], [ 76.145038309853064, 12.006825490151517 ], [ 76.145685423273321, 12.008599348606072 ], [ 76.146420758907297, 12.010615009049557 ], [ 76.148104593695138, 12.015230500585465 ], [ 76.158047939177621, 12.022122470781312 ], [ 76.158858321194671, 12.022430037652923 ], [ 76.177279154908561, 12.029420496531595 ], [ 76.179631572755582, 12.031750778731785 ], [ 76.183781679954805, 12.035861675846245 ], [ 76.186316950184661, 12.042066373718349 ], [ 76.188569793126163, 12.049159107815038 ], [ 76.188959047251501, 12.050384569426072 ], [ 76.188582066507522, 12.051948000668267 ], [ 76.188542933194398, 12.052110295448829 ], [ 76.186535696821522, 12.056167245828858 ], [ 76.186545124964539, 12.056167514001455 ], [ 76.184818911806175, 12.059569315744358 ], [ 76.183449127518614, 12.061661262643081 ], [ 76.179173743404419, 12.068190434642521 ], [ 76.178294950713592, 12.069829566608306 ], [ 76.175099678401992, 12.081727343909449 ], [ 76.175454659169745, 12.087241320456991 ], [ 76.175709019366479, 12.091192108074496 ], [ 76.175820378826572, 12.091781664143047 ], [ 76.175878265492869, 12.092946087479785 ], [ 76.175996479440357, 12.093456176814017 ], [ 76.176316646054275, 12.097121796828468 ], [ 76.176351649210488, 12.097733148295388 ], [ 76.176458698646826, 12.099602783224434 ], [ 76.173881096797373, 12.104873491584392 ], [ 76.173669224269631, 12.105214339847841 ], [ 76.172687089697547, 12.106794329183861 ], [ 76.171780059306911, 12.108253477248038 ], [ 76.171735287593364, 12.109646012636889 ], [ 76.170893089937934, 12.118035964214704 ], [ 76.166552876488424, 12.122951929534235 ], [ 76.166267648979229, 12.12389832901539 ], [ 76.166121086322221, 12.124521600835008 ], [ 76.164235010547458, 12.127792897125424 ], [ 76.163682569564287, 12.12875106022859 ], [ 76.163444838556686, 12.130190297249472 ], [ 76.162653729169378, 12.131671581336304 ], [ 76.162202442696668, 12.131984720938888 ], [ 76.161287119498979, 12.133362436288406 ], [ 76.161065981970225, 12.134362575382024 ], [ 76.159397365511268, 12.135298593105974 ], [ 76.157725097556053, 12.136516498943424 ], [ 76.156602970487199, 12.136964724727626 ], [ 76.154252229675834, 12.140136824434855 ], [ 76.152998819711485, 12.140699789278649 ], [ 76.150700145586868, 12.143151865912474 ], [ 76.150082631024034, 12.144476201801163 ], [ 76.149705961204191, 12.144823675762513 ], [ 76.149479813373418, 12.145358552808036 ], [ 76.149342073638323, 12.146078886889098 ], [ 76.14876944852162, 12.146868809944424 ], [ 76.148847534131221, 12.146978657940929 ], [ 76.149146170138096, 12.147398768345225 ], [ 76.149072347672359, 12.147578634313076 ], [ 76.148545599317615, 12.148862022084638 ], [ 76.147145001996464, 12.150487294947862 ], [ 76.146804048204899, 12.151129922710252 ], [ 76.14636468420737, 12.151687516460008 ], [ 76.145543481562285, 12.152575111344136 ], [ 76.144525008334142, 12.154150759687582 ], [ 76.143124282991863, 12.156889823843132 ], [ 76.143017152371229, 12.157408027765058 ], [ 76.142997790508275, 12.158536255926805 ], [ 76.141470741752855, 12.165434298521008 ], [ 76.141515466890212, 12.166475850898927 ], [ 76.141241856917517, 12.168367945533843 ], [ 76.139344497274209, 12.169790991537681 ], [ 76.138596380464435, 12.170764119350553 ], [ 76.138393947895082, 12.171445998016679 ], [ 76.137360872086347, 12.173699695074497 ], [ 76.137102499457285, 12.174206993355885 ], [ 76.136215292103415, 12.176401093596787 ], [ 76.136027411643667, 12.17736197246845 ], [ 76.135674375444054, 12.178368635924032 ], [ 76.135026546153824, 12.181949892137203 ], [ 76.135062781182938, 12.182051872055972 ], [ 76.135524727961297, 12.18335197042105 ], [ 76.135596469321442, 12.183832397411324 ], [ 76.135393321802809, 12.185382762325158 ], [ 76.135052087523235, 12.187986937643254 ], [ 76.135699984281985, 12.188444688066179 ], [ 76.137466725845357, 12.18867209337068 ], [ 76.137651167523174, 12.188695832785641 ], [ 76.137467586400277, 12.188874038246544 ], [ 76.137448525042672, 12.188892541888901 ], [ 76.136317838914252, 12.189990114368596 ], [ 76.134091258926816, 12.192151446031531 ], [ 76.131535621019864, 12.197840939621937 ], [ 76.13129654203118, 12.197721239506759 ], [ 76.131196742222272, 12.197615533681052 ], [ 76.12922777465667, 12.19553001990586 ], [ 76.127790460005301, 12.195270637884096 ], [ 76.126913974016645, 12.194638600923247 ], [ 76.125522749336781, 12.193992515096364 ], [ 76.119881454034186, 12.192870882838781 ], [ 76.118838235640894, 12.192590321213098 ], [ 76.116794579974353, 12.193616263155697 ], [ 76.115825214605238, 12.193942248307851 ], [ 76.114224669034016, 12.194178580958603 ], [ 76.112768791459473, 12.194646006017701 ], [ 76.111049312712083, 12.195095980617616 ], [ 76.109589960066643, 12.195103768653743 ], [ 76.107503344346256, 12.195183513525391 ], [ 76.106566556480885, 12.19611891624967 ], [ 76.103417695982785, 12.196644859517926 ], [ 76.102249564690595, 12.196653138820341 ], [ 76.101169112829581, 12.197808698645638 ], [ 76.099653610962278, 12.199197393384368 ], [ 76.099506388422483, 12.199332381576101 ], [ 76.099546619183542, 12.199427081482197 ], [ 76.09871563384479, 12.201385281428456 ], [ 76.098742387066764, 12.201740484959833 ], [ 76.098772324889524, 12.202137973896274 ], [ 76.098606833279845, 12.202461950726173 ], [ 76.098340952676409, 12.202982455507799 ], [ 76.09759659487527, 12.203276466203834 ], [ 76.09728534052671, 12.204118235559147 ], [ 76.096900058793025, 12.205160198629814 ], [ 76.096055882513426, 12.206553229281649 ], [ 76.095820820115378, 12.206766239379133 ], [ 76.095261686648229, 12.207272916303229 ], [ 76.095203503647227, 12.207325640377793 ], [ 76.094848298368063, 12.208752643533018 ], [ 76.094430125642319, 12.209167609875379 ], [ 76.094614178344699, 12.209688694235496 ], [ 76.094297482822455, 12.211280673118077 ], [ 76.094300349178454, 12.212333635318918 ], [ 76.094071404005803, 12.212797710905631 ], [ 76.09383820978428, 12.213480087053034 ], [ 76.092259149483496, 12.214565972180258 ], [ 76.09139518178138, 12.21530209752571 ], [ 76.090560202890813, 12.216108951338226 ], [ 76.089844285446304, 12.216677866350365 ], [ 76.088818964200712, 12.216982768778294 ], [ 76.0876759646533, 12.217410255088405 ], [ 76.086961402394834, 12.217867981473649 ], [ 76.086288308047571, 12.218440196477655 ], [ 76.085853050039745, 12.218495432413626 ], [ 76.085467232837658, 12.218544392986688 ], [ 76.085426538365553, 12.218585678124775 ], [ 76.084393379304046, 12.219633811405844 ], [ 76.082982785809122, 12.220497590983369 ], [ 76.08218278579821, 12.221323182047202 ], [ 76.081518529347264, 12.223235697000762 ], [ 76.080086313861329, 12.225566312542872 ], [ 76.079105233870791, 12.226592641169004 ], [ 76.078310486213155, 12.227227937350834 ], [ 76.078170575125299, 12.227632880047453 ], [ 76.077382677151135, 12.228786890769792 ], [ 76.076644705462783, 12.229800486165697 ], [ 76.076438887669028, 12.230495132479794 ], [ 76.075721092531509, 12.231225372624982 ], [ 76.074664466907521, 12.232162733129247 ], [ 76.074470217606034, 12.233035221129461 ], [ 76.073100181966112, 12.234592494295496 ], [ 76.073191261753735, 12.237025235511753 ], [ 76.073091236814648, 12.238366407100822 ], [ 76.073337914881577, 12.238857328078803 ], [ 76.073260124666021, 12.239572871808234 ], [ 76.072864479206473, 12.239948385900339 ], [ 76.071806836244988, 12.240443787380864 ], [ 76.071482152735072, 12.24082759356723 ], [ 76.071255208315179, 12.240905203556487 ], [ 76.070168306222968, 12.241276899654755 ], [ 76.0693790425223, 12.241501537632892 ], [ 76.069265423200633, 12.241577965273279 ], [ 76.068821617935953, 12.241876496301835 ], [ 76.06861453833487, 12.241973449608157 ], [ 76.068242071388127, 12.242147836088089 ], [ 76.068221923836887, 12.242167695160246 ], [ 76.06781354042009, 12.242570237536363 ], [ 76.067439111692238, 12.243414783770032 ], [ 76.067256018684333, 12.243491128939993 ], [ 76.067037000391394, 12.243582453855824 ], [ 76.067015041989336, 12.243617973941785 ], [ 76.066049293340569, 12.245180179301116 ], [ 76.06524652271041, 12.245823388282043 ], [ 76.064158656103828, 12.246772535315191 ], [ 76.064151139885269, 12.246774861963717 ], [ 76.062492206280538, 12.247288444114126 ], [ 76.062490214739242, 12.247289060333468 ], [ 76.062488601489193, 12.247289559353991 ], [ 76.062481124721018, 12.247291874052012 ], [ 76.062423126887012, 12.2473142336964 ], [ 76.062418676226045, 12.247316014972274 ], [ 76.062417925423233, 12.247316315352528 ], [ 76.062412398122717, 12.247318527567032 ], [ 76.060953547462475, 12.24790249743568 ], [ 76.060360284586082, 12.248139973788922 ], [ 76.060235138962142, 12.248157737763361 ], [ 76.060020715196131, 12.248007173261676 ], [ 76.059977311586977, 12.250308098212841 ], [ 76.059953151006511, 12.251588931649595 ], [ 76.059930553696205, 12.252533581031921 ], [ 76.059880572921344, 12.252716901328132 ], [ 76.059601284911494, 12.253741268800466 ], [ 76.058108941408605, 12.253306428072893 ], [ 76.057255506986493, 12.253146593615368 ], [ 76.057160242648024, 12.253128752163866 ], [ 76.057159067676125, 12.253127122834131 ], [ 76.057170715297474, 12.252682341075017 ], [ 76.057296829290337, 12.247866424210919 ], [ 76.05687904655224, 12.247519499560946 ], [ 76.056371944748804, 12.247204535243384 ], [ 76.055269174264566, 12.246724945865518 ], [ 76.054010726209341, 12.246495331862867 ], [ 76.053490293468187, 12.246385203071853 ], [ 76.05251177805637, 12.246219664216527 ], [ 76.052346043659853, 12.246162479601864 ], [ 76.052135336683662, 12.246078484562586 ], [ 76.051810656202122, 12.245734404543343 ], [ 76.051225969859743, 12.246117022340044 ], [ 76.051225346519928, 12.246414366277548 ], [ 76.051225025684943, 12.246567456570233 ], [ 76.051449757180137, 12.247348211824365 ], [ 76.050877644932257, 12.247836043298086 ], [ 76.049951401097303, 12.247756454296937 ], [ 76.048895325497085, 12.248149354675226 ], [ 76.048171795949628, 12.248484650325594 ], [ 76.048112006272518, 12.248486223998603 ], [ 76.048109174409248, 12.248488236672067 ], [ 76.047606738651979, 12.248790141663168 ], [ 76.047403088942389, 12.248700451410558 ], [ 76.046835225863362, 12.249105904100215 ], [ 76.046492386460088, 12.24915661031115 ], [ 76.046249232147815, 12.249761137933879 ], [ 76.045820412420269, 12.25002579092912 ], [ 76.045193235833395, 12.250123872004519 ], [ 76.044838391746254, 12.250196992408361 ], [ 76.044302760359557, 12.250069845080393 ], [ 76.042883902967816, 12.251114705321553 ], [ 76.042072963991558, 12.251430248810658 ], [ 76.041136543999016, 12.252417774746499 ], [ 76.040717427657611, 12.252253303269953 ], [ 76.040356882808481, 12.252589428531035 ], [ 76.039062481013971, 12.252543662015251 ], [ 76.037869738641916, 12.252157140304563 ], [ 76.037545457752884, 12.251960998641398 ], [ 76.036843348148096, 12.251521556825727 ], [ 76.036267801116239, 12.251285464306145 ], [ 76.035985800753181, 12.251210840147325 ], [ 76.035518625550168, 12.251009526081795 ], [ 76.034895711968446, 12.25078130470826 ], [ 76.033972196555823, 12.250878681881288 ], [ 76.033587678523588, 12.251252058430776 ], [ 76.03127231039521, 12.252122684893648 ], [ 76.030111637678118, 12.252026358205013 ], [ 76.028890490130351, 12.251831384714595 ], [ 76.027867546938893, 12.251490720230567 ], [ 76.02612136574146, 12.2514290719554 ], [ 76.025638799464971, 12.250869871892256 ], [ 76.025624073591359, 12.25020605279132 ], [ 76.025409666988722, 12.248996328996475 ], [ 76.024503291005729, 12.248497919743251 ], [ 76.023973683079888, 12.249578242545024 ], [ 76.023380043263245, 12.250197619247528 ], [ 76.022684302819144, 12.250981890867497 ], [ 76.021388033711958, 12.252450424486122 ], [ 76.020934051598616, 12.252974728455634 ], [ 76.020747650787541, 12.253515477684129 ], [ 76.02040979129616, 12.254258873919444 ], [ 76.020295470818468, 12.255044037972684 ], [ 76.019975583931384, 12.255372137287354 ], [ 76.019724589317875, 12.255553493229804 ], [ 76.019616558696171, 12.256060093242313 ], [ 76.019636769975975, 12.256479858353874 ], [ 76.019084247661411, 12.257730815589314 ], [ 76.018714841539591, 12.258326146833866 ], [ 76.018402089310868, 12.25892221316399 ], [ 76.018077865875298, 12.259783597868477 ], [ 76.018006373352193, 12.260438486613246 ], [ 76.017824532989309, 12.26069221641869 ], [ 76.017247377600526, 12.261357726227809 ], [ 76.017091664852714, 12.261747933186404 ], [ 76.016586361569551, 12.262536696061483 ], [ 76.016231387171061, 12.26300286804902 ], [ 76.016154995847401, 12.263472940852065 ], [ 76.015492081664263, 12.264388444250109 ], [ 76.01487547746666, 12.265247932975786 ], [ 76.014518104342486, 12.265679967951501 ], [ 76.014528567957868, 12.266318523535706 ], [ 76.014722802171633, 12.267316637004248 ], [ 76.014383519538399, 12.268415183063233 ], [ 76.014095299847227, 12.268639833315088 ], [ 76.013531517299796, 12.268847392187411 ], [ 76.013919691984199, 12.269170172701227 ], [ 76.013722475912417, 12.269967762415297 ], [ 76.013501389975971, 12.270356057652654 ], [ 76.013824720609861, 12.270718968978235 ], [ 76.014799366459243, 12.271171506784093 ], [ 76.014849851219708, 12.271511227897612 ], [ 76.015370630350617, 12.271847774833358 ], [ 76.016315641486358, 12.272450641436812 ], [ 76.016168848320774, 12.273556066040515 ], [ 76.015971691471393, 12.274794048100059 ], [ 76.015481053636293, 12.275641346601619 ], [ 76.01562697504869, 12.277730673122301 ], [ 76.015046155573131, 12.278286235664876 ], [ 76.014991656450931, 12.279140269288689 ], [ 76.014825713037069, 12.279560899642698 ], [ 76.01459499206571, 12.279899855636165 ], [ 76.014455256325832, 12.28069975637988 ], [ 76.014371661797114, 12.281303309408012 ], [ 76.014080889183447, 12.28204154389139 ], [ 76.013544180891699, 12.283450577154342 ], [ 76.013470815000105, 12.28416110039743 ], [ 76.013292672232382, 12.284529475048682 ], [ 76.013356895631659, 12.285592993192212 ], [ 76.013832868680026, 12.286520123065312 ], [ 76.014179600818792, 12.28676450820879 ], [ 76.014211961570524, 12.286863629534244 ], [ 76.014509779103051, 12.287775852128588 ], [ 76.014633109508281, 12.288658736281377 ], [ 76.014257076350745, 12.288778897083704 ], [ 76.013654409779974, 12.290164042432419 ], [ 76.013980334223362, 12.291125240585659 ], [ 76.014044393705561, 12.291582563165242 ], [ 76.014323308856618, 12.292017177256483 ], [ 76.014062192906891, 12.292646880704835 ], [ 76.013632902938667, 12.292965662918254 ], [ 76.013251546625426, 12.293350394069906 ], [ 76.012986174089335, 12.294251895756782 ], [ 76.012341410743517, 12.294791545659569 ], [ 76.012095640425187, 12.295613948870265 ], [ 76.011754191777399, 12.295983477708749 ], [ 76.010398921781757, 12.296593371149202 ], [ 76.009690642116695, 12.297210245595251 ], [ 76.009257577608523, 12.297781795030936 ], [ 76.009060851977793, 12.2988267780649 ], [ 76.008777603377226, 12.299393093197294 ], [ 76.008248286704898, 12.30003626018472 ], [ 76.008234756023953, 12.30028129879379 ], [ 76.008185830244173, 12.301167365636871 ], [ 76.007994994566275, 12.302020278106045 ], [ 76.007331394858127, 12.302573066627884 ], [ 76.006984442685436, 12.30285049449232 ], [ 76.006389416641213, 12.303243202700191 ], [ 76.005597890654713, 12.30364683632536 ], [ 76.005011710087771, 12.304767283946688 ], [ 76.004613345839289, 12.305436409466038 ], [ 76.003654526410131, 12.305947186516136 ], [ 76.002364254336712, 12.306460413912427 ], [ 76.001362925842528, 12.306669960327863 ], [ 76.000638882455789, 12.3064589375398 ], [ 75.99937794367014, 12.307277590664542 ], [ 75.998745527126417, 12.307331612083996 ], [ 75.998547721413473, 12.307452716315693 ], [ 75.998178474502154, 12.307758662322581 ], [ 75.997897687868416, 12.308069384577896 ], [ 75.997078744484384, 12.309162732713116 ], [ 75.997148472422367, 12.309534608950768 ], [ 75.996555282098129, 12.310388230682591 ], [ 75.996269068486939, 12.311345242576094 ], [ 75.996382068639988, 12.312086438962805 ], [ 75.996977786280638, 12.313528103006826 ], [ 75.997077266052457, 12.314703962874137 ], [ 75.997117105872817, 12.315174868455781 ], [ 75.996887999339805, 12.315806986747505 ], [ 75.99577897857111, 12.317112633114645 ], [ 75.995090375692939, 12.317584423520954 ], [ 75.994381800652832, 12.317843298725185 ], [ 75.994563323494887, 12.318651337338213 ], [ 75.994435391711917, 12.319334028742412 ], [ 75.994236661383326, 12.320042949930736 ], [ 75.993856821477465, 12.321113083655417 ], [ 75.995563455831956, 12.32317076859851 ], [ 75.995794896801357, 12.324160840906304 ], [ 75.997739642323523, 12.32632547706085 ], [ 75.998576464145728, 12.326638097193856 ], [ 75.998993801746138, 12.32690082176215 ], [ 76.000567162029768, 12.327891279789901 ], [ 76.001656865188821, 12.329308766156922 ], [ 76.001956760464822, 12.329393081339109 ], [ 76.002316816558533, 12.329494309612695 ], [ 76.002374732410445, 12.32955212149021 ], [ 76.002444046988657, 12.329646227278371 ], [ 76.002509916805266, 12.3297357605506 ], [ 76.00251068857014, 12.329921892560929 ], [ 76.002266583288844, 12.330121224764056 ], [ 76.001257397248509, 12.330823490428346 ], [ 76.001123911920118, 12.331261404225682 ], [ 76.000754880504843, 12.332234717978473 ], [ 76.000638575959201, 12.332276273512839 ], [ 76.000028988491309, 12.332494075043005 ], [ 75.998962979683554, 12.33287494963318 ], [ 75.998880851085048, 12.333190662091216 ], [ 75.998403133189029, 12.332626108635388 ], [ 75.997213654102211, 12.333899896289791 ], [ 75.996580744189799, 12.334293933169443 ], [ 75.994980215176355, 12.335014746900871 ], [ 75.994300559979152, 12.335649747550644 ], [ 75.994042592084, 12.335890765360556 ], [ 75.993307663123105, 12.336182284469087 ], [ 75.992556765745391, 12.336295312533691 ], [ 75.991697501471961, 12.336395090177993 ], [ 75.989917472630879, 12.336242245248922 ], [ 75.989387873869632, 12.33619676824741 ], [ 75.988826783583306, 12.336328299894864 ], [ 75.988523748151849, 12.336791642063528 ], [ 75.987691618026318, 12.33735123704308 ], [ 75.986904654832188, 12.338277778918274 ], [ 75.985253697265065, 12.339025379894633 ], [ 75.984347224874227, 12.341557068690141 ], [ 75.984128221140608, 12.342168718558606 ], [ 75.983282052245613, 12.34268439051217 ], [ 75.982603302702785, 12.342891440005804 ], [ 75.982606869781293, 12.342603538808492 ], [ 75.982614122763152, 12.342018154218389 ], [ 75.982133008129011, 12.342110490050771 ], [ 75.979898918032475, 12.341349732927082 ], [ 75.977612463677957, 12.340797479180566 ], [ 75.976902762060433, 12.340350557972235 ], [ 75.975923437819063, 12.340792446678423 ], [ 75.974687674783411, 12.340924498298664 ], [ 75.97339674831467, 12.341242549324086 ], [ 75.97314467834245, 12.341304747422784 ], [ 75.972954712272013, 12.341351634426909 ], [ 75.972746665383951, 12.34159360486608 ], [ 75.972048164813742, 12.342405995734854 ], [ 75.971031932046913, 12.343245735203594 ], [ 75.97001822217311, 12.343993885177165 ], [ 75.968962199584524, 12.343278975659207 ], [ 75.968710899699445, 12.342960658892153 ], [ 75.967599093075364, 12.343540715725128 ], [ 75.967021379296668, 12.343991701246507 ], [ 75.965965646247909, 12.344761546823168 ], [ 75.965989326865909, 12.344999237284945 ], [ 75.966083626930896, 12.345177587149285 ], [ 75.968586009975624, 12.349910247424155 ], [ 75.968518827381928, 12.350469837370778 ], [ 75.969042613453269, 12.350638287653737 ], [ 75.969613461458749, 12.351135440413842 ], [ 75.969914750172521, 12.351397218945607 ], [ 75.971736494237803, 12.353000379614024 ], [ 75.971530988011011, 12.353174272669674 ], [ 75.970357057787865, 12.353968852892486 ], [ 75.969683925472864, 12.353987412724287 ], [ 75.969394115780759, 12.35399545006775 ], [ 75.969024964872617, 12.354005729693428 ], [ 75.967845599828607, 12.354787976882632 ], [ 75.96659244130241, 12.355436055163711 ], [ 75.965989669390851, 12.356020471086822 ], [ 75.965565457526807, 12.356317256723356 ], [ 75.965073283597249, 12.356576233970024 ], [ 75.964283483830116, 12.357074892339394 ], [ 75.963340347880646, 12.357744575936126 ], [ 75.962743165858996, 12.358636323545673 ], [ 75.962338042037771, 12.359150796199531 ], [ 75.959336923762066, 12.360900018740354 ], [ 75.95885077693552, 12.361658554422757 ], [ 75.957533392766706, 12.362166123720602 ], [ 75.957212770682176, 12.362631754096016 ], [ 75.956888998152678, 12.363102409020438 ], [ 75.956134010407538, 12.363757530981264 ], [ 75.955590769382852, 12.364055862707405 ], [ 75.955452016354329, 12.364159488315106 ], [ 75.954803166416795, 12.36464406842528 ], [ 75.954541318846097, 12.364783925438752 ], [ 75.954212856980874, 12.364959381774955 ], [ 75.953910608912551, 12.365110804446068 ], [ 75.953474114321963, 12.365272903803998 ], [ 75.95258925501615, 12.366200499676568 ], [ 75.951122982449846, 12.367197592036241 ], [ 75.949585340067841, 12.368409680368949 ], [ 75.9480274754834, 12.369874708435701 ], [ 75.946965762742266, 12.370139395919377 ], [ 75.946143153858188, 12.37032217987284 ], [ 75.944995684177101, 12.370868637148828 ], [ 75.943534148651281, 12.371046365272566 ], [ 75.942910796487524, 12.372254303257348 ], [ 75.941994069033811, 12.373011117165072 ], [ 75.940576294887066, 12.373488755646081 ], [ 75.940016677972054, 12.37434196135845 ], [ 75.939466471384648, 12.375153147844571 ], [ 75.938339468368341, 12.375613989901467 ], [ 75.937340944901734, 12.376234822919741 ], [ 75.936472500525312, 12.377249147995032 ], [ 75.935680847067758, 12.378444231598788 ], [ 75.935657516802962, 12.378549288132124 ], [ 75.935579625726334, 12.378633571183862 ], [ 75.935541689911574, 12.378674620566498 ], [ 75.935207431427074, 12.379492338040956 ], [ 75.934641925989752, 12.379828329274188 ], [ 75.93437236350286, 12.379988488072513 ], [ 75.934119987343095, 12.380233976968004 ], [ 75.933949303221823, 12.380400002942848 ], [ 75.933711148989758, 12.380631657145807 ], [ 75.932899992491514, 12.381134789980266 ], [ 75.931900759297392, 12.382310310651643 ], [ 75.930979007783108, 12.382746726409751 ], [ 75.92977320376886, 12.382766402031828 ], [ 75.929052840484061, 12.383245001733087 ], [ 75.927753834955482, 12.383678769544092 ], [ 75.926986975213126, 12.383915855925972 ], [ 75.925988365196702, 12.384494961832452 ], [ 75.925170999788619, 12.385374857048934 ], [ 75.924227241063164, 12.38542533880933 ], [ 75.923195883650294, 12.38533529479022 ], [ 75.922228513065264, 12.386528384174646 ], [ 75.921120505793795, 12.38718320677153 ], [ 75.920515037401699, 12.387507854470751 ], [ 75.919595265713653, 12.387496561672815 ], [ 75.918863513805164, 12.386503873595867 ], [ 75.917896081663329, 12.386307827392198 ], [ 75.917297307202361, 12.386515063054409 ], [ 75.916163417325933, 12.386530633594047 ], [ 75.915775080199026, 12.384998729975235 ], [ 75.91534775625081, 12.383934362597856 ], [ 75.915146720795164, 12.383699907582619 ], [ 75.914797853084153, 12.383293043742603 ], [ 75.914607230910875, 12.38389681755193 ], [ 75.914408995607729, 12.384498276787209 ], [ 75.913851897314913, 12.386188537429749 ], [ 75.913675520846169, 12.386812731392437 ], [ 75.913517938284727, 12.387370409098423 ], [ 75.913348509844241, 12.387970007679112 ], [ 75.913294411164273, 12.388084596310687 ], [ 75.913213882266874, 12.388265511557716 ], [ 75.913122623361161, 12.388470532876749 ], [ 75.91299952413695, 12.388747884821328 ], [ 75.912837479415145, 12.389056819576766 ], [ 75.912655001104028, 12.389391530453761 ], [ 75.912553180738229, 12.389592895221844 ], [ 75.912398789442705, 12.389872544776585 ], [ 75.912239491741445, 12.390165283782366 ], [ 75.912066078363466, 12.390458780818975 ], [ 75.911858246159866, 12.390835379757007 ], [ 75.91160116612869, 12.391263681031722 ], [ 75.911353349136661, 12.391689308926125 ], [ 75.911193334565269, 12.391940728412672 ], [ 75.911129619211266, 12.392056999142483 ], [ 75.911100339919855, 12.392154222020428 ], [ 75.911007804441724, 12.392339714342064 ], [ 75.910856860387625, 12.392632331531914 ], [ 75.910675828896657, 12.392982958682529 ], [ 75.910564097645107, 12.39319777634565 ], [ 75.91040150412995, 12.393505969407681 ], [ 75.910392971431989, 12.393522142657661 ], [ 75.910359781506642, 12.393585732079478 ], [ 75.910288051347678, 12.393723164489545 ], [ 75.910261285361941, 12.393774446885484 ], [ 75.910239553954582, 12.393841944756112 ], [ 75.910188636765639, 12.394000092422662 ], [ 75.910061363989144, 12.394351628621422 ], [ 75.910795482485938, 12.394399150086363 ], [ 75.91063247498775, 12.394833057684268 ], [ 75.910612857797005, 12.394885275503924 ], [ 75.910605146904402, 12.394905799768694 ], [ 75.910581348874061, 12.394969147946059 ], [ 75.910539029932096, 12.395802918488304 ], [ 75.910390206839438, 12.396515436451253 ], [ 75.91022582442892, 12.397230673028286 ], [ 75.910045638268201, 12.397910561846386 ], [ 75.910025680941757, 12.398065803564636 ], [ 75.909890377024226, 12.399048250903736 ], [ 75.909764867512266, 12.39955608347219 ], [ 75.909715331284787, 12.399752809922983 ], [ 75.90971563008128, 12.399807920419146 ], [ 75.90972943715299, 12.400423517929678 ], [ 75.909937159342888, 12.401580734353056 ], [ 75.910676255031603, 12.403863146184662 ], [ 75.910419086298731, 12.403971451661814 ], [ 75.910457351008105, 12.404168352882129 ], [ 75.910497971405093, 12.404421329677586 ], [ 75.910525131155254, 12.404637834291341 ], [ 75.910558878504318, 12.405071523777425 ], [ 75.910565597527665, 12.405225125226711 ], [ 75.910550548957559, 12.405339332866973 ], [ 75.910545511858047, 12.405377562496543 ], [ 75.910568557516783, 12.405594203861456 ], [ 75.910615169186329, 12.405773146559564 ], [ 75.91068995877059, 12.405930646315195 ], [ 75.910771733516484, 12.406046894339623 ], [ 75.91083779709173, 12.406188275993491 ], [ 75.91085574034031, 12.406304587275773 ], [ 75.910877169871753, 12.406467956281928 ], [ 75.910914061439797, 12.406597996717426 ], [ 75.910989845772804, 12.40678827958029 ], [ 75.911082335806483, 12.406986211964362 ], [ 75.91117383074274, 12.407151362891083 ], [ 75.911318681564765, 12.40737832609938 ], [ 75.911473868124304, 12.407742363068621 ], [ 75.9116159670602, 12.408082221987973 ], [ 75.911652734628746, 12.408208164817522 ], [ 75.911718923938253, 12.408353643611971 ], [ 75.911900566658858, 12.408435819531913 ], [ 75.912124350877917, 12.408481733252277 ], [ 75.912368458428304, 12.408518770542619 ], [ 75.91277938365927, 12.408488751820778 ], [ 75.913102786150759, 12.408492396879268 ], [ 75.913431675790548, 12.408473298545536 ], [ 75.913536258091753, 12.408488935437791 ], [ 75.91358888657409, 12.408496804724217 ], [ 75.913729890338089, 12.408529051215901 ], [ 75.91390118509355, 12.408609518195997 ], [ 75.914098906918056, 12.408746537321582 ], [ 75.914266953667394, 12.408923507415452 ], [ 75.914378027306313, 12.409055192383327 ], [ 75.914552184067915, 12.409229909186756 ], [ 75.914712753847709, 12.409364056531986 ], [ 75.914868587798267, 12.409477850683841 ], [ 75.914996120272079, 12.409608989760365 ], [ 75.915099717826322, 12.409697851972288 ], [ 75.915176137115168, 12.409773257217616 ], [ 75.915271626195704, 12.409934172179037 ], [ 75.915422839335648, 12.410167076388879 ], [ 75.915459983185471, 12.410305311765249 ], [ 75.915698338341926, 12.410627622507096 ], [ 75.915749345546146, 12.41073421985913 ], [ 75.915825861990754, 12.410894126241784 ], [ 75.915951519757471, 12.41109916283604 ], [ 75.91601883193124, 12.411281520927027 ], [ 75.916151211855066, 12.41164015840417 ], [ 75.916220515291911, 12.41188808181081 ], [ 75.9162564153918, 12.411985338984588 ], [ 75.916314254794017, 12.412126990870382 ], [ 75.916348653375508, 12.412310439302207 ], [ 75.916367340983939, 12.412519020778046 ], [ 75.916395132002947, 12.412688330752765 ], [ 75.916436455571372, 12.412872967390097 ], [ 75.916503800680687, 12.413173873800725 ], [ 75.916561899547219, 12.413433463906976 ], [ 75.916651893781207, 12.41375248540349 ], [ 75.916761968285201, 12.413986751944355 ], [ 75.916824371085696, 12.414076543777416 ], [ 75.916904085145987, 12.41419124307601 ], [ 75.917030998260046, 12.414301891914404 ], [ 75.917130184470324, 12.414408860321942 ], [ 75.917197055400749, 12.414480977800736 ], [ 75.917347029323508, 12.414672901644577 ], [ 75.917429311918227, 12.414737858045971 ], [ 75.91758988662896, 12.414872003293294 ], [ 75.917701462663089, 12.415020078108578 ], [ 75.917812293071407, 12.415143566428585 ], [ 75.918020988049904, 12.415370461913364 ], [ 75.91815039001888, 12.415563067033002 ], [ 75.918247688559859, 12.415682901864786 ], [ 75.918185391310118, 12.416428255811805 ], [ 75.918354969337102, 12.416274658214457 ], [ 75.918902565942858, 12.416865169996095 ], [ 75.919124627881828, 12.417092728936474 ], [ 75.919286538155987, 12.417258647661184 ], [ 75.919964583372547, 12.418175385639175 ], [ 75.920244742488251, 12.418733037814135 ], [ 75.920271644089695, 12.418784421039224 ], [ 75.920389610797514, 12.419009744312932 ], [ 75.920708232168394, 12.41961832114308 ], [ 75.920724396765792, 12.419649195448237 ], [ 75.920978989702277, 12.420373118982758 ], [ 75.921003538594562, 12.420445484932696 ], [ 75.921201006213025, 12.421019066707368 ], [ 75.921571176270007, 12.421514313884417 ], [ 75.922451972872167, 12.422692711913291 ], [ 75.922652913969074, 12.423350077473387 ], [ 75.922728447927952, 12.423585918708168 ], [ 75.922940388623829, 12.424247658067264 ], [ 75.923020887279733, 12.425960073877951 ], [ 75.922857049749169, 12.426721463322721 ], [ 75.92280275265172, 12.426973791793188 ], [ 75.922689329483447, 12.427500967167983 ], [ 75.922682974433144, 12.42753050563665 ], [ 75.922613152722008, 12.428033416442183 ], [ 75.922771592569575, 12.427975160482333 ], [ 75.922676261291613, 12.429177625575349 ], [ 75.922650461186393, 12.429776055617294 ], [ 75.922572214178103, 12.430194811937156 ], [ 75.922521116999079, 12.430468273345525 ], [ 75.922507445052986, 12.430936822047736 ], [ 75.922721437085258, 12.431434617304005 ], [ 75.923431797967396, 12.432235225727831 ], [ 75.923996202986658, 12.432871331155519 ], [ 75.924111888230371, 12.432938592406998 ], [ 75.924473012307118, 12.433090986362034 ], [ 75.924588142244986, 12.433148406139269 ], [ 75.924855884059198, 12.433370393008769 ], [ 75.924935645713973, 12.433435674318037 ], [ 75.924911966670649, 12.433551448843053 ], [ 75.924819539317724, 12.434003364972236 ], [ 75.924936547530933, 12.43432429262012 ], [ 75.925341771746005, 12.43543572336103 ], [ 75.92543888055279, 12.435702066896601 ], [ 75.925876211488443, 12.436901542760387 ], [ 75.927792753767548, 12.438214392125706 ], [ 75.928936233358741, 12.438069567143595 ], [ 75.93072864604747, 12.437830812474436 ], [ 75.932238699522941, 12.439669673728343 ], [ 75.934064245276119, 12.439165829971557 ], [ 75.93500994410519, 12.438895878593883 ], [ 75.935578613047142, 12.438733549826148 ], [ 75.936523455644149, 12.438271020795584 ], [ 75.936559453674775, 12.438351258773642 ], [ 75.936583201352903, 12.438404191622988 ], [ 75.936652544148671, 12.438558754225616 ], [ 75.937488079355404, 12.440421113142298 ], [ 75.937919817493821, 12.441726751662214 ], [ 75.938257214865544, 12.442747078029628 ], [ 75.938280071064639, 12.442816197106048 ], [ 75.938363700518181, 12.443069099924127 ], [ 75.940439923009791, 12.444984603322451 ], [ 75.941242324143829, 12.446365145034042 ], [ 75.941464388150607, 12.446365803520196 ], [ 75.941852656936987, 12.446342515933917 ], [ 75.942036501183793, 12.44646409881747 ], [ 75.942168923661683, 12.446542948371475 ], [ 75.942354998857127, 12.446679965133582 ], [ 75.942436730985108, 12.446709202409407 ], [ 75.942540143959192, 12.446777680427417 ], [ 75.942596101244163, 12.446804185470789 ], [ 75.942691681573379, 12.446879705487014 ], [ 75.942985425160472, 12.44707816827291 ], [ 75.94328059984413, 12.447276626619178 ], [ 75.943493173770392, 12.447417775407065 ], [ 75.943587446440461, 12.447515758085334 ], [ 75.943791711026634, 12.447838011955676 ], [ 75.943995976135042, 12.448160265627829 ], [ 75.944197372591702, 12.448481123092764 ], [ 75.94434456498, 12.448703880720313 ], [ 75.944391967415939, 12.448736026668037 ], [ 75.944473007180036, 12.448769476527675 ], [ 75.944873923039651, 12.448938142813189 ], [ 75.945316455660674, 12.449127740721186 ], [ 75.945911068231851, 12.449387074668438 ], [ 75.946190585184652, 12.449508999697203 ], [ 75.946309270637386, 12.449570435045004 ], [ 75.946321751171155, 12.449571439332709 ], [ 75.946399026303808, 12.449577658311233 ], [ 75.94658409932326, 12.449562131967381 ], [ 75.948793755294773, 12.449824444183141 ], [ 75.951694048391246, 12.450771193618159 ], [ 75.953714779103791, 12.450835844963585 ], [ 75.955564232258183, 12.450661850258344 ], [ 75.957561670057217, 12.451013636674901 ], [ 75.959602578486752, 12.451743188354483 ], [ 75.959960039677057, 12.451797945914263 ], [ 75.960220779915943, 12.451740479907427 ], [ 75.960886769913003, 12.451593696098552 ], [ 75.962264981025868, 12.451036162788681 ], [ 75.963459926605452, 12.450292672305398 ], [ 75.964296734015633, 12.449471506611019 ], [ 75.964763526393497, 12.448752969149412 ], [ 75.964830123640127, 12.448650453856134 ], [ 75.964920791366737, 12.448510887481701 ], [ 75.965240744582687, 12.448018376954998 ], [ 75.966268659476356, 12.447533844355435 ], [ 75.967421488265188, 12.44725699538202 ], [ 75.968056881197583, 12.447269075886959 ], [ 75.968904667446125, 12.447445465952409 ], [ 75.969592859629685, 12.447909507051147 ], [ 75.969761760490087, 12.448057649015229 ], [ 75.969988989205177, 12.448210852187607 ], [ 75.970234639835155, 12.448450128607941 ], [ 75.970266043355892, 12.448480717739836 ], [ 75.970290070171629, 12.448499975793517 ], [ 75.970417092044187, 12.448601784903349 ], [ 75.970724357492784, 12.448848058766083 ], [ 75.970969356902827, 12.449124410380197 ], [ 75.971466593312797, 12.449572188964057 ], [ 75.971991451778152, 12.450092500817687 ], [ 75.972064141814357, 12.45040972785119 ], [ 75.972152573013176, 12.450635933998651 ], [ 75.972337146731604, 12.451108068657934 ], [ 75.972182420984268, 12.451598150897269 ], [ 75.9715722265491, 12.452075883324342 ], [ 75.970322172672013, 12.452709762552479 ], [ 75.969372591184197, 12.453776140278507 ], [ 75.968650555166576, 12.454799739019107 ], [ 75.968246247055191, 12.455725031068717 ], [ 75.96814251245047, 12.455962435395707 ], [ 75.967777149006864, 12.457222525033991 ], [ 75.967553376805313, 12.458286296713416 ], [ 75.967549423638118, 12.458457652324674 ], [ 75.967516592285563, 12.459880883952891 ], [ 75.967519963158395, 12.46078999137594 ], [ 75.967454869259996, 12.462426639616137 ], [ 75.967292276176451, 12.464637080842435 ], [ 75.967577231589004, 12.465086222278767 ], [ 75.967729088891701, 12.46532557530969 ], [ 75.967965144936514, 12.465697640109711 ], [ 75.970060555115992, 12.467472599260388 ], [ 75.971614460759184, 12.46894712725109 ], [ 75.972140031175471, 12.470217856288935 ], [ 75.972043249942487, 12.470688521360886 ], [ 75.971340199991573, 12.470898544127419 ], [ 75.969621738614308, 12.470600399255233 ], [ 75.968229247536414, 12.470895886660609 ], [ 75.966361484542759, 12.472092204617807 ], [ 75.965067773075518, 12.473374466547524 ], [ 75.964651465025867, 12.474076420234136 ], [ 75.964642099175933, 12.475349076539556 ], [ 75.96639438512905, 12.477168744410863 ], [ 75.96710264207077, 12.478355832295884 ], [ 75.967122931631309, 12.480029534820979 ], [ 75.967157043805557, 12.481634022499666 ], [ 75.966768070925596, 12.48303253423434 ], [ 75.965899340988386, 12.484128441968524 ], [ 75.963393341967716, 12.484068240707002 ], [ 75.961689896053286, 12.484046653505951 ], [ 75.960790485287205, 12.484464845476586 ], [ 75.960316807075088, 12.485808320113161 ], [ 75.959916851130799, 12.487123209725896 ], [ 75.959061160443909, 12.488883686249874 ], [ 75.958967663306822, 12.490253472931958 ], [ 75.959649965253234, 12.492035484246991 ], [ 75.960726148684557, 12.493733092671155 ], [ 75.96160428527034, 12.495168577885281 ], [ 75.961752286443101, 12.495929673269085 ], [ 75.962585212866173, 12.497170041318773 ], [ 75.96258607967296, 12.497193158349004 ], [ 75.962617525991547, 12.497594416643576 ], [ 75.962443869656482, 12.498009974109273 ], [ 75.962335742648676, 12.498245849267834 ], [ 75.962194454916997, 12.498554062251504 ], [ 75.962003185263399, 12.499035342839402 ], [ 75.961774902600624, 12.4995614721617 ], [ 75.961711204799073, 12.499825411882101 ], [ 75.961540905410629, 12.500322827670516 ], [ 75.961187956568509, 12.501221898760605 ], [ 75.961070616510739, 12.50153269319852 ], [ 75.96029637638776, 12.501174477568716 ], [ 75.960287508374861, 12.50132757224813 ], [ 75.960238560871289, 12.502647579040412 ], [ 75.9602050645926, 12.502852805769514 ], [ 75.960022377143758, 12.50333182042595 ], [ 75.959997114401048, 12.503398060999613 ], [ 75.959968235826295, 12.503577659168641 ], [ 75.959906147869688, 12.50383589735169 ], [ 75.95983144549507, 12.504146597267997 ], [ 75.959830127909598, 12.504238882666847 ], [ 75.959916890343308, 12.505094431479963 ], [ 75.95993701418611, 12.505229708801012 ], [ 75.959943334912779, 12.505272196746173 ], [ 75.959970967343892, 12.505332523427025 ], [ 75.960059968250391, 12.505526824810808 ], [ 75.960257819375457, 12.505958762288705 ], [ 75.96027917381808, 12.506123669077859 ], [ 75.960388868690075, 12.50638563114766 ], [ 75.960620667889117, 12.506939189027177 ], [ 75.960695919846785, 12.507121652686251 ], [ 75.960853508606149, 12.507090858779927 ], [ 75.961062783636763, 12.50708373642809 ], [ 75.961488195953493, 12.507069235261035 ], [ 75.961645186173769, 12.50717046459674 ], [ 75.962021365949312, 12.507389001449678 ], [ 75.962068034814052, 12.507471999286611 ], [ 75.962231409758189, 12.507777925563991 ], [ 75.962390572871342, 12.50808006826697 ], [ 75.962549736370761, 12.508382209937965 ], [ 75.96270890025977, 12.508684351481113 ], [ 75.962863915380382, 12.508985334099522 ], [ 75.963022919524263, 12.509280912458594 ], [ 75.963176402036595, 12.509575383829487 ], [ 75.963326787529866, 12.509855518501508 ], [ 75.963779630726378, 12.509923412491869 ], [ 75.964365009527398, 12.510019219728944 ], [ 75.964955749211015, 12.510109571369691 ], [ 75.96554648828922, 12.510199921686427 ], [ 75.966140069921721, 12.510294105985446 ], [ 75.966733747519314, 12.510392226337002 ], [ 75.967067073351473, 12.510445035248216 ], [ 75.967504364242103, 12.510441629265685 ], [ 75.969940181486692, 12.510422644142874 ], [ 75.969945391883854, 12.510422603667639 ], [ 75.971151962175128, 12.511139643184089 ], [ 75.971522116950979, 12.511359616086333 ], [ 75.972093866708931, 12.511699390263145 ], [ 75.973299607408208, 12.513340587966928 ], [ 75.973530387859242, 12.514913961481199 ], [ 75.973540861928555, 12.514978387508856 ], [ 75.97357652435737, 12.515228501824216 ], [ 75.973707070466887, 12.516118504936008 ], [ 75.973947786916781, 12.518459648608271 ], [ 75.974007222196306, 12.519037693421669 ], [ 75.974040085742487, 12.519357312445695 ], [ 75.974338961924119, 12.519507307659243 ], [ 75.974677148467578, 12.519677030452561 ], [ 75.975745218345992, 12.520213049762058 ], [ 75.976382155557317, 12.520244302734845 ], [ 75.977007554723116, 12.520274988485092 ], [ 75.980034356973064, 12.520468567026576 ], [ 75.980908837225371, 12.52029970944988 ], [ 75.981176667720248, 12.520247992536833 ], [ 75.98231431366554, 12.520028313750073 ], [ 75.984972268174886, 12.519567027124763 ], [ 75.986497290401729, 12.519450944890854 ], [ 75.988812892087253, 12.519968206447189 ], [ 75.989219015291525, 12.520058924352425 ], [ 75.990327843082412, 12.520306606281567 ], [ 75.993138155755418, 12.521305620208526 ], [ 75.993818221386206, 12.522581576593884 ], [ 75.993696205901728, 12.524579365111984 ], [ 75.993644986621405, 12.525417994272207 ], [ 75.993614141755131, 12.525633714519881 ], [ 75.993545471368165, 12.526113968549332 ], [ 75.993300558564556, 12.527826784720419 ], [ 75.992593445370659, 12.529204532443789 ], [ 75.991147877858538, 12.531353315671135 ], [ 75.989302044431341, 12.533657678576741 ], [ 75.986688427361528, 12.537076382174543 ], [ 75.985006674809199, 12.538317465735787 ], [ 75.983576838505101, 12.539240013652822 ], [ 75.983196538457761, 12.540272400120086 ], [ 75.983087439222032, 12.540568565459074 ], [ 75.982518748254094, 12.540355427697367 ], [ 75.98251302013783, 12.540374194150521 ], [ 75.982449449451067, 12.540913558698273 ], [ 75.982587760855978, 12.54111187143384 ], [ 75.982719018124811, 12.541300068590489 ], [ 75.982837427842782, 12.541701544953876 ], [ 75.983087390162908, 12.542116893553619 ], [ 75.983396123228388, 12.54261814992339 ], [ 75.984013592164757, 12.543620661279258 ], [ 75.984734157901272, 12.544370462896209 ], [ 75.985054346348747, 12.544506787194706 ], [ 75.985682889180524, 12.544576249816956 ], [ 75.986954037858354, 12.544571580224943 ], [ 75.987915033857405, 12.544406453606831 ], [ 75.988063755813897, 12.544380898537726 ], [ 75.98909926609798, 12.54388905383856 ], [ 75.989419828454047, 12.543658210185832 ], [ 75.99017783680398, 12.543196091761109 ], [ 75.991621452307854, 12.542444363478319 ], [ 75.9927001197197, 12.541780099436981 ], [ 75.993691447636479, 12.5412022785557 ], [ 75.994230721564577, 12.540855789597773 ], [ 75.995151303710898, 12.54088108772565 ], [ 75.995723490433662, 12.541496183612178 ], [ 75.99616848859462, 12.54235420351498 ], [ 75.996262948046478, 12.542536335263593 ], [ 75.996503652394736, 12.543000444733227 ], [ 75.99712078503552, 12.543902446694783 ], [ 75.997797470025915, 12.545091302905771 ], [ 75.998171597199601, 12.545794192470872 ], [ 75.998400166591608, 12.546036416218119 ], [ 75.998768649625433, 12.546867568776751 ], [ 75.999137467351176, 12.547784842247069 ], [ 75.99893617801159, 12.548632468249414 ], [ 75.998343191859149, 12.550038342903797 ], [ 75.998226707355755, 12.550314506863625 ], [ 75.99773247073486, 12.550976622073593 ], [ 75.996479439744292, 12.551899924012529 ], [ 75.995152681129355, 12.552651247322302 ], [ 75.993883368177293, 12.553143982876319 ], [ 75.993314681527451, 12.553447520086944 ], [ 75.992191530394933, 12.553954060813993 ], [ 75.991405481502042, 12.55473207550255 ], [ 75.990795096171055, 12.555595562509421 ], [ 75.99041474747446, 12.556217445256291 ], [ 75.990351308701406, 12.557807583922262 ], [ 75.990380339207206, 12.558724605135689 ], [ 75.990515071617594, 12.559437315591051 ], [ 75.990847563040532, 12.560084457569584 ], [ 75.99155514535515, 12.561011173105749 ], [ 75.992393659796562, 12.561656442054302 ], [ 75.994001793495116, 12.562190793367687 ], [ 75.995188082941468, 12.562131928238072 ], [ 75.996355464551797, 12.562073997067564 ], [ 75.996601426422785, 12.561972945424214 ], [ 75.9996547901995, 12.5591428789344 ], [ 76.001978119407624, 12.558524171781967 ], [ 76.004953709377105, 12.55655135170395 ], [ 76.00687169571701, 12.555037010482209 ], [ 76.007829768790145, 12.554724638392823 ], [ 76.008526622900817, 12.554497432774522 ], [ 76.009241731843886, 12.554264273300964 ], [ 76.009729503402184, 12.554105234705203 ], [ 76.011847727422179, 12.553989601890544 ], [ 76.012071938471124, 12.554127822653413 ], [ 76.012165834044609, 12.554185707171584 ], [ 76.012443604414372, 12.554356944869562 ], [ 76.012720520776341, 12.554527655628952 ], [ 76.012811979021848, 12.554584037320407 ], [ 76.01230221938026, 12.556397169746683 ], [ 76.011857712151425, 12.55781722274277 ], [ 76.011596601650368, 12.558651377211399 ], [ 76.01148380241996, 12.559011728744323 ], [ 76.011462788160443, 12.559078862398801 ], [ 76.011468233228982, 12.559098126978403 ], [ 76.011469836703526, 12.559103801852697 ], [ 76.011492007145733, 12.559182246603591 ], [ 76.011818390575996, 12.560337065200578 ], [ 76.011933871521649, 12.560489763861924 ], [ 76.012431660154675, 12.561147978374835 ], [ 76.012576102259288, 12.561338969388029 ], [ 76.013066218354965, 12.56170087420306 ], [ 76.013139095757538, 12.561754687385179 ], [ 76.013733056734381, 12.562193269241483 ], [ 76.013886385307813, 12.562306486875459 ], [ 76.014626673218856, 12.562743692210457 ], [ 76.014942669150614, 12.562930314547469 ], [ 76.015244796373935, 12.563108745652666 ], [ 76.015437435958233, 12.563284475289008 ], [ 76.015983274309789, 12.563782396507669 ], [ 76.016038125870907, 12.563832432574978 ], [ 76.016124001525, 12.563917745763076 ], [ 76.016333786962932, 12.56412615606423 ], [ 76.017170831724499, 12.564957711051807 ], [ 76.017738334653515, 12.565521488053385 ], [ 76.018021746457435, 12.566071274678533 ], [ 76.01802404025122, 12.566075725340117 ], [ 76.018058702181762, 12.566142965311174 ], [ 76.018138746550861, 12.566298242046726 ], [ 76.018201652938345, 12.566420273277014 ], [ 76.0183420449316, 12.56669261430155 ], [ 76.018369631647204, 12.567232117921064 ], [ 76.018386930952062, 12.567570440939487 ], [ 76.018391627976996, 12.567662291395681 ], [ 76.018437204187734, 12.568250562686048 ], [ 76.018565343785042, 12.569450749669668 ], [ 76.01861880268234, 12.569815562080699 ], [ 76.018622537066747, 12.56984104640922 ], [ 76.018627382883025, 12.569874117027465 ], [ 76.018644171549354, 12.569988686707323 ], [ 76.018677656205142, 12.57021718444876 ], [ 76.018692577717687, 12.570319009696032 ], [ 76.018719269037035, 12.570501148378602 ], [ 76.018756811795043, 12.570757342594911 ], [ 76.018618048755215, 12.570794340737239 ], [ 76.018442566236118, 12.570841128585005 ], [ 76.018199992077228, 12.570905805305607 ], [ 76.018443225402081, 12.571199396543367 ], [ 76.018877072266406, 12.57172306411279 ], [ 76.019220690214809, 12.572136198345143 ], [ 76.019315006665437, 12.572249239725187 ], [ 76.019381343879957, 12.572328746946594 ], [ 76.019505843715137, 12.572477961389033 ], [ 76.020017848644969, 12.573377155852363 ], [ 76.020321384263838, 12.574307393895545 ], [ 76.020887440335542, 12.575160660872319 ], [ 76.020920041907274, 12.57520980484691 ], [ 76.020960658662403, 12.575281451087216 ], [ 76.021280286784688, 12.575845260182977 ], [ 76.021330903657372, 12.575934545645586 ], [ 76.021344039332504, 12.576067168913243 ], [ 76.02141992391654, 12.576833344238578 ], [ 76.021453902006542, 12.577176404925055 ], [ 76.022099810814254, 12.577167739178172 ], [ 76.02215184095283, 12.57717876498314 ], [ 76.022722818480744, 12.577299765792638 ], [ 76.022813852020363, 12.577319479881396 ], [ 76.022928017079892, 12.577344203301656 ], [ 76.022966393197009, 12.577352559540611 ], [ 76.023002641106046, 12.577255338632382 ], [ 76.023052837263307, 12.577120704169999 ], [ 76.023052846371414, 12.577120679722647 ], [ 76.023109414591019, 12.576965473667176 ], [ 76.023156593489034, 12.57696946167064 ], [ 76.023517690681288, 12.576999986567269 ], [ 76.023571053095807, 12.577004586498495 ], [ 76.023904791595982, 12.576999806347496 ], [ 76.023906382116337, 12.576999784896465 ], [ 76.023907377110675, 12.57699977114698 ], [ 76.024284032210261, 12.576995162811704 ], [ 76.024436181540267, 12.576992803328073 ], [ 76.025103874938409, 12.576928566354409 ], [ 76.025715621495067, 12.576678319426954 ], [ 76.025714738647849, 12.576645128969721 ], [ 76.025706932944729, 12.576351512921239 ], [ 76.025705164507386, 12.576293715288083 ], [ 76.025703903851991, 12.576252534329816 ], [ 76.02579024972907, 12.576241090538838 ], [ 76.026079952802434, 12.576202695743826 ], [ 76.026313266604461, 12.576172127993759 ], [ 76.026677889049068, 12.576124318823219 ], [ 76.026678510018826, 12.576124228738793 ], [ 76.026892033690913, 12.576092855686525 ], [ 76.027107122232835, 12.576058267574044 ], [ 76.027108582096815, 12.576058029605031 ], [ 76.027120501197643, 12.576056111369081 ], [ 76.027186487329061, 12.576045519173542 ], [ 76.027535858998021, 12.575989436335515 ], [ 76.027608869421883, 12.575977715816085 ], [ 76.027611741322673, 12.575977250002031 ], [ 76.028028550351834, 12.575910558709213 ], [ 76.028063580097523, 12.575904954051625 ], [ 76.02806837098214, 12.575904200575689 ], [ 76.02814196945846, 12.575892460478249 ], [ 76.028566302102504, 12.575808863196061 ], [ 76.029063740704345, 12.57571153944806 ], [ 76.02930072203803, 12.575756883453552 ], [ 76.02931752458008, 12.575760129046575 ], [ 76.02939705815686, 12.575798989251284 ], [ 76.029966285195727, 12.576077115701526 ], [ 76.030023796746107, 12.57610521579608 ], [ 76.030091218468996, 12.576187183329885 ], [ 76.030418141032541, 12.576584632998276 ], [ 76.030528246559896, 12.576718921300879 ], [ 76.03079440024851, 12.577043997757311 ], [ 76.03106325958727, 12.576830961929002 ], [ 76.032319326261359, 12.575814965933441 ], [ 76.032616544247162, 12.575715806840774 ], [ 76.033635804789625, 12.575375508570025 ], [ 76.034185529710882, 12.575191926934485 ], [ 76.03521561861595, 12.575330069538866 ], [ 76.035292678434729, 12.575340403819904 ], [ 76.035349172972531, 12.575348001990633 ], [ 76.035393505097403, 12.575353964506132 ], [ 76.035581197516237, 12.575545116591929 ], [ 76.035712556469704, 12.575679004886407 ], [ 76.040376188334363, 12.576880498980131 ], [ 76.040687803266437, 12.576919504758093 ], [ 76.041358408918256, 12.577003248771801 ], [ 76.04153206012424, 12.577024933559459 ], [ 76.045966862010303, 12.577578695066833 ], [ 76.047102603318535, 12.571694692952846 ], [ 76.047107245172128, 12.571695817675682 ], [ 76.047135887629949, 12.57170159184701 ], [ 76.047137776115292, 12.571701970544623 ], [ 76.047296501556545, 12.570733619648623 ], [ 76.047296688325375, 12.570732462493705 ], [ 76.047379755003135, 12.570217700517185 ], [ 76.047167714121159, 12.57016421427654 ], [ 76.046843077823652, 12.570083119671562 ], [ 76.046883390270864, 12.569860098537653 ], [ 76.046948459069526, 12.569500165369936 ], [ 76.046982848137802, 12.56930985559044 ], [ 76.046986371969979, 12.569290385128285 ], [ 76.046968040650597, 12.569130449628808 ], [ 76.046928334335959, 12.568784019849272 ], [ 76.047045544105657, 12.568352094193466 ], [ 76.047076495853375, 12.568276770370877 ], [ 76.047113745842566, 12.568186118066333 ], [ 76.047193981825913, 12.567990903986162 ], [ 76.047253446053659, 12.567914156804179 ], [ 76.047495762815558, 12.567601411811037 ], [ 76.047548064523667, 12.56753321882872 ], [ 76.047646804284142, 12.567404480568412 ], [ 76.047851396410479, 12.567146468916196 ], [ 76.048014922417352, 12.566594282657938 ], [ 76.04807970896168, 12.566376226320353 ], [ 76.048047812162395, 12.565972623955686 ], [ 76.048031408490033, 12.56575533260704 ], [ 76.04806627227218, 12.564835754213743 ], [ 76.048074122910336, 12.564611117537579 ], [ 76.047957395060479, 12.564189711899546 ], [ 76.047948197978059, 12.562624930744047 ], [ 76.047944660150847, 12.562158221570542 ], [ 76.047769892650592, 12.561299927191078 ], [ 76.047830288054882, 12.561278953298578 ], [ 76.047887412248784, 12.561259115147726 ], [ 76.047980046569506, 12.561226795471114 ], [ 76.048005245378732, 12.56121800345611 ], [ 76.048041182356542, 12.561205465112049 ], [ 76.048372393240342, 12.561088919401046 ], [ 76.04899153863164, 12.560881541438457 ], [ 76.050003652827172, 12.5606154869593 ], [ 76.051183087904022, 12.560021222762444 ], [ 76.052177473333714, 12.55943598545044 ], [ 76.053415216341747, 12.558708373509061 ], [ 76.055137900473682, 12.558433706854199 ], [ 76.055808039859031, 12.558502115148425 ], [ 76.055826731742528, 12.558431291801039 ], [ 76.055953764883682, 12.558076934377439 ], [ 76.056470333169642, 12.556635958302138 ], [ 76.056566853550208, 12.556607307720832 ], [ 76.057225158618351, 12.556411902441626 ], [ 76.058080254231598, 12.556158080105089 ], [ 76.058080418826393, 12.556158041481103 ], [ 76.058082016418538, 12.556157759410526 ], [ 76.058083894511924, 12.556157422888047 ], [ 76.058134067267218, 12.556148540517546 ], [ 76.059567778705812, 12.556076617318178 ], [ 76.059643469596935, 12.556073129369057 ], [ 76.059679252807328, 12.556071481688477 ], [ 76.059691493004408, 12.556072989398224 ], [ 76.059692974477457, 12.556072896746581 ], [ 76.059827965436398, 12.556089019919474 ], [ 76.059912786354602, 12.55609915046305 ], [ 76.06004018635825, 12.556114053968876 ], [ 76.062219079606564, 12.556368938183979 ], [ 76.062425452973628, 12.556392721310971 ], [ 76.062429276489183, 12.556370556048604 ], [ 76.062448021018184, 12.556261904815036 ], [ 76.06246140840706, 12.556263722500637 ], [ 76.06270676777946, 12.556297039985072 ], [ 76.063738278880649, 12.556390971601598 ], [ 76.064161223368131, 12.556832694094952 ], [ 76.064817874216075, 12.557485728769358 ], [ 76.064928144201076, 12.557593212389794 ], [ 76.065675517197917, 12.558040974784948 ], [ 76.066204008593118, 12.558232681922503 ], [ 76.066172873611393, 12.558156430456435 ], [ 76.066487057206572, 12.558014249200552 ], [ 76.067320454801788, 12.557637097936487 ], [ 76.069042415530689, 12.556976079101032 ], [ 76.069811799989481, 12.556680728075429 ], [ 76.069873910205771, 12.555555044651106 ], [ 76.069920038942101, 12.554719002425115 ], [ 76.070000338076412, 12.553384259165583 ], [ 76.070123154206968, 12.551342770770459 ], [ 76.070189760626533, 12.550209047420751 ], [ 76.070190417591419, 12.550197864879541 ], [ 76.070227112216401, 12.549573283086605 ], [ 76.070222522477891, 12.549553950584874 ], [ 76.070191515577136, 12.549423355484699 ], [ 76.070241229822969, 12.549422462854857 ], [ 76.071276236387362, 12.549403878885901 ], [ 76.071281857251961, 12.54940501919811 ], [ 76.072409353794043, 12.549734726734922 ], [ 76.07277499838888, 12.549871848455741 ], [ 76.072830208973173, 12.549892237139648 ], [ 76.07337781283816, 12.550052172127925 ], [ 76.073458025215714, 12.550075127041511 ], [ 76.074265495116691, 12.550272247485875 ], [ 76.074618826204087, 12.550327648365942 ], [ 76.074581814886571, 12.550211174719918 ], [ 76.07458143028127, 12.550118475709015 ], [ 76.074548183345058, 12.54998225193548 ], [ 76.074463098698587, 12.549651412349851 ], [ 76.074458724390269, 12.549635276183725 ], [ 76.074426495435517, 12.549535415329611 ], [ 76.074272616172323, 12.549067093582877 ], [ 76.074175947541576, 12.548758234158184 ], [ 76.074175194434517, 12.548755512945162 ], [ 76.074040256571664, 12.548156003254048 ], [ 76.07404909755661, 12.548043874923486 ], [ 76.074105045407663, 12.547988883503514 ], [ 76.074087404343132, 12.547845419055463 ], [ 76.074068551442082, 12.547820112977957 ], [ 76.073975816931579, 12.547699200305443 ], [ 76.074022448810652, 12.547681300372281 ], [ 76.074301077635099, 12.547767014360154 ], [ 76.074362343025697, 12.547785861347743 ], [ 76.074382449355653, 12.547792048492854 ], [ 76.07442752822692, 12.547774070619603 ], [ 76.07475391889885, 12.547643902533633 ], [ 76.074781920875722, 12.547632735280899 ], [ 76.074877465708624, 12.547594630346849 ], [ 76.075467467183771, 12.547358875181283 ], [ 76.07548944780747, 12.547350091834252 ], [ 76.076010299558902, 12.547141966064022 ], [ 76.076791636444653, 12.547232281247753 ], [ 76.076818322194043, 12.54723418956636 ], [ 76.076827551337914, 12.547231234829114 ], [ 76.077173202471343, 12.547120586992275 ], [ 76.077284379987233, 12.54709087057009 ], [ 76.077313712658878, 12.547083030447826 ], [ 76.077575311711186, 12.547013108116317 ], [ 76.078378920115526, 12.546298292594749 ], [ 76.078388962153554, 12.546235257852006 ], [ 76.078410211355688, 12.546101880811808 ], [ 76.078443399574923, 12.545893563607974 ], [ 76.078673036524421, 12.545857024494607 ], [ 76.078769727534748, 12.545841639635503 ], [ 76.080116736543545, 12.545627302882737 ], [ 76.07993120590686, 12.544171111616539 ], [ 76.080120694184345, 12.544135024917233 ], [ 76.080260757051477, 12.544108350300961 ], [ 76.080327571618497, 12.544095625817326 ], [ 76.080279660789813, 12.543617921340383 ], [ 76.081292978860077, 12.543605065027069 ], [ 76.081331217583354, 12.543604580114252 ], [ 76.08142531612539, 12.543603385596764 ], [ 76.081526247976498, 12.543745231741481 ], [ 76.082002767799267, 12.544437422406869 ], [ 76.082025074521539, 12.544469825158414 ], [ 76.082058153114559, 12.544517875215018 ], [ 76.082154646809414, 12.544518020667978 ], [ 76.082828232070611, 12.544520714482287 ], [ 76.083382615622455, 12.544460759490033 ], [ 76.083918139666494, 12.544403195051528 ], [ 76.083958399146198, 12.544398867075101 ], [ 76.08402292672713, 12.544391930273413 ], [ 76.083971619009816, 12.54407431327426 ], [ 76.084481591499639, 12.544006501976298 ], [ 76.084434514060632, 12.543453303028063 ], [ 76.084409548723826, 12.54315994399966 ], [ 76.084386558045409, 12.542889780320534 ], [ 76.085388870843943, 12.542733424040803 ], [ 76.085584857964875, 12.542907283775207 ], [ 76.085587184213693, 12.542909385572363 ], [ 76.085619847787072, 12.542938898948796 ], [ 76.08591630081763, 12.54320676044121 ], [ 76.085972487142143, 12.543211969892509 ], [ 76.086847311400504, 12.543294732823984 ], [ 76.087016559115298, 12.54331107837127 ], [ 76.087023160716669, 12.543311716199655 ], [ 76.087065893576735, 12.543158568395002 ], [ 76.087070073557641, 12.543143587715464 ], [ 76.08717658473789, 12.543147708909686 ], [ 76.087828247018152, 12.543172919414944 ], [ 76.08780422939823, 12.543307731186648 ], [ 76.08771934985127, 12.543779574332836 ], [ 76.08772756720856, 12.543853569580728 ], [ 76.087744050766105, 12.544002009240279 ], [ 76.087486831457397, 12.545105618519379 ], [ 76.087467124351278, 12.545190171669438 ], [ 76.087392502512614, 12.54551033657758 ], [ 76.087676062407397, 12.545529351456613 ], [ 76.088480788420171, 12.54580038497916 ], [ 76.08848136404022, 12.545797192790154 ], [ 76.089046660450634, 12.544019515442793 ], [ 76.089133117981831, 12.543669899140196 ], [ 76.089150915160815, 12.543597930438459 ], [ 76.089179582195129, 12.543928546417366 ], [ 76.08918437894377, 12.543956103652739 ], [ 76.089228815450724, 12.544211397489645 ], [ 76.089238839048377, 12.544268983975728 ], [ 76.08932217246533, 12.544747746146973 ], [ 76.089355649116513, 12.544940075727069 ], [ 76.089369197815031, 12.545013000428684 ], [ 76.089420268234988, 12.545287880170841 ], [ 76.089429824302243, 12.545339315769786 ], [ 76.089462394788427, 12.545514619258231 ], [ 76.089527306235667, 12.545823957043568 ], [ 76.089529843894383, 12.545836047937467 ], [ 76.08953147150055, 12.545843805299524 ], [ 76.089613316673635, 12.54623384597744 ], [ 76.089651014880758, 12.54641004722038 ], [ 76.08965405382952, 12.546424249988043 ], [ 76.08976348371155, 12.546935733004474 ], [ 76.089764390605595, 12.546939969802901 ], [ 76.08977150085741, 12.546973111618515 ], [ 76.089795548451391, 12.547085204977932 ], [ 76.089848765662509, 12.547333264951298 ], [ 76.090118120858662, 12.547056371880092 ], [ 76.0907392719309, 12.54639918294575 ], [ 76.090790209817214, 12.546345511584029 ], [ 76.091158374708371, 12.545957585731248 ], [ 76.091343917395818, 12.545767893352288 ], [ 76.091378273728026, 12.545732768384113 ], [ 76.091594883629568, 12.545511594431442 ], [ 76.091906754716177, 12.545177704551213 ], [ 76.091984926909134, 12.545094012848743 ], [ 76.092329379639736, 12.544725238908052 ], [ 76.092336016818862, 12.544718151374065 ], [ 76.092817417795956, 12.544187133638564 ], [ 76.093043894363603, 12.543934375351791 ], [ 76.093352523392056, 12.5435543330154 ], [ 76.093578384960068, 12.54341344134175 ], [ 76.093864783349034, 12.543145242317443 ], [ 76.093687344762145, 12.543116516843222 ], [ 76.093657400974621, 12.543111669581281 ], [ 76.09362448436984, 12.543106365168418 ], [ 76.093542713150484, 12.543117709872455 ], [ 76.093491606594313, 12.543124800411261 ], [ 76.093346358261627, 12.54314757254895 ], [ 76.093015258091697, 12.543112303232514 ], [ 76.091619464815381, 12.543019998176902 ], [ 76.089980670145621, 12.542857905075779 ], [ 76.089762569710032, 12.542836332020045 ], [ 76.089754979328575, 12.542837803141449 ], [ 76.0896967483867, 12.542849088215362 ], [ 76.089749617043054, 12.543297562692274 ], [ 76.089488501801171, 12.54359451386483 ], [ 76.08922117658237, 12.54358891853351 ], [ 76.08919613342421, 12.543588394447221 ], [ 76.089195971291531, 12.543588796549237 ], [ 76.089195191965146, 12.543590817782079 ], [ 76.089152940492099, 12.543589741438433 ], [ 76.08874565644399, 12.543579362529814 ], [ 76.088745832154544, 12.543578906123711 ], [ 76.088793997157907, 12.543453652756716 ], [ 76.088972500903552, 12.542989450498347 ], [ 76.087926722822203, 12.542184813234629 ], [ 76.087220150703558, 12.541212510704211 ], [ 76.087128362294209, 12.541086201179814 ], [ 76.086874516080798, 12.540736884053919 ], [ 76.086910687315211, 12.540631292431881 ], [ 76.08715602369108, 12.539790990717519 ], [ 76.087154994516695, 12.539443109600603 ], [ 76.086612754612844, 12.538870621175191 ], [ 76.086621599431751, 12.537809932073278 ], [ 76.086621735475632, 12.53779364317093 ], [ 76.086836242870859, 12.537839507523987 ], [ 76.086928463743618, 12.537859225612731 ], [ 76.088092258377699, 12.538107624864708 ], [ 76.088464516020608, 12.538179146158148 ], [ 76.089486772272934, 12.538292685711619 ], [ 76.089520213484391, 12.538296399961732 ], [ 76.08952359478765, 12.538291800376951 ], [ 76.089537725587093, 12.538272527976572 ], [ 76.089547222277631, 12.538207651657792 ], [ 76.089702387886931, 12.537989384201799 ], [ 76.089819183250626, 12.537825091214838 ], [ 76.090195104724657, 12.537294746924822 ], [ 76.090277970435281, 12.5371774655291 ], [ 76.090380840908949, 12.537031649189249 ], [ 76.090467755096569, 12.536985513657383 ], [ 76.090611177352429, 12.53690938394965 ], [ 76.091301626990955, 12.536542882360571 ], [ 76.092582043927038, 12.535882005820017 ], [ 76.093463932746346, 12.535446403578641 ], [ 76.093471042965362, 12.535387648077888 ], [ 76.093493280738542, 12.535203887876966 ], [ 76.093556562928342, 12.534680966433864 ], [ 76.093645580837901, 12.533625122680625 ], [ 76.093656005656612, 12.533622598350201 ], [ 76.093790150882739, 12.533597931335001 ], [ 76.093791161894515, 12.53359063160671 ], [ 76.093801661789428, 12.533588015645766 ], [ 76.094794043526861, 12.533350100578142 ], [ 76.094885300687693, 12.533328222577286 ], [ 76.094974954609867, 12.533310478538009 ], [ 76.09505848658992, 12.533288376084315 ], [ 76.095112064496746, 12.533274199425735 ], [ 76.095146546622189, 12.533264994762451 ], [ 76.095217141183284, 12.53324603628665 ], [ 76.095876752890774, 12.533155754545371 ], [ 76.095893730857725, 12.533152709738721 ], [ 76.09593097347809, 12.533146025347746 ], [ 76.095981493584276, 12.533343438152418 ], [ 76.096020019987321, 12.533492446317034 ], [ 76.096059840760716, 12.533644369604376 ], [ 76.096089264715403, 12.533754250601977 ], [ 76.096115387620813, 12.533848693995084 ], [ 76.096126279873161, 12.533887091419688 ], [ 76.096184581878219, 12.533958066447555 ], [ 76.096953074533999, 12.533589676153236 ], [ 76.096986300540138, 12.533515885543332 ], [ 76.097050802274168, 12.533372636837738 ], [ 76.097071766349345, 12.533327438564097 ], [ 76.097141499338107, 12.53296451912456 ], [ 76.09714582681886, 12.532941932907763 ], [ 76.097163112228344, 12.532851668609775 ], [ 76.097404319214746, 12.532649933829255 ], [ 76.097423572140443, 12.532633839954265 ], [ 76.097687054849118, 12.532510829839307 ], [ 76.097687749218508, 12.532510502412315 ], [ 76.097691066815557, 12.532508950897739 ], [ 76.097691342376024, 12.53250882499912 ], [ 76.097691385553375, 12.532508806739703 ], [ 76.097862840172127, 12.532428739851682 ], [ 76.098131268432638, 12.532403391016706 ], [ 76.098202206125052, 12.532396691596102 ], [ 76.098396238128586, 12.532375660050839 ], [ 76.098396370589711, 12.532375645042983 ], [ 76.09849461095844, 12.532364999440837 ], [ 76.098874080487178, 12.532323915780081 ], [ 76.098913063449729, 12.532319683167573 ], [ 76.099017139438203, 12.532308384224578 ], [ 76.099210843380192, 12.532270354483179 ], [ 76.099248453659456, 12.532262967426966 ], [ 76.099234836917191, 12.532152469762311 ], [ 76.09922180729852, 12.532046738190745 ], [ 76.099195634115617, 12.531802077760863 ], [ 76.098782181811686, 12.531179348451108 ], [ 76.098688807558318, 12.531039846102034 ], [ 76.098574944296629, 12.530962409803958 ], [ 76.09840492480987, 12.530847324410923 ], [ 76.098291684400436, 12.530770672949378 ], [ 76.09827048742693, 12.530535129355327 ], [ 76.098259653807588, 12.530414745063728 ], [ 76.0982076199451, 12.529849308247465 ], [ 76.098197781274052, 12.529328019633127 ], [ 76.098190514804244, 12.529033901431809 ], [ 76.098187527700162, 12.528937408931416 ], [ 76.09818571240308, 12.528884028861892 ], [ 76.098235998607962, 12.528890165138396 ], [ 76.09862321801107, 12.528937418783464 ], [ 76.098734955773622, 12.528951275707506 ], [ 76.098798860779297, 12.528959200679177 ], [ 76.098798992460033, 12.528959219128096 ], [ 76.098913382481967, 12.528973498223426 ], [ 76.09906717637088, 12.528992862952348 ], [ 76.099195947825507, 12.529009076777136 ], [ 76.099224649446924, 12.529006320186605 ], [ 76.099297346351022, 12.528999322219869 ], [ 76.099552779354894, 12.528974711647324 ], [ 76.100295057815586, 12.528903394522494 ], [ 76.100456698410014, 12.528888102744322 ], [ 76.100490160838234, 12.528884946786453 ], [ 76.100464966304884, 12.529138259439101 ], [ 76.100428432524197, 12.529538195069483 ], [ 76.100412294140838, 12.529726308423973 ], [ 76.100954356064022, 12.52979321828122 ], [ 76.10156185015839, 12.529869555890039 ], [ 76.101883108595288, 12.529910932188919 ], [ 76.101948744443121, 12.529919385450363 ], [ 76.102129914536462, 12.529942718366247 ], [ 76.102394998371778, 12.529977263859964 ], [ 76.10262651723319, 12.530175548401461 ], [ 76.102917592661086, 12.530425954038138 ], [ 76.103272345359713, 12.530359782549537 ], [ 76.103273023052694, 12.530359648665806 ], [ 76.103534690912596, 12.530310828934406 ], [ 76.103436074633578, 12.529857210847645 ], [ 76.103378724816949, 12.529655009607914 ], [ 76.103357717822689, 12.529580945521481 ], [ 76.103357000278933, 12.529578416844409 ], [ 76.103209908906848, 12.529065702454565 ], [ 76.103166557390537, 12.528915275943293 ], [ 76.103130740135114, 12.52879119529795 ], [ 76.103169675289422, 12.52853669692365 ], [ 76.103250112798747, 12.528011407674486 ], [ 76.10320209527562, 12.527996836333795 ], [ 76.102500184478913, 12.527775648306099 ], [ 76.102500042568053, 12.527775604584699 ], [ 76.102275603420978, 12.527702603356367 ], [ 76.101906132268653, 12.527594816097546 ], [ 76.101060546945121, 12.527348129120597 ], [ 76.101056920485064, 12.527279906740867 ], [ 76.101054001714218, 12.527225127102128 ], [ 76.101054004306249, 12.527225087308835 ], [ 76.101053341397872, 12.527212654321358 ], [ 76.101050356870232, 12.527156908413344 ], [ 76.101042455801149, 12.527009334388911 ], [ 76.101042004657813, 12.527000828168903 ], [ 76.101041793358519, 12.526996793805161 ], [ 76.101039454184615, 12.526951944801747 ], [ 76.101030762233009, 12.526788882277003 ], [ 76.101109505779021, 12.52664115501755 ], [ 76.101109523122275, 12.52664112149291 ], [ 76.101109694767871, 12.526640798911883 ], [ 76.101330256727877, 12.526224441391014 ], [ 76.101334954888372, 12.526215572308825 ], [ 76.101867388583997, 12.52519628620685 ], [ 76.10188318984703, 12.52516658788304 ], [ 76.101905190866674, 12.525136411170926 ], [ 76.101933313454253, 12.52509341019957 ], [ 76.102326213123902, 12.524492638390313 ], [ 76.102525869348113, 12.524191354907845 ], [ 76.102731148789459, 12.523881585389772 ], [ 76.102731289668725, 12.523881386802874 ], [ 76.103073449279449, 12.523397379074769 ], [ 76.103180787486536, 12.523252048496378 ], [ 76.10321866163207, 12.523200769690337 ], [ 76.103229011291035, 12.523202123240646 ], [ 76.103264140274419, 12.523206715970201 ], [ 76.103317583994709, 12.52321354818058 ], [ 76.103334060371594, 12.523215654159848 ], [ 76.103447637265504, 12.523230174448214 ], [ 76.10360843827317, 12.523231736079543 ], [ 76.103625628922131, 12.523176731108071 ], [ 76.103649792429366, 12.523099416519724 ], [ 76.103719660799129, 12.522876080177973 ], [ 76.103722908528809, 12.522865709795985 ], [ 76.103732343929067, 12.522829090015444 ], [ 76.103757587120256, 12.522711579658212 ], [ 76.10383363873683, 12.522357547268506 ], [ 76.103869135750955, 12.522192692336697 ], [ 76.103893822462808, 12.522109249961819 ], [ 76.103901367320631, 12.522066725692461 ], [ 76.103960334055657, 12.5217343952253 ], [ 76.103960432807639, 12.521733812546533 ], [ 76.104074126876228, 12.521039001981606 ], [ 76.104139282708687, 12.520617236370352 ], [ 76.104142557111061, 12.520606871300629 ], [ 76.104178629040234, 12.520492672673667 ], [ 76.104217182611876, 12.520370616726673 ], [ 76.104254426600889, 12.520252885282954 ], [ 76.104273489637634, 12.520192671015796 ], [ 76.104278989005252, 12.520116258506066 ], [ 76.104289435328965, 12.52012262605124 ], [ 76.104296563433891, 12.52004942924961 ], [ 76.104323351139328, 12.519774356924215 ], [ 76.104374643174623, 12.519248852526998 ], [ 76.104367387528285, 12.51890431296318 ], [ 76.10436348773375, 12.518719155164613 ], [ 76.104363311072802, 12.518686271905779 ], [ 76.104362488846647, 12.518533619272745 ], [ 76.104396603274822, 12.518534797473377 ], [ 76.104644432421964, 12.518543356685717 ], [ 76.105120253993832, 12.518413310379596 ], [ 76.1053205883007, 12.518359139689306 ], [ 76.105345318575701, 12.518352476651835 ], [ 76.105346973141735, 12.518352030435969 ], [ 76.105525977941554, 12.518144033607234 ], [ 76.105545846486606, 12.518120946737445 ], [ 76.105629323281917, 12.518023949926102 ], [ 76.105658303430374, 12.517990308517172 ], [ 76.10599770315811, 12.517535824362868 ], [ 76.106060476314212, 12.517515459782036 ], [ 76.106062070726693, 12.517514936052589 ], [ 76.106114595570361, 12.517497949006327 ], [ 76.10665336557247, 12.51732370416439 ], [ 76.107041598712556, 12.517198891062169 ], [ 76.107046973288305, 12.517209537924661 ], [ 76.107169933509425, 12.517453137234689 ], [ 76.107191188543013, 12.517492400204528 ], [ 76.107197656687262, 12.517493402508254 ], [ 76.107687223109338, 12.517577979543439 ], [ 76.10860515734835, 12.517653454507579 ], [ 76.109199101283068, 12.517746378787367 ], [ 76.109259598642595, 12.517684709531359 ], [ 76.109325860171708, 12.517409695857403 ], [ 76.109342701098115, 12.517338667815817 ], [ 76.109389584509003, 12.517183814202655 ], [ 76.109428673399862, 12.517052026852529 ], [ 76.109577374737128, 12.516550689010941 ], [ 76.10964349973554, 12.516356923674733 ], [ 76.109657787297976, 12.516292896134972 ], [ 76.109820757848254, 12.515914673516331 ], [ 76.109877099905489, 12.515783914402828 ], [ 76.109889213618871, 12.515763785071082 ], [ 76.110039936548418, 12.515643225998508 ], [ 76.110040053920741, 12.515643127866092 ], [ 76.110040257524304, 12.515642966087414 ], [ 76.110099106688935, 12.515595439872467 ], [ 76.110143620004465, 12.515559489856289 ], [ 76.110194251187963, 12.515518390773474 ], [ 76.110596247958611, 12.515601615205725 ], [ 76.110891903521363, 12.515675284520682 ], [ 76.110999476318867, 12.515652589240281 ], [ 76.111461499125227, 12.515555114311242 ], [ 76.111421540833859, 12.515149445495338 ], [ 76.111414612254663, 12.515079105958263 ], [ 76.111234058869698, 12.514276228959538 ], [ 76.111222879679516, 12.514226516148767 ], [ 76.11133265759608, 12.514124001479965 ], [ 76.111445945930953, 12.5140182101017 ], [ 76.111623641480676, 12.51385233499709 ], [ 76.111632145505226, 12.513844396696211 ], [ 76.111882665281556, 12.51361216524395 ], [ 76.112257195459051, 12.513593878098836 ], [ 76.112257486183836, 12.513593861526683 ], [ 76.112385888749301, 12.513587554181175 ], [ 76.112509656939821, 12.513581453092598 ], [ 76.112774721798402, 12.513568341927424 ], [ 76.113277411024058, 12.513317137164934 ], [ 76.11341396261723, 12.513248898482498 ], [ 76.113416643040821, 12.513247556485149 ], [ 76.113520750693155, 12.513195430106252 ], [ 76.113647822544053, 12.513270105988545 ], [ 76.113930420938274, 12.513436146999371 ], [ 76.11443313174685, 12.513304671106981 ], [ 76.114715566068327, 12.513230770729324 ], [ 76.115069986771587, 12.512703001981706 ], [ 76.115155642257619, 12.512575427017484 ], [ 76.115535730342188, 12.512515763889953 ], [ 76.115572402752761, 12.512510007063872 ], [ 76.115974426144774, 12.512446896207488 ], [ 76.11594173814855, 12.512589285954329 ], [ 76.115865723494395, 12.512920407380115 ], [ 76.115838632588691, 12.513038444179523 ], [ 76.11586286286655, 12.513119104064836 ], [ 76.116009636888435, 12.513607700323627 ], [ 76.116034884555134, 12.513711802338799 ], [ 76.116054593486297, 12.513791952017213 ], [ 76.11605860608897, 12.513807243512106 ], [ 76.116126337614674, 12.514065346501638 ], [ 76.116198814772858, 12.514413348227677 ], [ 76.116321758907588, 12.515073479462789 ], [ 76.116467058447697, 12.515871056814893 ], [ 76.116467240366106, 12.515872059664458 ], [ 76.116476569750702, 12.515924919947299 ], [ 76.116492637495156, 12.516015957046937 ], [ 76.116449482207869, 12.516001329791617 ], [ 76.116449047217742, 12.516001182412145 ], [ 76.116128752325253, 12.515892367028444 ], [ 76.116074132058344, 12.515873749342406 ], [ 76.11593102864596, 12.515824811848345 ], [ 76.11581510187203, 12.515842891873728 ], [ 76.115812997983127, 12.515877974320526 ], [ 76.115813102394142, 12.515884284842828 ], [ 76.115786915036821, 12.515888165548764 ], [ 76.115784825306207, 12.515921403474261 ], [ 76.115773839670396, 12.516103762403931 ], [ 76.115699841086268, 12.517332160341523 ], [ 76.115694350133154, 12.517426669318688 ], [ 76.115833806593471, 12.517425930005762 ], [ 76.115985430342818, 12.517425125682497 ], [ 76.116507512459194, 12.517422355519173 ], [ 76.116549166592051, 12.517422104889931 ], [ 76.116803142916694, 12.517424590439953 ], [ 76.117770238599235, 12.517434051308781 ], [ 76.117791489634143, 12.517593040562341 ], [ 76.117934927541157, 12.51755841424036 ], [ 76.117997676436303, 12.517668635798488 ], [ 76.11839319853874, 12.518363382476242 ], [ 76.118421840138041, 12.518414779912039 ], [ 76.118424369715029, 12.518417296487282 ], [ 76.118682819524409, 12.518672533152598 ], [ 76.118867414065463, 12.518915249586732 ], [ 76.118896469226172, 12.518953453728768 ], [ 76.118970556572279, 12.519051313340826 ], [ 76.118998102239885, 12.519087738961584 ], [ 76.11909006903592, 12.519209654036164 ], [ 76.119104615731587, 12.519387558615428 ], [ 76.119107821365304, 12.519426932642039 ], [ 76.119122480198982, 12.519608213738698 ], [ 76.119123399092999, 12.519619640143956 ], [ 76.119129306856379, 12.519693231225505 ], [ 76.119211655564854, 12.52075942140786 ], [ 76.119263537214252, 12.521527653624526 ], [ 76.119282392375553, 12.521835831409234 ], [ 76.119284127076995, 12.521864218925193 ], [ 76.119318166028293, 12.521877905282745 ], [ 76.119567244491648, 12.521959183856715 ], [ 76.119239496469064, 12.522251957316509 ], [ 76.11906715790181, 12.523123368028944 ], [ 76.119142286415752, 12.523502090942523 ], [ 76.119149393529312, 12.523538767015593 ], [ 76.119157610331442, 12.523581168048656 ], [ 76.118600261445877, 12.5238209495547 ], [ 76.118582331856615, 12.523828663277333 ], [ 76.118513966189909, 12.523858483428937 ], [ 76.118504902006364, 12.523862447842548 ], [ 76.11843573383436, 12.523892693550357 ], [ 76.118390161404463, 12.523912668546064 ], [ 76.117954690345016, 12.524153708583777 ], [ 76.117568016631211, 12.524372430630518 ], [ 76.117381288688378, 12.524478632033714 ], [ 76.117289958992743, 12.524530464760845 ], [ 76.117126836875784, 12.5246217055402 ], [ 76.117122351912968, 12.525094539003689 ], [ 76.11712103858882, 12.525110554197608 ], [ 76.117112878833751, 12.525210056063138 ], [ 76.11711441513836, 12.525210566852417 ], [ 76.117155557161283, 12.525224251067028 ], [ 76.117140559396219, 12.525327735179788 ], [ 76.117124732218073, 12.525436937853367 ], [ 76.11708663348368, 12.525894456364419 ], [ 76.117023304304468, 12.526654951861252 ], [ 76.117018438118123, 12.526713382707047 ], [ 76.116656770123214, 12.526651861561303 ], [ 76.116641811086851, 12.526679281385592 ], [ 76.116559582751279, 12.526829435612509 ], [ 76.116517577334449, 12.526905173283339 ], [ 76.116302770187957, 12.52729247804522 ], [ 76.11630275379423, 12.527292517895784 ], [ 76.116299110106183, 12.527301867444143 ], [ 76.116280325657527, 12.527360588447916 ], [ 76.116266565587381, 12.527403603438049 ], [ 76.116143969746446, 12.52778684532568 ], [ 76.115859375802472, 12.528611119301186 ], [ 76.115818548544922, 12.528723812647453 ], [ 76.115495167402116, 12.529132314175531 ], [ 76.115481851418181, 12.529148951502457 ], [ 76.115414837551143, 12.529232672472684 ], [ 76.115480826131702, 12.529240973566827 ], [ 76.11553830659679, 12.52924820508637 ], [ 76.115595896847552, 12.529255927089817 ], [ 76.116231654838202, 12.529341349839395 ], [ 76.116248499146522, 12.529343525790166 ], [ 76.116282988898831, 12.529150138244335 ], [ 76.116288146544193, 12.529121764572889 ], [ 76.116307175158028, 12.529017958148998 ], [ 76.116974732454381, 12.528970416135305 ], [ 76.117045275266804, 12.528965406958937 ], [ 76.117058244842397, 12.528996802010715 ], [ 76.117093104439277, 12.529081187662998 ], [ 76.117109908368221, 12.52912186592882 ], [ 76.11714396487254, 12.529204608456828 ], [ 76.117188793860777, 12.529313521948957 ], [ 76.117398354508083, 12.529826238907111 ], [ 76.11740438089808, 12.52984105000148 ], [ 76.117427301429331, 12.529834556969043 ], [ 76.118133003281315, 12.529634632095537 ], [ 76.11853194673931, 12.529522192548928 ], [ 76.118535492029665, 12.529521198604693 ], [ 76.118628165523972, 12.529495123417577 ], [ 76.11865883003054, 12.529494552766117 ], [ 76.118624170928314, 12.529208562618743 ], [ 76.118602915201066, 12.529033172479211 ], [ 76.118604930827729, 12.528976010266167 ], [ 76.11926704633477, 12.528946383728812 ], [ 76.119413911462502, 12.52893984185266 ], [ 76.120071472070507, 12.528909357102613 ], [ 76.120691914885711, 12.528960828130252 ], [ 76.120692595297172, 12.528960901241719 ], [ 76.120776508874499, 12.528971870375862 ], [ 76.121306775931842, 12.529157446356837 ], [ 76.12133712077538, 12.529167890138231 ], [ 76.121596976479736, 12.529257327239497 ], [ 76.121864909116312, 12.529348744800153 ], [ 76.121942349131572, 12.529377079377282 ], [ 76.122023543306767, 12.529370577800039 ], [ 76.122157029748635, 12.529361169866927 ], [ 76.122468735255438, 12.529358946138569 ], [ 76.122787258674208, 12.529356606771422 ], [ 76.123028813708046, 12.529337970425003 ], [ 76.123028930528278, 12.529337957278887 ], [ 76.123104470201241, 12.52932695465933 ], [ 76.123381542279034, 12.529286490902397 ], [ 76.123535792170955, 12.529263899872367 ], [ 76.123809904748597, 12.529222874826734 ], [ 76.123809984757699, 12.529222861834196 ], [ 76.124073441436821, 12.529183173101297 ], [ 76.124175940111996, 12.529167732015914 ], [ 76.124742307783166, 12.529075824327288 ], [ 76.124744484575345, 12.529075469835419 ], [ 76.125099272682263, 12.529016536574492 ], [ 76.12514855552061, 12.52902319545978 ], [ 76.125095966359112, 12.529060743206287 ], [ 76.125038297324735, 12.529101933305572 ], [ 76.124975690561072, 12.52914665123758 ], [ 76.124839025343661, 12.529244265056816 ], [ 76.125057361804949, 12.529317278682566 ], [ 76.125076657944476, 12.529308665500704 ], [ 76.125226800959396, 12.529241652887299 ], [ 76.125371988495701, 12.529373311494787 ], [ 76.125586341372028, 12.529569809538621 ], [ 76.125747694013086, 12.52971499402971 ], [ 76.126056593606506, 12.529977805226247 ], [ 76.126071763873341, 12.529985682770759 ], [ 76.126091595814344, 12.529995981069531 ], [ 76.126136049528853, 12.530019052128353 ], [ 76.126216607115012, 12.530036990968798 ], [ 76.126230183028966, 12.530037990124031 ], [ 76.126742584097229, 12.530073750629812 ], [ 76.126887489364364, 12.530082946766647 ], [ 76.127185980616829, 12.530101240916586 ], [ 76.127376165623616, 12.530087009481212 ], [ 76.127428309957125, 12.530082673285145 ], [ 76.128007548882508, 12.529939708225871 ], [ 76.128067220192548, 12.529924989679669 ], [ 76.128559708973469, 12.529803648500497 ], [ 76.12859634428537, 12.5297946223103 ], [ 76.128632144861129, 12.5297858012445 ], [ 76.128633709514375, 12.529785414029861 ], [ 76.129057245893037, 12.529681238251175 ], [ 76.129253916058659, 12.529658637552437 ], [ 76.129577496370345, 12.529617888873286 ], [ 76.130341544899082, 12.529517237322603 ], [ 76.13035833245425, 12.529515034754674 ], [ 76.130419618622312, 12.529515950592673 ], [ 76.130490441164255, 12.52953468042562 ], [ 76.13066327101653, 12.529590244519488 ], [ 76.130763387559512, 12.529602047370766 ], [ 76.130767031940167, 12.529602475973382 ], [ 76.131244260826449, 12.529591702203629 ], [ 76.131254037954577, 12.52959148112974 ], [ 76.131263084336325, 12.529554528701828 ], [ 76.131274323381504, 12.52950862326186 ], [ 76.131287479823328, 12.529454797595495 ], [ 76.13130222035538, 12.529394492501147 ], [ 76.131492249697374, 12.52939733722418 ], [ 76.13156641404214, 12.529404298843213 ], [ 76.131990164541705, 12.529444399900301 ], [ 76.132836660358564, 12.529563700244827 ], [ 76.132864649095623, 12.529567691609101 ], [ 76.132867135075827, 12.529569019262397 ], [ 76.132999526564021, 12.529639692297149 ], [ 76.133439354302851, 12.52961855529775 ], [ 76.133702552889517, 12.529608053055243 ], [ 76.134568873149064, 12.52958184832123 ], [ 76.134675841001467, 12.529579273852963 ], [ 76.134662637992164, 12.529670264585867 ], [ 76.13465366328775, 12.52973212047633 ], [ 76.134629573376628, 12.529783165152853 ], [ 76.134672490050491, 12.529781654892833 ], [ 76.134669070029645, 12.529826002129973 ], [ 76.13466029742608, 12.529939747690051 ], [ 76.134770573436384, 12.529950539604901 ], [ 76.134776692120184, 12.530022628142213 ], [ 76.134785127905673, 12.530122021931087 ], [ 76.134804025528737, 12.530344687478081 ], [ 76.134807114965554, 12.530381507371482 ], [ 76.134810325108262, 12.530420043720689 ], [ 76.134829798665876, 12.530653805168821 ], [ 76.134835850433092, 12.53072846716911 ], [ 76.134852888088048, 12.530938678760826 ], [ 76.134854184580789, 12.530961141214242 ], [ 76.134854581856274, 12.530968016440511 ], [ 76.134857692472551, 12.531022714744266 ], [ 76.134867128629054, 12.531196344293928 ], [ 76.134867137880661, 12.531196565769632 ], [ 76.134881693932471, 12.531567141918673 ], [ 76.134881526036736, 12.531664650717083 ], [ 76.134870567170864, 12.532248779895824 ], [ 76.134879456923301, 12.532326947009471 ], [ 76.134902569234072, 12.532531575148186 ], [ 76.134906349908505, 12.532565245698484 ], [ 76.134956343596116, 12.532970565671485 ], [ 76.135173295753106, 12.533746689456496 ], [ 76.135442866417392, 12.53475892412483 ], [ 76.135502191259789, 12.534992627267275 ], [ 76.135502199688901, 12.534992660684898 ], [ 76.135560157277723, 12.535227040453366 ], [ 76.135590948597368, 12.535634011761166 ], [ 76.135599802802702, 12.535751038050416 ], [ 76.135610039467792, 12.53612425510525 ], [ 76.135607053234978, 12.536380031251028 ], [ 76.135606102817462, 12.536461413419607 ], [ 76.135660440868094, 12.536458458638414 ], [ 76.135798190869849, 12.5364509288672 ], [ 76.135845735195673, 12.536661430756222 ], [ 76.135909548393997, 12.537002047523542 ], [ 76.135909570321388, 12.537002221025938 ], [ 76.135966614604044, 12.537579939444438 ], [ 76.135986403430223, 12.537780352690849 ], [ 76.136131991033565, 12.537849151501749 ], [ 76.136218443424625, 12.537889980314299 ], [ 76.136297438657323, 12.537927276517459 ], [ 76.136404575937974, 12.537918916574723 ], [ 76.137098090770422, 12.537865448389152 ], [ 76.137119534839073, 12.537864126173085 ], [ 76.137988978774203, 12.537856500374941 ], [ 76.138378074386708, 12.537853086832664 ], [ 76.138425052093623, 12.537853519736764 ], [ 76.138862959997027, 12.53785755759203 ], [ 76.138863146830047, 12.53785755951233 ], [ 76.139567576118424, 12.537863922644428 ], [ 76.139661871461016, 12.537812529996861 ], [ 76.140044158094256, 12.53760417890609 ], [ 76.140115252441475, 12.537565431328991 ], [ 76.14017200164372, 12.537534602503436 ], [ 76.140555031714172, 12.537305695588165 ], [ 76.14069337384089, 12.537222921861026 ], [ 76.140942505850788, 12.53707357226504 ], [ 76.141438726769024, 12.536770058445274 ], [ 76.141441020344573, 12.536768630104804 ], [ 76.141606744381747, 12.536665677650591 ], [ 76.141968030654979, 12.536619890808234 ], [ 76.141970643825132, 12.536619564155288 ], [ 76.142497017854723, 12.536551106017054 ], [ 76.142625595864516, 12.53655721634704 ], [ 76.143241083706172, 12.536585490423207 ], [ 76.143282994831154, 12.536587391583561 ], [ 76.143345468889251, 12.536590216954442 ], [ 76.143429922477793, 12.536594020165094 ], [ 76.143673634112247, 12.536605090072429 ], [ 76.143665037338351, 12.536708130715258 ], [ 76.143651706961194, 12.536784784319535 ], [ 76.143634585658035, 12.536937352016434 ], [ 76.143579399822386, 12.537429114014705 ], [ 76.143560668492682, 12.537602260436838 ], [ 76.14354902059253, 12.537715054354026 ], [ 76.143513403349189, 12.538059941537345 ], [ 76.143343985602925, 12.5391278957811 ], [ 76.143208475273113, 12.539998019249374 ], [ 76.143199429701582, 12.540056098955036 ], [ 76.14319127811288, 12.540109041154036 ], [ 76.143308845084434, 12.54085268321184 ], [ 76.143355911045319, 12.541147782737117 ], [ 76.143371625720008, 12.541245643113193 ], [ 76.143413215814391, 12.541510265703055 ], [ 76.143537158054983, 12.542276302976736 ], [ 76.143542536657662, 12.542315764715349 ], [ 76.143544776555444, 12.542332198748104 ], [ 76.143596412940823, 12.542704946919805 ], [ 76.143619926995555, 12.542890451984155 ], [ 76.143650074802125, 12.543128285649045 ], [ 76.143762617650026, 12.543989580572779 ], [ 76.143874766827693, 12.544810883349928 ], [ 76.143874778238796, 12.544810966482061 ], [ 76.14388241429171, 12.544865165078864 ], [ 76.143912108162695, 12.545075917108392 ], [ 76.14428469505944, 12.545151802241396 ], [ 76.144601692358236, 12.545214318372549 ], [ 76.144987876774181, 12.545239606817251 ], [ 76.145343800984662, 12.545260041092178 ], [ 76.14594977875575, 12.545275311019566 ], [ 76.145949089706846, 12.545267676708162 ], [ 76.145964540844275, 12.545270270729159 ], [ 76.146699015208796, 12.545394368493366 ], [ 76.146732517017313, 12.545400076974868 ], [ 76.146962372945126, 12.545439243299839 ], [ 76.146962796618965, 12.545439314724945 ], [ 76.146962833459995, 12.545439320896502 ], [ 76.148207344282326, 12.545652119711232 ], [ 76.148575842889983, 12.54571557617327 ], [ 76.148585583927002, 12.545717265015766 ], [ 76.148640627910339, 12.545726835780556 ], [ 76.148704397272169, 12.545813952294683 ], [ 76.14885095410051, 12.545838327256966 ], [ 76.149307437074327, 12.545914249403655 ], [ 76.149317707324954, 12.545915939569445 ], [ 76.14991118185074, 12.546016123433125 ], [ 76.149919394653466, 12.546017496898941 ], [ 76.151186262784591, 12.546230275196397 ], [ 76.151401611009078, 12.546266432077413 ], [ 76.151456823116732, 12.546275689597682 ], [ 76.152535022634879, 12.546454779534942 ], [ 76.152610850646312, 12.546467374069534 ], [ 76.152587396368361, 12.546493598874612 ], [ 76.152501842377447, 12.546589257594668 ], [ 76.152308486372931, 12.546788367378928 ], [ 76.152182223049493, 12.546917051635372 ], [ 76.151570946505544, 12.547530962889903 ], [ 76.151492621980267, 12.547609624210812 ], [ 76.151238599687758, 12.54787626945102 ], [ 76.151223742385397, 12.547908141588044 ], [ 76.151215909324208, 12.547924925210216 ], [ 76.151190864028308, 12.547978608119609 ], [ 76.150950363655298, 12.548491090357736 ], [ 76.150743356370512, 12.548932199179347 ], [ 76.150725414439748, 12.54896957262874 ], [ 76.150742499818605, 12.549042890827542 ], [ 76.150755994560157, 12.549100801663325 ], [ 76.150762796723313, 12.54912997067397 ], [ 76.150812418359862, 12.549332926359313 ], [ 76.150916813995991, 12.549908865504619 ], [ 76.150926550786096, 12.549962581875064 ], [ 76.151038398459789, 12.550569208776643 ], [ 76.151049834402798, 12.550631232283223 ], [ 76.151113045438223, 12.55107823905062 ], [ 76.151120576004089, 12.551131491098959 ], [ 76.151239951342035, 12.551760622890596 ], [ 76.1515283772207, 12.552933796250567 ], [ 76.151543901160593, 12.5529969377573 ], [ 76.151552418672509, 12.553029938322517 ], [ 76.151719641115278, 12.553716643985879 ], [ 76.151749709527465, 12.553833314770795 ], [ 76.151803401171804, 12.554041643050532 ], [ 76.151869370956291, 12.554297612650974 ], [ 76.151888648572651, 12.554341974476435 ], [ 76.15204933986179, 12.554783089418159 ], [ 76.1520909027236, 12.554897182810402 ], [ 76.152105903087843, 12.554938361436045 ], [ 76.152132918468283, 12.55501252105007 ], [ 76.152204044016685, 12.55518475627027 ], [ 76.152273694629628, 12.555350447335915 ], [ 76.152735514836976, 12.556449059892921 ], [ 76.152763875836797, 12.556516527545174 ], [ 76.152987798553539, 12.557041510490816 ], [ 76.153321289913308, 12.557780608531944 ], [ 76.153382154040003, 12.557916722004288 ], [ 76.153402445511233, 12.557962101882415 ], [ 76.153408980160606, 12.557970343903504 ], [ 76.153459792120188, 12.558034422040098 ], [ 76.153625925409685, 12.558242571717015 ], [ 76.153857515905926, 12.558530395015683 ], [ 76.154383399675581, 12.559183968675141 ], [ 76.154514355293699, 12.559346720590254 ], [ 76.154536171066724, 12.559377615884854 ], [ 76.154593947265923, 12.559459435439891 ], [ 76.154687988700701, 12.559551355339957 ], [ 76.154711354364437, 12.559573980154966 ], [ 76.154754511113381, 12.559615769676729 ], [ 76.154779468582262, 12.559639936412864 ], [ 76.154789282574185, 12.559649393894238 ], [ 76.154834724497007, 12.55968000478893 ], [ 76.154890815159703, 12.559717790234624 ], [ 76.155943174469456, 12.561521238584257 ], [ 76.155905846134189, 12.56155198635093 ], [ 76.155866357437631, 12.561683859053691 ], [ 76.155846293543505, 12.561750997018907 ], [ 76.156015404824913, 12.5620843382326 ], [ 76.156141884568456, 12.562333645769487 ], [ 76.156297574003815, 12.562628374801792 ], [ 76.156349725002471, 12.562726639892928 ], [ 76.156352602013854, 12.562771496929733 ], [ 76.156355891541637, 12.562822776961433 ], [ 76.156371941647194, 12.563073009925166 ], [ 76.156394773708712, 12.563560951962932 ], [ 76.156341853107349, 12.563551455354073 ], [ 76.156223029321083, 12.56353013208377 ], [ 76.156001309274316, 12.56349034338643 ], [ 76.154871739134194, 12.563574858391583 ], [ 76.154608793260195, 12.563594660380218 ], [ 76.154606030212506, 12.563594868476578 ], [ 76.154573930813683, 12.563597282418357 ], [ 76.154274927851304, 12.563698743447098 ], [ 76.154302978689088, 12.563742188386303 ], [ 76.154371444970621, 12.563848226113251 ], [ 76.154537745391977, 12.56410511411352 ], [ 76.154618974976813, 12.564230288848442 ], [ 76.154542320694048, 12.564252356166463 ], [ 76.154470727659657, 12.564272966807595 ], [ 76.153128270335856, 12.564680903482108 ], [ 76.151658632537647, 12.565248291831686 ], [ 76.151592649508856, 12.565111303194822 ], [ 76.15148361686839, 12.564884938550241 ], [ 76.151472846084658, 12.564862575827801 ], [ 76.150242737589053, 12.565052005523816 ], [ 76.150145060976769, 12.565066960395917 ], [ 76.150114800034544, 12.565071593723664 ], [ 76.148678938688093, 12.565529975329977 ], [ 76.147693903729518, 12.565799907382734 ], [ 76.147706797820305, 12.565835793392401 ], [ 76.148004831633671, 12.566665238174245 ], [ 76.148008656655549, 12.566675968351227 ], [ 76.148012493529194, 12.566686880208668 ], [ 76.148536647290584, 12.568177423379526 ], [ 76.148548598077639, 12.568223849258182 ], [ 76.148554309351027, 12.568246034874701 ], [ 76.148781383357985, 12.569128075691165 ], [ 76.14879469775947, 12.569179762292466 ], [ 76.148848994089064, 12.569390539388396 ], [ 76.148917307308423, 12.569667306175594 ], [ 76.148931715267608, 12.569725627141612 ], [ 76.149028342202811, 12.570116768572667 ], [ 76.149037413238673, 12.570153474643163 ], [ 76.149043196199841, 12.570176857007063 ], [ 76.149074084916094, 12.570301749298554 ], [ 76.149157831255494, 12.570640365876718 ], [ 76.149172866949442, 12.570701143372723 ], [ 76.149176174871741, 12.570708366789544 ], [ 76.149265764864964, 12.570903994566228 ], [ 76.149306705671634, 12.570993437758769 ], [ 76.149330318349911, 12.571093008347196 ], [ 76.149344997456041, 12.571154925661807 ], [ 76.149347471022296, 12.571165359621856 ], [ 76.14948239286754, 12.571589162015458 ], [ 76.149628698017267, 12.572048721007366 ], [ 76.149633896006293, 12.57206492973727 ], [ 76.149638742221697, 12.572080065863908 ], [ 76.149640590346607, 12.572085836261344 ], [ 76.149640648096081, 12.572085989716509 ], [ 76.149640817385418, 12.572086387713712 ], [ 76.149909710467142, 12.57285770414293 ], [ 76.150142829418883, 12.573553473214806 ], [ 76.150201048947736, 12.573741243525655 ], [ 76.150205816216769, 12.573756617761276 ], [ 76.150022345352085, 12.573830898914883 ], [ 76.149823663824748, 12.573911337296707 ], [ 76.149643057441864, 12.57398444409983 ], [ 76.149638955966708, 12.573986104513896 ], [ 76.149592965958973, 12.574004720906197 ], [ 76.149550435579954, 12.573956208506573 ], [ 76.149346777742664, 12.573724242235494 ], [ 76.14926416716655, 12.573744962278404 ], [ 76.149081270152976, 12.573790834229776 ], [ 76.149060498664653, 12.573796044343318 ], [ 76.148966275421543, 12.573819595225688 ], [ 76.148970319636206, 12.573823688983477 ], [ 76.149040384262008, 12.573894616247317 ], [ 76.149085651032721, 12.573940439855747 ], [ 76.149204958222214, 12.574061189781668 ], [ 76.149380824500525, 12.574241445844835 ], [ 76.149682510572561, 12.574555848994487 ], [ 76.149818846548143, 12.574699559251219 ], [ 76.150160970001551, 12.575059087147624 ], [ 76.150238560241576, 12.575139800627415 ], [ 76.150328891445142, 12.575233767325116 ], [ 76.150552651136408, 12.575598658975773 ], [ 76.150857574282156, 12.576097963815764 ], [ 76.150860099113274, 12.576102105657228 ], [ 76.151059395121351, 12.57631580128913 ], [ 76.151299518341347, 12.576574176262492 ], [ 76.151310228518469, 12.576585700432638 ], [ 76.151355024314299, 12.576603707197201 ], [ 76.15179955927141, 12.576778990880888 ], [ 76.151842936369803, 12.576796095003985 ], [ 76.151839316393747, 12.57682339191485 ], [ 76.151705112313067, 12.576813022668468 ], [ 76.151940432671267, 12.577934890055641 ], [ 76.152050099012115, 12.578457707577813 ], [ 76.15220355253021, 12.578392720091497 ], [ 76.152220864384631, 12.578756191525045 ], [ 76.152230301502541, 12.578927432757697 ], [ 76.152226937918314, 12.57915133609322 ], [ 76.152226038139716, 12.579200970585026 ], [ 76.152226016752806, 12.579202160517211 ], [ 76.152254598930242, 12.580144760698769 ], [ 76.152471342892497, 12.580044543211601 ], [ 76.152626017125215, 12.579973025034617 ], [ 76.153462678834288, 12.57940286252194 ], [ 76.154500786400106, 12.578883528551563 ], [ 76.155457876988734, 12.578792264047191 ], [ 76.156433182391183, 12.578698511623498 ], [ 76.156480077975473, 12.578694003634178 ], [ 76.156971562323804, 12.578646757314079 ], [ 76.158114391717348, 12.578535450975133 ], [ 76.159869285742431, 12.578989119848581 ], [ 76.160795106503656, 12.579225954516227 ], [ 76.162693268436783, 12.579529588030745 ], [ 76.163051420427252, 12.579586913349194 ], [ 76.163052710001836, 12.579587120218999 ], [ 76.163343623869594, 12.579633703146433 ], [ 76.164289055394207, 12.57979179428413 ], [ 76.165096067622002, 12.579926925361539 ], [ 76.165884570618573, 12.580059330815912 ], [ 76.166532189953372, 12.580169220932151 ], [ 76.166542559522554, 12.580170980400533 ], [ 76.166751677987008, 12.580206434298987 ], [ 76.166898620749365, 12.580184723253717 ], [ 76.166998708341893, 12.580169935826584 ], [ 76.167615230615311, 12.58007884516098 ], [ 76.169655900894881, 12.579404892808624 ], [ 76.171200181825398, 12.578894478606408 ], [ 76.172603667083649, 12.578017102884596 ], [ 76.173378121049595, 12.577737036947878 ], [ 76.173482383142158, 12.577699331879252 ], [ 76.174388371811062, 12.57737169479639 ], [ 76.176519840091032, 12.576925066398418 ], [ 76.178027681438493, 12.576301162622721 ], [ 76.180074115675197, 12.575447728802052 ], [ 76.180074406899692, 12.575447607270325 ], [ 76.180130079532148, 12.57542438996909 ], [ 76.180527178859506, 12.57525926646098 ], [ 76.180645577364587, 12.57521003396042 ], [ 76.181439627373877, 12.575195456554001 ], [ 76.182061783863162, 12.575545041346205 ], [ 76.18208849394955, 12.575643619607048 ], [ 76.182139397845788, 12.575615222415639 ], [ 76.182363846754143, 12.575490012198605 ], [ 76.182416095245472, 12.575447911526632 ], [ 76.182561840519895, 12.575330475049494 ], [ 76.182577742768942, 12.575349348076839 ], [ 76.182724539968092, 12.575523564096935 ], [ 76.182750600799338, 12.575740077413371 ], [ 76.182781386809225, 12.575995716664544 ], [ 76.182971944252358, 12.576192472578082 ], [ 76.183125003588742, 12.576350514783437 ], [ 76.183313168249825, 12.576714082980489 ], [ 76.18356534728801, 12.576956592411225 ], [ 76.183807349735531, 12.577189320512794 ], [ 76.183951580899802, 12.577225734910355 ], [ 76.184011615965261, 12.577211866961544 ], [ 76.184136921547747, 12.577182922570843 ], [ 76.184215066464162, 12.577164864359737 ], [ 76.184686520246842, 12.576950691705182 ], [ 76.184888372713573, 12.576830866655376 ], [ 76.184898818326161, 12.576829353050961 ], [ 76.186324674361742, 12.576622968669316 ], [ 76.186629587255055, 12.576630370803381 ], [ 76.186718067738738, 12.576632628778361 ], [ 76.18813817119414, 12.576668864796375 ], [ 76.188519049964597, 12.576786758833672 ], [ 76.188582351084293, 12.576794670193104 ], [ 76.188693045692389, 12.57680856987421 ], [ 76.188725299119383, 12.57681262005241 ], [ 76.188737810582765, 12.576814198274347 ], [ 76.188845832762127, 12.576802201195594 ], [ 76.188995606001257, 12.57678556683261 ], [ 76.189744049561867, 12.576778422461 ], [ 76.189843070306438, 12.576777946426802 ], [ 76.190040196880062, 12.576776997409576 ], [ 76.190807984267252, 12.576775078553094 ], [ 76.190818806726099, 12.57677505936836 ], [ 76.190918067942576, 12.576787825456101 ], [ 76.191054760841439, 12.576805404960721 ], [ 76.191063069071689, 12.576806474660687 ], [ 76.191213296242253, 12.576826070665579 ], [ 76.191433300767301, 12.576854965213698 ], [ 76.191581534419427, 12.576874587053219 ], [ 76.191659880795044, 12.57688502195443 ], [ 76.191782807400983, 12.576901551160695 ], [ 76.191986686421032, 12.576928966425815 ], [ 76.192491839640638, 12.576994061337825 ], [ 76.192623600226938, 12.577010883533669 ], [ 76.1927486873698, 12.577026852959019 ], [ 76.193865980757025, 12.577142821146618 ], [ 76.194078911837309, 12.577121667509708 ], [ 76.19438659542071, 12.577078514317117 ], [ 76.194746039642411, 12.577018987707016 ], [ 76.195089595579049, 12.577027453641394 ], [ 76.195206183672084, 12.577099596721666 ], [ 76.195984211898988, 12.577333041330624 ], [ 76.196139223387647, 12.577382539553824 ], [ 76.196213330921736, 12.577406203944282 ], [ 76.196286009322748, 12.577429734557697 ], [ 76.196434436664944, 12.577485126137228 ], [ 76.196422976221982, 12.577527665593232 ], [ 76.196405801386916, 12.577591415938105 ], [ 76.196347795235098, 12.577724846647207 ], [ 76.196193607939449, 12.578079518613889 ], [ 76.195394199005761, 12.579758407343775 ], [ 76.195253526409829, 12.580103368916056 ], [ 76.195063571633256, 12.580505267722419 ], [ 76.195019119255278, 12.58116867876271 ], [ 76.195014164657891, 12.581243143497499 ], [ 76.195011497313928, 12.581254116966887 ], [ 76.194996930343223, 12.581314045649673 ], [ 76.194936967176176, 12.581560381588275 ], [ 76.194932759071392, 12.581589681235956 ], [ 76.194913059434427, 12.581726383665833 ], [ 76.194858431155851, 12.582105458739052 ], [ 76.194847041769108, 12.582135189152329 ], [ 76.194801454506134, 12.582254059399901 ], [ 76.194788934095243, 12.582308914056297 ], [ 76.194649968288616, 12.582810372093743 ], [ 76.19475970580892, 12.582841039303716 ], [ 76.194758337544926, 12.582845517192908 ], [ 76.194553490050396, 12.582886189120796 ], [ 76.19453337866878, 12.582890124084225 ], [ 76.194298031163981, 12.583192682237998 ], [ 76.194214310818992, 12.583300464412369 ], [ 76.194205182795116, 12.583312255994827 ], [ 76.194192551482402, 12.583322254962013 ], [ 76.193780267835621, 12.583652899184701 ], [ 76.193777760718135, 12.583654940117247 ], [ 76.19376530855223, 12.583665071173822 ], [ 76.193685463565458, 12.583682557602803 ], [ 76.193539290949289, 12.583714821049732 ], [ 76.193494493529428, 12.583725927191068 ], [ 76.193418733065684, 12.58374470902187 ], [ 76.19315947166605, 12.583840661834952 ], [ 76.192280820347037, 12.58510725406642 ], [ 76.192234186697391, 12.585174477089137 ], [ 76.192235442071492, 12.585176438866425 ], [ 76.192330907030637, 12.58532560328346 ], [ 76.192333851721884, 12.585330211132177 ], [ 76.192334058189118, 12.585330471503624 ], [ 76.19242496372587, 12.585445451456241 ], [ 76.192441317649696, 12.585466162548876 ], [ 76.192614087394574, 12.585543890455019 ], [ 76.192770437517453, 12.585648448886811 ], [ 76.192844559263662, 12.585877766334082 ], [ 76.192914804674416, 12.586322394939907 ], [ 76.192996162972747, 12.587063600808522 ], [ 76.193081818229587, 12.587680396601646 ], [ 76.192725130224588, 12.588375114888334 ], [ 76.192441111794579, 12.588839861272016 ], [ 76.19186619622181, 12.589598942615707 ], [ 76.191791001201807, 12.58979663099681 ], [ 76.191791898496959, 12.589990989623601 ], [ 76.191932556265584, 12.590124922590045 ], [ 76.192131441318239, 12.59034232130934 ], [ 76.192180867940493, 12.590497590980927 ], [ 76.192341059120324, 12.590460369662575 ], [ 76.192346918710385, 12.590434808451958 ], [ 76.192366531706355, 12.590424473739763 ], [ 76.192380145334297, 12.590451287175098 ], [ 76.192373757308175, 12.59047503797782 ], [ 76.192356220700276, 12.590564236270049 ], [ 76.192419473181104, 12.590579999829938 ], [ 76.192513115914196, 12.59060339342664 ], [ 76.193338295493973, 12.590813260545682 ], [ 76.193338095865897, 12.590911048452313 ], [ 76.193337185322164, 12.591356008427956 ], [ 76.193384727520723, 12.591373659995593 ], [ 76.193384370713815, 12.591457552258827 ], [ 76.193383470508422, 12.591669192906831 ], [ 76.193332949468186, 12.591959725161416 ], [ 76.193333441516472, 12.59196560788987 ], [ 76.193333318369213, 12.591965650932856 ], [ 76.193331827736259, 12.591966172026531 ], [ 76.193239787160266, 12.591998357883059 ], [ 76.19295989090088, 12.592096234039088 ], [ 76.192676736884437, 12.592149115484984 ], [ 76.192246883790844, 12.592248528263411 ], [ 76.192235335890061, 12.592250859015715 ], [ 76.192212807589314, 12.592180496720019 ], [ 76.192107693514217, 12.592190480998019 ], [ 76.192091635125919, 12.592539569589265 ], [ 76.192082804134984, 12.592581675894724 ], [ 76.192004970564113, 12.592952773011394 ], [ 76.192082192905303, 12.593325605859299 ], [ 76.192180859781288, 12.593595480314242 ], [ 76.192247478239011, 12.593781771413097 ], [ 76.192652014165333, 12.594361262757023 ], [ 76.192869719863211, 12.594566017469843 ], [ 76.19322880530855, 12.59479645485002 ], [ 76.19346094752315, 12.594962870460034 ], [ 76.193617536377928, 12.595117662399986 ], [ 76.193821007936251, 12.595403812606852 ], [ 76.19408873120085, 12.59589061744895 ], [ 76.194243450070346, 12.596167417479212 ], [ 76.194378098351251, 12.596317521318632 ], [ 76.194515018816915, 12.596604261859699 ], [ 76.194606623925694, 12.596754265761879 ], [ 76.194953327188202, 12.59746557944143 ], [ 76.195042356156875, 12.597757024341069 ], [ 76.195178103864706, 12.59814394702474 ], [ 76.195273216781999, 12.598421817266209 ], [ 76.195286484930847, 12.598465682818455 ], [ 76.195335319013083, 12.59862713111729 ], [ 76.195344465517607, 12.59865737824798 ], [ 76.195346545517339, 12.598664251110733 ], [ 76.195441765365246, 12.598686619209538 ], [ 76.195707702586546, 12.598749090170495 ], [ 76.196395212783173, 12.599453703778837 ], [ 76.196786127283374, 12.599926860293985 ], [ 76.197374815452051, 12.601222797491683 ], [ 76.197665669077665, 12.601642731903599 ], [ 76.197757040451691, 12.60174951852145 ], [ 76.197778608540503, 12.601774714618998 ], [ 76.197518273373177, 12.601890168757253 ], [ 76.19758280277108, 12.601987968474694 ], [ 76.197673134557363, 12.60210041412823 ], [ 76.19769447787094, 12.602126956566156 ], [ 76.197741374406448, 12.602185261943319 ], [ 76.197743799265211, 12.602188274452962 ], [ 76.198050778180956, 12.602535771254562 ], [ 76.198578688029357, 12.603239878661602 ], [ 76.19855895676065, 12.60332472102178 ], [ 76.19854530523186, 12.603379775247989 ], [ 76.198553986629079, 12.603408062359822 ], [ 76.198594374114336, 12.60353955710484 ], [ 76.198609042989148, 12.603587318300232 ], [ 76.198621799294514, 12.603607220422621 ], [ 76.198633275094892, 12.603625132896413 ], [ 76.19864346763238, 12.603641056638313 ], [ 76.198689577022392, 12.603713095275111 ], [ 76.198917411783796, 12.604071159513591 ], [ 76.199135145454591, 12.604413832797379 ], [ 76.199522953194588, 12.604740942219419 ], [ 76.199676676868933, 12.604869982403033 ], [ 76.199994801838585, 12.604936768229109 ], [ 76.200083776491141, 12.605067685569637 ], [ 76.200084112954457, 12.605068181323857 ], [ 76.200113965090708, 12.605112077834393 ], [ 76.20052761214896, 12.605718970898781 ], [ 76.201038611794644, 12.606745414526367 ], [ 76.201087547367834, 12.606802978564792 ], [ 76.20085036332263, 12.607167169771399 ], [ 76.200844169740819, 12.607308034729412 ], [ 76.20084832644612, 12.607371165055053 ], [ 76.20090127068346, 12.608175340498772 ], [ 76.200934273928283, 12.608338275101611 ], [ 76.200940571754714, 12.608369367429036 ], [ 76.200950658255024, 12.608419161579013 ], [ 76.201164012198319, 12.609032833431836 ], [ 76.201356613583812, 12.609584146402193 ], [ 76.201404863884392, 12.609722255791732 ], [ 76.201420066977022, 12.609748348066084 ], [ 76.20142038805345, 12.60974889813393 ], [ 76.20194529144834, 12.610630778404213 ], [ 76.202549591717684, 12.611664785536659 ], [ 76.202621087874803, 12.611787427201085 ], [ 76.202727971254447, 12.611970770145215 ], [ 76.202734263978698, 12.611981564996325 ], [ 76.2028068861718, 12.612124519740048 ], [ 76.202871417825421, 12.612251546896688 ], [ 76.202883614053448, 12.612275535155451 ], [ 76.202958867995093, 12.612423547372389 ], [ 76.203177711466836, 12.612774350852124 ], [ 76.203177773620496, 12.61277445273735 ], [ 76.203272918119197, 12.61292690124858 ], [ 76.204080536176789, 12.61427123707527 ], [ 76.20436000227464, 12.614732446964188 ], [ 76.204417715662757, 12.614790126995413 ], [ 76.204506051413375, 12.614878410666796 ], [ 76.204551477636699, 12.614923811220502 ], [ 76.205901205347246, 12.616263652101521 ], [ 76.206027928671915, 12.616389161471252 ], [ 76.206433314021638, 12.616466926928636 ], [ 76.206452089512879, 12.616470529090208 ], [ 76.207543342433112, 12.616495629818461 ], [ 76.207599027164775, 12.616497179015694 ], [ 76.208314538498357, 12.616513001262939 ], [ 76.2085224847918, 12.616516680318995 ], [ 76.208549144170519, 12.616517151867006 ], [ 76.208876922172394, 12.616568917930065 ], [ 76.209240289496208, 12.616626304239089 ], [ 76.209272326343893, 12.616631364155959 ], [ 76.209442813968764, 12.616658288725336 ], [ 76.209602963971179, 12.616683346901578 ], [ 76.21048875296735, 12.616358334691007 ], [ 76.210481526249694, 12.616341250757952 ], [ 76.21050926043759, 12.616331256638412 ], [ 76.210548086652096, 12.616336150915046 ], [ 76.210556262654222, 12.616333094111896 ], [ 76.210583957729057, 12.6163367170257 ], [ 76.211416363270629, 12.616445608491698 ], [ 76.211533249894799, 12.616460898421161 ], [ 76.211556160570652, 12.616463895591535 ], [ 76.212546327269962, 12.616593420127376 ], [ 76.212554391883302, 12.6165944747745 ], [ 76.213181329907314, 12.616676482932879 ], [ 76.213520912051706, 12.616721384306446 ], [ 76.213563118254754, 12.616726965270701 ], [ 76.214077782072962, 12.618259610049002 ], [ 76.21443306894605, 12.619323604370063 ], [ 76.214472852358696, 12.619442352214975 ], [ 76.214493169385037, 12.619502993573279 ], [ 76.215250617036631, 12.621763812600852 ], [ 76.215452719210731, 12.622361796358136 ], [ 76.215520597536553, 12.622562635075328 ], [ 76.21568867448191, 12.62305994325002 ], [ 76.215738943482933, 12.623208233703558 ], [ 76.216409906583152, 12.625178269893762 ], [ 76.216452447054976, 12.625303174328472 ], [ 76.216446975457984, 12.625304641326959 ], [ 76.216406251596709, 12.625330375339038 ], [ 76.215964167511288, 12.625609735352343 ], [ 76.215120873052939, 12.626141692732931 ], [ 76.214313098782384, 12.626646755108176 ], [ 76.214218709731583, 12.62670537780834 ], [ 76.213868286760459, 12.626922591156218 ], [ 76.21371520430155, 12.627016656086404 ], [ 76.21334928198786, 12.627241503125649 ], [ 76.213229905550264, 12.627314855921043 ], [ 76.212961143531587, 12.627480000642173 ], [ 76.212826526927657, 12.627517005795124 ], [ 76.212123326967728, 12.627710014199648 ], [ 76.21117917994701, 12.627965813156599 ], [ 76.21004086427061, 12.628270825286148 ], [ 76.209374653057978, 12.628454674859356 ], [ 76.208425694050447, 12.628715947184697 ], [ 76.207569964809778, 12.628955752895482 ], [ 76.207183854942144, 12.629080979590348 ], [ 76.207150918922565, 12.629162067643987 ], [ 76.207077389385191, 12.629342168099575 ], [ 76.207140760268416, 12.629390974791317 ], [ 76.207122258986772, 12.62943229244553 ], [ 76.207068614968023, 12.629550792411447 ], [ 76.206945953311049, 12.629821755311811 ], [ 76.20691691113295, 12.629885909750497 ], [ 76.20672909568404, 12.630300796748154 ], [ 76.206852160856229, 12.630790352321988 ], [ 76.206866262908719, 12.63084645210828 ], [ 76.206951326146552, 12.631184548679997 ], [ 76.206953372192942, 12.631192680972044 ], [ 76.206986347248161, 12.631307655360272 ], [ 76.207260576266236, 12.632263796301208 ], [ 76.207582949142676, 12.633301612491369 ], [ 76.207650761844263, 12.633496997306114 ], [ 76.207682308011599, 12.633587888795276 ], [ 76.20758574594737, 12.633548096558062 ], [ 76.207578680607668, 12.633577043920175 ], [ 76.207568953350062, 12.633616898811713 ], [ 76.207565071117898, 12.633632805287752 ], [ 76.207567032731632, 12.633640004002869 ], [ 76.207571574213475, 12.633656666151623 ], [ 76.207611225156384, 12.633802154750391 ], [ 76.20767501883806, 12.634036429209745 ], [ 76.207673131286469, 12.634062457250925 ], [ 76.207665550750278, 12.634166972787568 ], [ 76.207661734257428, 12.634219625772225 ], [ 76.207627726691797, 12.63438570997806 ], [ 76.207613742283684, 12.634453977844654 ], [ 76.207511442521593, 12.634953077948962 ], [ 76.207637508770958, 12.634951056912962 ], [ 76.207712820973256, 12.634949848820138 ], [ 76.208010812722989, 12.634945059921781 ], [ 76.208104412163109, 12.634943567264752 ], [ 76.208106698645835, 12.63491094733326 ], [ 76.208159118951187, 12.634945590567769 ], [ 76.208168765746052, 12.635088526116832 ], [ 76.208179794852171, 12.635251929958972 ], [ 76.208181616830799, 12.635278980018596 ], [ 76.208275600965692, 12.635615664732086 ], [ 76.208291387009254, 12.635672237732456 ], [ 76.208337165444647, 12.635852360283099 ], [ 76.208370754116388, 12.635984574830514 ], [ 76.208457387343401, 12.63632574096855 ], [ 76.208427997421097, 12.636403314193505 ], [ 76.208334871417122, 12.636649100864783 ], [ 76.208476037167571, 12.63677286624776 ], [ 76.208567177758951, 12.636852771904165 ], [ 76.208833229481698, 12.637086099245314 ], [ 76.208992166984345, 12.63722551711955 ], [ 76.209103355115744, 12.637323050474087 ], [ 76.209173085819913, 12.637457080970092 ], [ 76.209306142569545, 12.637712828884164 ], [ 76.209545832089077, 12.638190817628482 ], [ 76.209558058622818, 12.638197130734305 ], [ 76.209599709849613, 12.63821863235227 ], [ 76.209618394985938, 12.638255518572183 ], [ 76.209682417182677, 12.638381900668534 ], [ 76.20969478156276, 12.638388353279026 ], [ 76.209844866122424, 12.638466663721859 ], [ 76.210248693079109, 12.63867315481356 ], [ 76.210819581228947, 12.638623737841238 ], [ 76.211449187553697, 12.638567677968805 ], [ 76.211660398500825, 12.638545333209603 ], [ 76.21182594731188, 12.638632697402137 ], [ 76.212630017583251, 12.639047511573873 ], [ 76.213211460505974, 12.639341580450468 ], [ 76.213293689219796, 12.639383167879597 ], [ 76.213363566390896, 12.639418508933106 ], [ 76.213955588579154, 12.639996515671694 ], [ 76.214505989263927, 12.640534155648272 ], [ 76.214969586670648, 12.640985131240663 ], [ 76.215433711601108, 12.641435563711095 ], [ 76.215770446573543, 12.641762404791837 ], [ 76.216155439305098, 12.642136173659839 ], [ 76.216368656755421, 12.642343219433032 ], [ 76.216522011022334, 12.642489803698469 ], [ 76.216692357922426, 12.64265265751429 ], [ 76.216799849208726, 12.642755438838934 ], [ 76.21685262563129, 12.642805610193301 ], [ 76.217002375353175, 12.642947968499792 ], [ 76.217471635998677, 12.643394999148876 ], [ 76.217662998547794, 12.643577504706936 ], [ 76.218038102549428, 12.643935399556991 ], [ 76.218213447544485, 12.644102847567332 ], [ 76.218356973369652, 12.644061525498291 ], [ 76.218706645199617, 12.643834981453761 ], [ 76.218862852965287, 12.643737928765017 ], [ 76.218920716093479, 12.643701978008268 ], [ 76.218983727159539, 12.643662828460844 ], [ 76.219020266175235, 12.643796831234228 ], [ 76.21903373999794, 12.643855017783812 ], [ 76.219055078901192, 12.644174799648896 ], [ 76.219059797650061, 12.644245512901326 ], [ 76.219526197323788, 12.644064543444095 ], [ 76.219566510162565, 12.644045972092442 ], [ 76.219621860616499, 12.644020474247027 ], [ 76.219650979146081, 12.644006787482263 ], [ 76.219712617739589, 12.644113197555381 ], [ 76.219747261079348, 12.644172999548269 ], [ 76.219751862849179, 12.644178094842708 ], [ 76.219785527390513, 12.64421536547369 ], [ 76.219789303583681, 12.644219546874789 ], [ 76.219828770536225, 12.644263285160234 ], [ 76.221070165007589, 12.644140054230753 ], [ 76.222638518761229, 12.644056316460848 ], [ 76.223539731524355, 12.644037827756613 ], [ 76.224139030629175, 12.644049428396075 ], [ 76.225337353057853, 12.644015216033013 ], [ 76.225922401606695, 12.644103425359081 ], [ 76.226039632367929, 12.644167473713669 ], [ 76.226115179320303, 12.644174302958143 ], [ 76.226677722585805, 12.644140616562881 ], [ 76.227362116462302, 12.644118328282877 ], [ 76.228187575805279, 12.644049937828431 ], [ 76.228285915556441, 12.644097950170613 ], [ 76.228489927111795, 12.644100697681198 ], [ 76.228859351632593, 12.644105726490318 ], [ 76.228961738686266, 12.644107127670257 ], [ 76.229168474906388, 12.644109966067461 ], [ 76.229362491307398, 12.644112646898073 ], [ 76.22991796756871, 12.644120388957649 ], [ 76.230080117621398, 12.644122665724797 ], [ 76.230465991766152, 12.644128111824253 ], [ 76.230677989415796, 12.644131116424772 ], [ 76.231072734730546, 12.64414110268655 ], [ 76.231100819958442, 12.644125385256515 ], [ 76.231204911735631, 12.644067148286217 ], [ 76.231400467381249, 12.643958580223122 ], [ 76.231598133661819, 12.643844381449677 ], [ 76.231830350799825, 12.643710059288171 ], [ 76.231986709760307, 12.643619622120948 ], [ 76.232137401017837, 12.643532457717559 ], [ 76.232219844598887, 12.64348477012574 ], [ 76.23241944301914, 12.64336931601205 ], [ 76.232733964927306, 12.643187387481527 ], [ 76.23294466749212, 12.643065509516813 ], [ 76.233338476171696, 12.642837712629227 ], [ 76.233578437513273, 12.642698905059685 ], [ 76.233874232735445, 12.642527799143219 ], [ 76.234140405542092, 12.642373821846064 ], [ 76.234408450949914, 12.642218758847571 ], [ 76.234672907026422, 12.642065750989477 ], [ 76.23504421380197, 12.641850875367572 ], [ 76.235229468382229, 12.641743646269934 ], [ 76.23542271115582, 12.641631777234409 ], [ 76.235610430372759, 12.641523091715301 ], [ 76.235686972618538, 12.641478767563148 ], [ 76.235828539740055, 12.641379617173506 ], [ 76.235994100123378, 12.641263640376859 ], [ 76.236323485712035, 12.641032793950487 ], [ 76.236508858889295, 12.640902805384023 ], [ 76.236526738890291, 12.640758092827497 ], [ 76.236539389261253, 12.640577717710338 ], [ 76.236565051466656, 12.64026015487447 ], [ 76.236589182262719, 12.639996880677954 ], [ 76.236621284333069, 12.639622078931117 ], [ 76.236636886231082, 12.639369345466056 ], [ 76.236652617737931, 12.639082692101027 ], [ 76.236657412256747, 12.638995554852887 ], [ 76.236658089641566, 12.63898326040735 ], [ 76.236659444137203, 12.638958614558952 ], [ 76.236733831505887, 12.638946522467499 ], [ 76.236898890295279, 12.638919775484068 ], [ 76.236947159275729, 12.638911986895938 ], [ 76.237154064540604, 12.638878602051053 ], [ 76.237222573052378, 12.638870432893587 ], [ 76.237354946210914, 12.638854648597258 ], [ 76.237681035177175, 12.638816177001658 ], [ 76.237712643469663, 12.63881247532532 ], [ 76.23779258628565, 12.638803138180359 ], [ 76.237871248559259, 12.638794010380991 ], [ 76.238409974170423, 12.638734007490834 ], [ 76.239006656890439, 12.638669407156602 ], [ 76.239317226016979, 12.638636510812916 ], [ 76.239376530413338, 12.638630396432678 ], [ 76.239448285897083, 12.638622999095293 ], [ 76.239893259367506, 12.638578495982721 ], [ 76.240048060809727, 12.63856384107674 ], [ 76.240096835096438, 12.638559505970148 ], [ 76.240534582391277, 12.638520598365774 ], [ 76.240799130519861, 12.638497025105901 ], [ 76.240829398109312, 12.638494633023813 ], [ 76.240882360914057, 12.638490409377182 ], [ 76.241184200981735, 12.638466335791762 ], [ 76.241555628635652, 12.638436298031575 ], [ 76.241634600439255, 12.638427853915436 ], [ 76.242098499716491, 12.638378252121308 ], [ 76.242445031295702, 12.638341049287918 ], [ 76.242514018319071, 12.638332352187389 ], [ 76.242617329743169, 12.63828384023954 ], [ 76.242947209369092, 12.638128940523661 ], [ 76.243335197502248, 12.637946953778744 ], [ 76.243619516550439, 12.637813605291004 ], [ 76.243727418779628, 12.637763001140264 ], [ 76.243733976366784, 12.637759924629743 ], [ 76.243837209536636, 12.637711514776285 ], [ 76.243978048442983, 12.637558501980106 ], [ 76.244208779449139, 12.637307866903582 ], [ 76.244417361092133, 12.637063285836653 ], [ 76.244574222528144, 12.636878972115793 ], [ 76.244648322409788, 12.636807914589193 ], [ 76.244835124738813, 12.636628779816675 ], [ 76.245305511713056, 12.636152113328562 ], [ 76.245519083710903, 12.635929331467789 ], [ 76.2455337489328, 12.635914020712011 ], [ 76.245567853647543, 12.635990957818699 ], [ 76.245612567956769, 12.635945139717732 ], [ 76.245647124655292, 12.635909729165059 ], [ 76.245662133950006, 12.635894369782418 ], [ 76.245918684984105, 12.63579087571401 ], [ 76.246103064817376, 12.635716518839271 ], [ 76.246190180868581, 12.635681387900775 ], [ 76.246411593492283, 12.635592118190729 ], [ 76.246804125078967, 12.635433922436455 ], [ 76.246918602782131, 12.635424938353486 ], [ 76.246967014220843, 12.635421128126982 ], [ 76.246920711269681, 12.635424607538473 ], [ 76.246919551835532, 12.63539851967948 ], [ 76.246916564162632, 12.635331065056656 ], [ 76.246912140746886, 12.635231230413515 ], [ 76.24689752379939, 12.634901372132349 ], [ 76.246881771929836, 12.634545905037212 ], [ 76.246876773761613, 12.6344330874583 ], [ 76.246873159919318, 12.634351540808469 ], [ 76.246869602969426, 12.634271284045248 ], [ 76.24701610803983, 12.63373290802094 ], [ 76.247027117775133, 12.633692451329422 ], [ 76.247116191435353, 12.6333651414645 ], [ 76.247233593168801, 12.632933723793833 ], [ 76.247236152002074, 12.632923936679706 ], [ 76.247306689069475, 12.632654849011312 ], [ 76.247341175806213, 12.63252350347279 ], [ 76.24739800944198, 12.632307048871814 ], [ 76.247449504783745, 12.632111194777773 ], [ 76.247511080174192, 12.631877230850641 ], [ 76.247512138730642, 12.631873211688058 ], [ 76.247520492404561, 12.631841500125788 ], [ 76.247446385567841, 12.631529248977859 ], [ 76.24740508971415, 12.631356921378819 ], [ 76.247268872453418, 12.630976798523262 ], [ 76.247197355372819, 12.630777803734331 ], [ 76.247154159253128, 12.630657801710546 ], [ 76.247086243954655, 12.630319993196595 ], [ 76.247031748314157, 12.630049924142671 ], [ 76.246998691395902, 12.629886664925252 ], [ 76.246988368452918, 12.629824147504712 ], [ 76.246911231981983, 12.629356977849408 ], [ 76.246860774326294, 12.629301341963425 ], [ 76.246672484798125, 12.629093729564639 ], [ 76.24663005462827, 12.62904714415045 ], [ 76.246621078801766, 12.629037288882857 ], [ 76.246478986713768, 12.628881355019153 ], [ 76.246420438830057, 12.628817146157338 ], [ 76.246424825801569, 12.628776718617853 ], [ 76.246434853734002, 12.628684295115816 ], [ 76.246460110814667, 12.628451510005176 ], [ 76.24647147243958, 12.628346110019256 ], [ 76.246501136702648, 12.628069477955316 ], [ 76.246439097518135, 12.627969991039929 ], [ 76.246278687131934, 12.627712754711618 ], [ 76.246260178173813, 12.627636487902096 ], [ 76.246171101607374, 12.627269435998128 ], [ 76.246157193703596, 12.627194458634271 ], [ 76.245926752783333, 12.626345582435638 ], [ 76.245768474276261, 12.625789340778555 ], [ 76.245771932113357, 12.625771665702453 ], [ 76.245852928371505, 12.625766553703311 ], [ 76.246292188645597, 12.625738829766846 ], [ 76.246361708305955, 12.625814057325094 ], [ 76.246452186282752, 12.625814938456696 ], [ 76.246539928106259, 12.625815792557852 ], [ 76.246744352986823, 12.625817197303034 ], [ 76.246980498550997, 12.625795911687485 ], [ 76.247248714716989, 12.625736772202792 ], [ 76.247332488037586, 12.625718300421468 ], [ 76.24739655214313, 12.62570417454223 ], [ 76.24740893840513, 12.625753482434376 ], [ 76.247431933965615, 12.625845023784859 ], [ 76.247499363731521, 12.62586431222817 ], [ 76.247778169835797, 12.625944066927516 ], [ 76.247903913341361, 12.625806746174412 ], [ 76.247981673811708, 12.625721743221193 ], [ 76.248192426733155, 12.625491361577932 ], [ 76.248194697762983, 12.625488876428852 ], [ 76.248425182313696, 12.625212549911424 ], [ 76.248512297124194, 12.625166939997339 ], [ 76.248596325616205, 12.625122945661321 ], [ 76.248630559401789, 12.625105021701398 ], [ 76.249269167856298, 12.624770323621052 ], [ 76.249936763780809, 12.624548759655648 ], [ 76.249920640035455, 12.624396610694202 ], [ 76.249897634835193, 12.624180555895082 ], [ 76.250114356859413, 12.624115141730146 ], [ 76.250716022018338, 12.623907012369846 ], [ 76.250816664296082, 12.623882680598083 ], [ 76.250833684436202, 12.623878565829848 ], [ 76.25152620002207, 12.6237095543405 ], [ 76.251737211038403, 12.623668252764434 ], [ 76.252864890639813, 12.623554541125785 ], [ 76.252924146120279, 12.623551501850796 ], [ 76.253106369842854, 12.623542155078045 ], [ 76.253497564717847, 12.623522286791861 ], [ 76.253564153838795, 12.623502664280387 ], [ 76.25360445276543, 12.623490788607468 ], [ 76.253574649416905, 12.623365212516484 ], [ 76.253569657759655, 12.623344180365287 ], [ 76.253567419898786, 12.623334745738314 ], [ 76.253558749456076, 12.623298186665503 ], [ 76.253518719808071, 12.623129407327928 ], [ 76.253486900074989, 12.622995240882105 ], [ 76.253575094773609, 12.621820697605841 ], [ 76.253433875172689, 12.621436739177261 ], [ 76.253660994361837, 12.621273355881701 ], [ 76.253719968682603, 12.621231025589095 ], [ 76.253924560646809, 12.621106717336119 ], [ 76.253925748362761, 12.6211059957097 ], [ 76.253996667753967, 12.621063039671917 ], [ 76.254010833292043, 12.621054463737366 ], [ 76.25407224122408, 12.621030219322353 ], [ 76.254072347788679, 12.621030173616724 ], [ 76.254656015044077, 12.620804720486625 ], [ 76.254758307300136, 12.620848240468007 ], [ 76.255137348777339, 12.62059398055418 ], [ 76.255579057209232, 12.620583725918989 ], [ 76.255662973986148, 12.620581777990031 ], [ 76.255751994510518, 12.620823917525406 ], [ 76.25577771046278, 12.620893865205803 ], [ 76.255939437518961, 12.620866466900861 ], [ 76.256277285728444, 12.620809231720587 ], [ 76.25655542066815, 12.6208401312698 ], [ 76.256722506865358, 12.62085869339767 ], [ 76.256843418621699, 12.621508268483986 ], [ 76.256852772145479, 12.62155852040569 ], [ 76.256897060004064, 12.621547700467936 ], [ 76.257050361839106, 12.621510248671553 ], [ 76.257280065838444, 12.621976063705882 ], [ 76.257290353029575, 12.621996925262764 ], [ 76.257340449380152, 12.621988845336396 ], [ 76.257491300437437, 12.621964514253284 ], [ 76.257745899612772, 12.621923504570091 ], [ 76.25785958205293, 12.621905193411932 ], [ 76.258092877161431, 12.621971980983261 ], [ 76.258124688170881, 12.621981088125345 ], [ 76.25878018941043, 12.621792291405722 ], [ 76.258872300811731, 12.621760648445056 ], [ 76.259022896916647, 12.621708914487559 ], [ 76.259043642349653, 12.621701792698641 ], [ 76.26005023960316, 12.621200479726983 ], [ 76.261336606636874, 12.620810018477986 ], [ 76.261491862888533, 12.620778478641228 ], [ 76.261589269683682, 12.620758691436908 ], [ 76.262855445973329, 12.620519304794804 ], [ 76.262943599481687, 12.620502638433617 ], [ 76.264176185402221, 12.620269596808836 ], [ 76.265078530608307, 12.619217827509416 ], [ 76.26546363098889, 12.619081722434457 ], [ 76.265740479116005, 12.619975654948021 ], [ 76.265837626198604, 12.620289339049881 ], [ 76.265887551571893, 12.620461977373557 ], [ 76.266221270950197, 12.62161595043769 ], [ 76.266279672428908, 12.621814180459449 ], [ 76.266322273279499, 12.621952721020143 ], [ 76.266345980760121, 12.622072281996656 ], [ 76.266384847683213, 12.622265629400763 ], [ 76.266557149382919, 12.623122748733202 ], [ 76.266752603803923, 12.62383141109043 ], [ 76.266775547328251, 12.623914052315317 ], [ 76.266771827752692, 12.623949513253521 ], [ 76.266768173237523, 12.623984351864669 ], [ 76.266763254752377, 12.624031349336265 ], [ 76.266759449800091, 12.624067794336193 ], [ 76.266757101136932, 12.624090754157788 ], [ 76.266751204002915, 12.624148402007023 ], [ 76.266672516804633, 12.624917663185551 ], [ 76.266669131545754, 12.624953717430916 ], [ 76.266599818886903, 12.62569181962261 ], [ 76.266548983728967, 12.626284280945308 ], [ 76.266531633219657, 12.62648649387657 ], [ 76.266527521966353, 12.626534409690384 ], [ 76.266520102376148, 12.62661904931735 ], [ 76.266546566494227, 12.626791289634852 ], [ 76.265998395272575, 12.628208392877349 ], [ 76.265864326547373, 12.628535391443084 ], [ 76.265830873673266, 12.628616983007726 ], [ 76.266164796991319, 12.628635407998676 ], [ 76.266513283435501, 12.628653853846762 ], [ 76.267369961595861, 12.628863087366984 ], [ 76.268011050845587, 12.6290201330859 ], [ 76.268099500584626, 12.629041800654031 ], [ 76.268127790854606, 12.629047616040442 ], [ 76.268636465842036, 12.629152202859286 ], [ 76.270310373806851, 12.629444654269946 ], [ 76.270336377531834, 12.629449197390132 ], [ 76.270366819627853, 12.629454514072936 ], [ 76.270383296423717, 12.629502211596497 ], [ 76.270406237114884, 12.629568620221495 ], [ 76.27044571614428, 12.629683063294392 ], [ 76.270591510188908, 12.629758868943995 ], [ 76.27060056918792, 12.629763578624742 ], [ 76.27061830414452, 12.629772797292318 ], [ 76.27065267155271, 12.629610857629332 ], [ 76.270661525143339, 12.62956894051084 ], [ 76.270766677728872, 12.629591909059181 ], [ 76.270833642024087, 12.629606534768413 ], [ 76.270842848794231, 12.629608545014888 ], [ 76.270842311429618, 12.629620714879229 ], [ 76.270841308351052, 12.629643531771327 ], [ 76.270840413892984, 12.629663923364376 ], [ 76.270840128214161, 12.6296703880972 ], [ 76.270839307950411, 12.629689026297466 ], [ 76.270838130817907, 12.629715558943129 ], [ 76.270837091132691, 12.629738979040573 ], [ 76.27083613262316, 12.629760381716368 ], [ 76.270835135057013, 12.629782637139332 ], [ 76.270834534708158, 12.629796034159897 ], [ 76.270833625924212, 12.629816134702603 ], [ 76.270832387395586, 12.629843470476533 ], [ 76.270831480922425, 12.629863479694635 ], [ 76.27086048363239, 12.629872415933916 ], [ 76.270885872993276, 12.629880239264844 ], [ 76.27091210418844, 12.629888329811195 ], [ 76.270974434783042, 12.629907538708069 ], [ 76.271001272633953, 12.629915809886139 ], [ 76.2710283059494, 12.629924140704404 ], [ 76.271086706052245, 12.629942142347424 ], [ 76.271158414403146, 12.629964235783895 ], [ 76.271190690254116, 12.629974178015877 ], [ 76.271198893364328, 12.629976703844275 ], [ 76.271245223420124, 12.629990978424397 ], [ 76.271275891303105, 12.630000427439345 ], [ 76.271313862407169, 12.63001212267789 ], [ 76.271363325435445, 12.630027356920079 ], [ 76.271405981255199, 12.630040490835649 ], [ 76.271470547703714, 12.630060371545271 ], [ 76.271540151986486, 12.630081796830188 ], [ 76.271611590132451, 12.630103782029954 ], [ 76.271649154592382, 12.630115339021563 ], [ 76.271746606267484, 12.630145320757409 ], [ 76.271759288482713, 12.630149220232623 ], [ 76.271803685074318, 12.63020832982234 ], [ 76.27184313769682, 12.630260854044337 ], [ 76.271881439420582, 12.630311856730868 ], [ 76.271921409346874, 12.630365103555201 ], [ 76.271973917678764, 12.630435052494077 ], [ 76.271985570165171, 12.630450580805023 ], [ 76.27201117180735, 12.630452910636134 ], [ 76.272011397467054, 12.630452933066588 ], [ 76.272056464011015, 12.63045703974691 ], [ 76.272096622412249, 12.630460696078746 ], [ 76.272130088669115, 12.630463743314214 ], [ 76.272213525817691, 12.630471324049848 ], [ 76.272262466100614, 12.630475766625903 ], [ 76.272288647021597, 12.630478139776043 ], [ 76.272351970825454, 12.630483875302209 ], [ 76.272373735433035, 12.630485843679029 ], [ 76.272396857623448, 12.630487934864298 ], [ 76.27244313197221, 12.630493522951937 ], [ 76.272491206246571, 12.630499324852844 ], [ 76.272531451586033, 12.630504177723713 ], [ 76.272613190376859, 12.630514022147755 ], [ 76.272638786517547, 12.630517099629424 ], [ 76.272711129431428, 12.630525794538132 ], [ 76.272803934784477, 12.630536927780701 ], [ 76.272892742228521, 12.630547560212413 ], [ 76.272983820226997, 12.630558445774483 ], [ 76.273060572378768, 12.630567600523733 ], [ 76.273129417291457, 12.630575795771779 ], [ 76.273204711106416, 12.630584744072264 ], [ 76.27326841955454, 12.630592300193589 ], [ 76.273323743674538, 12.630598853899182 ], [ 76.27334045510689, 12.63060082823319 ], [ 76.273401148518303, 12.630608001816373 ], [ 76.273487918531998, 12.630618230600044 ], [ 76.273637262807739, 12.63063582642063 ], [ 76.273710890814996, 12.630644497738558 ], [ 76.273799871371253, 12.630688970160264 ], [ 76.273958279395728, 12.630768169938895 ], [ 76.274173975272788, 12.630759849165136 ], [ 76.274317625181709, 12.630754296261559 ], [ 76.274317851610022, 12.630754287947189 ], [ 76.274317929841914, 12.630754283957097 ], [ 76.274408458081751, 12.630748765064265 ], [ 76.274436623850576, 12.630747047439552 ], [ 76.27446795512688, 12.630744679111073 ], [ 76.274488925149441, 12.630743091692393 ], [ 76.274575081635774, 12.630758802754642 ], [ 76.274658434184744, 12.630774001907746 ], [ 76.274658744704368, 12.630774057381894 ], [ 76.274775230351182, 12.630795286695978 ], [ 76.274850338756934, 12.630808975567113 ], [ 76.274851102626016, 12.630809113859245 ], [ 76.274948176314822, 12.630826804120996 ], [ 76.274974643575874, 12.630838650529583 ], [ 76.275051843974637, 12.630873215702852 ], [ 76.275052319133877, 12.630873426797704 ], [ 76.275139170165431, 12.630912425597232 ], [ 76.275220331162586, 12.63094886857272 ], [ 76.275307525360319, 12.630988184816914 ], [ 76.275475527071663, 12.631029578324195 ], [ 76.275670282674042, 12.631077850501548 ], [ 76.27587040708616, 12.631127745012662 ], [ 76.276077660984413, 12.631179727166863 ], [ 76.276175198950042, 12.6312132137608 ], [ 76.276175438710737, 12.631213294886219 ], [ 76.276219709104225, 12.631228544883847 ], [ 76.276364206238298, 12.631278319989379 ], [ 76.276624033351013, 12.631368295064759 ], [ 76.276736616239347, 12.631411468212207 ], [ 76.27683672748276, 12.631449967177582 ], [ 76.276857561976342, 12.631457979871834 ], [ 76.276868023494771, 12.631462002732103 ], [ 76.276999653856194, 12.631512777506964 ], [ 76.277117845874756, 12.631558494867745 ], [ 76.277139425053264, 12.631566857473096 ], [ 76.277166551323219, 12.631586615821183 ], [ 76.277208320486849, 12.631617062754611 ], [ 76.277249093859311, 12.631646828242511 ], [ 76.27728302273735, 12.631671634099387 ], [ 76.277322066810797, 12.631700204508082 ], [ 76.277387280013741, 12.631748027907872 ], [ 76.277448758129168, 12.631793216570046 ], [ 76.277491758762437, 12.631824886216346 ], [ 76.277551283600715, 12.631868822093178 ], [ 76.277595436282525, 12.631901487032703 ], [ 76.27764853280668, 12.63194084461146 ], [ 76.27769994996811, 12.63197905298426 ], [ 76.27776553215871, 12.632027925065357 ], [ 76.277813037100643, 12.632063422699479 ], [ 76.277863346993101, 12.632101111062818 ], [ 76.277899775222323, 12.632128466148838 ], [ 76.277915225558203, 12.63214008384749 ], [ 76.277923392688621, 12.632199649705422 ], [ 76.27793211403079, 12.63226384818757 ], [ 76.277936975574775, 12.63229994337598 ], [ 76.277944635413846, 12.632357275842326 ], [ 76.277954191208451, 12.632429701178625 ], [ 76.277963460207417, 12.632501100839209 ], [ 76.277971948323724, 12.632567640224611 ], [ 76.277977272092699, 12.632610048279048 ], [ 76.277977831299609, 12.632614575101064 ], [ 76.277985430251618, 12.632676139005945 ], [ 76.277985516607131, 12.632685552903002 ], [ 76.277985585617955, 12.632693143329451 ], [ 76.277985972789068, 12.632743834821262 ], [ 76.277986152473687, 12.632785376087051 ], [ 76.277986334099381, 12.632827307911199 ], [ 76.27798640458316, 12.632907647906915 ], [ 76.27798626121438, 12.632966808762134 ], [ 76.277985896798114, 12.633031508240128 ], [ 76.277985260937086, 12.633099014416095 ], [ 76.277984478838647, 12.633158951329753 ], [ 76.277983507063055, 12.633222958470322 ], [ 76.277982884894513, 12.633271354786366 ], [ 76.277983770246578, 12.633347455203911 ], [ 76.277991866521191, 12.633419796209591 ], [ 76.277994786179562, 12.633442294111079 ], [ 76.278632856099321, 12.633420099007253 ], [ 76.279227244553098, 12.633377572744514 ], [ 76.279368212171391, 12.633368730831419 ], [ 76.27930874541407, 12.633070235492779 ], [ 76.279307907061636, 12.633056047987568 ], [ 76.279321709963398, 12.633052742421697 ], [ 76.279305356247207, 12.632896710454888 ], [ 76.279294537527164, 12.632793484340089 ], [ 76.279276478383593, 12.632343009638799 ], [ 76.27926432505754, 12.632222241496489 ], [ 76.279257601866192, 12.632163377590963 ], [ 76.279235099214887, 12.631966365490348 ], [ 76.279223015800383, 12.631860571475686 ], [ 76.279214104866639, 12.631782557641269 ], [ 76.279189242491299, 12.631776555266551 ], [ 76.27905174901872, 12.631743516377519 ], [ 76.279005886192365, 12.631732613246333 ], [ 76.278914608494034, 12.631710913302495 ], [ 76.279085880389204, 12.631120208339455 ], [ 76.279138094359354, 12.631119627977311 ], [ 76.279164605285445, 12.631254645398274 ], [ 76.279216813835006, 12.63125426575262 ], [ 76.279298376564697, 12.63125308081425 ], [ 76.279779958666808, 12.631246086711229 ], [ 76.280259202141607, 12.63100595947747 ], [ 76.280267006710687, 12.631002007304787 ], [ 76.280429493963183, 12.630846293278957 ], [ 76.280705396718616, 12.630800222640271 ], [ 76.280729046753223, 12.630796273038005 ], [ 76.281220722172321, 12.630706647363956 ], [ 76.281533761006415, 12.630643974720178 ], [ 76.281523793944501, 12.630600607243769 ], [ 76.281520156987639, 12.630584783231454 ], [ 76.281491178960266, 12.630458699567273 ], [ 76.281390186549856, 12.63001648922747 ], [ 76.281387130463315, 12.630003058262705 ], [ 76.2812623170162, 12.62945454527687 ], [ 76.28124062054458, 12.62935919642411 ], [ 76.281174650274878, 12.62906927552083 ], [ 76.281154923157828, 12.629014257749477 ], [ 76.281112129583775, 12.628894905299466 ], [ 76.281107599943297, 12.628882272483432 ], [ 76.281093725569832, 12.628858043457946 ], [ 76.28107375156516, 12.628823140182162 ], [ 76.280922940985576, 12.628559613725411 ], [ 76.28089948070928, 12.628518603757726 ], [ 76.280877569470107, 12.628480300433132 ], [ 76.280876885945915, 12.628479102177053 ], [ 76.280731398227374, 12.628059551740902 ], [ 76.280632964925857, 12.627775692842405 ], [ 76.280449546986262, 12.627210361316639 ], [ 76.280327073412636, 12.627210603636872 ], [ 76.280320496466956, 12.627199269857865 ], [ 76.280265307561805, 12.627104096930598 ], [ 76.280184560470417, 12.626995819744923 ], [ 76.280184193733078, 12.626995195872906 ], [ 76.280181752344149, 12.62699205411373 ], [ 76.280053777974288, 12.626820463881527 ], [ 76.280019650968867, 12.626702053235613 ], [ 76.279992487948121, 12.626607826180807 ], [ 76.279983622081943, 12.626579389815355 ], [ 76.279973182601793, 12.626545889946359 ], [ 76.279961860030312, 12.6265095636009 ], [ 76.279952383234516, 12.626479158339649 ], [ 76.279934705798908, 12.626422462544994 ], [ 76.279922295322834, 12.626382663373226 ], [ 76.279911921483176, 12.626349400961214 ], [ 76.279897437008159, 12.626302954002472 ], [ 76.279883930245433, 12.626259662154135 ], [ 76.279876579056193, 12.626236095189157 ], [ 76.279871330003346, 12.626219278940804 ], [ 76.279870162048184, 12.626211928850871 ], [ 76.279870065660688, 12.626211613785088 ], [ 76.279868587855901, 12.626202675787685 ], [ 76.279858612161476, 12.626142286897176 ], [ 76.279835842540876, 12.626004596220293 ], [ 76.279801128240209, 12.62588929208472 ], [ 76.279782574226232, 12.625827914566147 ], [ 76.279765853819413, 12.625772603749901 ], [ 76.279747020552435, 12.625710418403695 ], [ 76.279686272660442, 12.625510417174819 ], [ 76.27963491765567, 12.625342087334669 ], [ 76.279622070486511, 12.625299975755208 ], [ 76.27961949982469, 12.625291565559897 ], [ 76.279580377210621, 12.625109996288108 ], [ 76.279579593180372, 12.625106354748102 ], [ 76.279566396354411, 12.625045197428239 ], [ 76.279560306316, 12.625016975558568 ], [ 76.279503483326579, 12.624753654519505 ], [ 76.279486114126982, 12.624673354961837 ], [ 76.279410815900519, 12.624326082567263 ], [ 76.279409009129267, 12.624318555620331 ], [ 76.279338242545975, 12.624023762088795 ], [ 76.279335699718331, 12.624013167467794 ], [ 76.279313291711404, 12.623960164883757 ], [ 76.279303576757883, 12.623937184221127 ], [ 76.279280942405251, 12.623883646591088 ], [ 76.279267489304544, 12.623851840013572 ], [ 76.279242023728145, 12.623777463060971 ], [ 76.279237166196069, 12.623763274012564 ], [ 76.279180250874603, 12.623596458790894 ], [ 76.279162478922075, 12.623544369703 ], [ 76.279153266582057, 12.623517301933772 ], [ 76.279170310443334, 12.623343940112969 ], [ 76.279196356363713, 12.623074925578816 ], [ 76.279217029685697, 12.622855176370098 ], [ 76.279228481730456, 12.622731058321651 ], [ 76.279232140112924, 12.622691041936308 ], [ 76.279232294677584, 12.62267972195967 ], [ 76.279234975169516, 12.622459019271705 ], [ 76.279237074731284, 12.622231263827995 ], [ 76.279264507555894, 12.622046852119304 ], [ 76.279285722595915, 12.62190186331946 ], [ 76.279296980497222, 12.621823903728261 ], [ 76.279321856733716, 12.621648550616507 ], [ 76.279350376260908, 12.621440156261054 ], [ 76.279317977740064, 12.62123359713495 ], [ 76.279284620336426, 12.621021536669428 ], [ 76.279233667436387, 12.620698897783479 ], [ 76.279211480009053, 12.62055884083806 ], [ 76.279180623830925, 12.620364531957678 ], [ 76.279167536485986, 12.620224883443566 ], [ 76.27913456805291, 12.619876827458759 ], [ 76.279128169398078, 12.619809781681973 ], [ 76.279081827099176, 12.619327716430648 ], [ 76.279183233376415, 12.618901191441463 ], [ 76.279419695197745, 12.617898206387625 ], [ 76.279536864295636, 12.617395908839507 ], [ 76.279618011758913, 12.61704612980439 ], [ 76.279655357270897, 12.61704546082554 ], [ 76.280439404821109, 12.617031412968664 ], [ 76.28118313141961, 12.617019159226217 ], [ 76.281389782756136, 12.617015880319606 ], [ 76.281590632466248, 12.617012733972071 ], [ 76.281592950245383, 12.617012697533701 ], [ 76.282041054704749, 12.616946456387948 ], [ 76.282326737749358, 12.616904221534719 ], [ 76.282452664511723, 12.61688560638801 ], [ 76.282454644086215, 12.616885312996274 ], [ 76.282627812201341, 12.616859737212616 ], [ 76.282637486566074, 12.616858308388814 ], [ 76.282675376371643, 12.616852712693317 ], [ 76.282777074705933, 12.616830715843951 ], [ 76.283176716913815, 12.616744196326056 ], [ 76.283946645039208, 12.616577295358711 ], [ 76.284690126399724, 12.616415947651129 ], [ 76.285283446315574, 12.616286915970417 ], [ 76.285354008148417, 12.616271534995311 ], [ 76.285401865347637, 12.616252993192198 ], [ 76.285636959777946, 12.616161908092876 ], [ 76.285896406508229, 12.616064781037032 ], [ 76.286309158202911, 12.61591259761979 ], [ 76.286490470159791, 12.615845933587556 ], [ 76.286622264698565, 12.615797514775519 ], [ 76.286622291335178, 12.615797502894019 ], [ 76.286942929073149, 12.615641806034363 ], [ 76.286962016571465, 12.615657264405954 ], [ 76.28697523945408, 12.615667972920605 ], [ 76.287070200687566, 12.615633171606664 ], [ 76.287186798445148, 12.615590441077652 ], [ 76.287281279543777, 12.615555915043037 ], [ 76.287287818174988, 12.615559225043219 ], [ 76.287872851310652, 12.615855359886803 ], [ 76.288395238430169, 12.616105646298417 ], [ 76.289536370285219, 12.616477625633472 ], [ 76.290446524839481, 12.616778736104722 ], [ 76.290738789243193, 12.616850944469297 ], [ 76.290746213056636, 12.616898433831496 ], [ 76.290763075840488, 12.616897535026709 ], [ 76.290903244835192, 12.617793494864321 ], [ 76.29086366030235, 12.618059685454641 ], [ 76.290728293625705, 12.618265100611486 ], [ 76.290730835165931, 12.618772208054351 ], [ 76.29075636525333, 12.619200743896331 ], [ 76.290772797718859, 12.619369066366346 ], [ 76.29086318394296, 12.619816779847927 ], [ 76.290861848029166, 12.619816928249096 ], [ 76.290866032659636, 12.619833222297702 ], [ 76.290866175853424, 12.619834057887443 ], [ 76.290866507908916, 12.619836024483153 ], [ 76.290878519083208, 12.619907208601209 ], [ 76.29092505136299, 12.620182393441505 ], [ 76.291177059090401, 12.621234592572462 ], [ 76.291201759450715, 12.621910234077761 ], [ 76.291298688984952, 12.622418079902488 ], [ 76.291717305658679, 12.623325041998811 ], [ 76.291991001594553, 12.623867913270882 ], [ 76.291995756662601, 12.624208760404938 ], [ 76.292093605532528, 12.624898997328614 ], [ 76.292330411126173, 12.62597727294161 ], [ 76.292432555332923, 12.626489626606867 ], [ 76.292479018560343, 12.626722310856016 ], [ 76.292490570395202, 12.626780113809319 ], [ 76.292596915338791, 12.626757854474256 ], [ 76.292729318291435, 12.626730257698968 ], [ 76.293201551451816, 12.626632883022221 ], [ 76.293209668087442, 12.626654649374478 ], [ 76.293209688648773, 12.62665471075278 ], [ 76.293266738660634, 12.626807563186498 ], [ 76.293334528470041, 12.626997081251186 ], [ 76.293339739480942, 12.627011648870097 ], [ 76.293355870189743, 12.627056744320539 ], [ 76.293496560510434, 12.627439280606513 ], [ 76.293561071005186, 12.627614770377951 ], [ 76.293564369239078, 12.627614173059969 ], [ 76.293591277510146, 12.627609296148874 ], [ 76.293661042562036, 12.62759665418775 ], [ 76.294274220796282, 12.627485536389234 ], [ 76.294544517393319, 12.627437137583074 ], [ 76.294619157081044, 12.627423809938199 ], [ 76.294802060702551, 12.627355938644246 ], [ 76.294852464576408, 12.627337235308874 ], [ 76.29511396841967, 12.627240198058592 ], [ 76.295169497890868, 12.62737895268325 ], [ 76.295294018005492, 12.627690137050381 ], [ 76.295464044495247, 12.628339321941555 ], [ 76.295494385416518, 12.628454349845107 ], [ 76.29558429407173, 12.628788569994766 ], [ 76.295637570420482, 12.628755793092196 ], [ 76.295934613024514, 12.628573042208545 ], [ 76.29607499698885, 12.628385149293539 ], [ 76.296201408932305, 12.628331219407048 ], [ 76.296640424315441, 12.628144111992453 ], [ 76.296683000740046, 12.628155989097793 ], [ 76.296824914190353, 12.628195577326307 ], [ 76.296877109602335, 12.628210137987004 ], [ 76.297296137948194, 12.628327029832413 ], [ 76.297480091547399, 12.628378353545735 ], [ 76.297788477520484, 12.628545692659593 ], [ 76.297890138734644, 12.628600859097066 ], [ 76.297922013130332, 12.628618160130761 ], [ 76.297906958162002, 12.628856055876094 ], [ 76.298041283585036, 12.628885587101172 ], [ 76.298562592718611, 12.629000195394838 ], [ 76.298590912987819, 12.629006407849804 ], [ 76.298604023046835, 12.629061291652143 ], [ 76.298617490499112, 12.629117673591615 ], [ 76.298628839164223, 12.629165199475056 ], [ 76.298641159673565, 12.629272857690626 ], [ 76.299358886798032, 12.629110888684895 ], [ 76.299644460226773, 12.628986904652693 ], [ 76.299633454586825, 12.628911819732799 ], [ 76.299627292768577, 12.628880229363872 ], [ 76.299625620938471, 12.628871655929704 ], [ 76.299592798389625, 12.628703466079374 ], [ 76.299564836502526, 12.628560408719144 ], [ 76.299552574424325, 12.628497742097814 ], [ 76.299531582389079, 12.628380935254301 ], [ 76.299520304937872, 12.628318184273887 ], [ 76.29952029731767, 12.628318133682221 ], [ 76.299519362318605, 12.628306895030153 ], [ 76.299518003477246, 12.628275895135488 ], [ 76.29951257514017, 12.62815273903326 ], [ 76.299507517919821, 12.628038536992058 ], [ 76.299500912703451, 12.627890146361299 ], [ 76.299495432570112, 12.627767846675008 ], [ 76.299495055063701, 12.627759447751631 ], [ 76.299492500469484, 12.627702576040946 ], [ 76.299492420901245, 12.627700674232676 ], [ 76.299501793124136, 12.627687855668279 ], [ 76.299515934238386, 12.627668522544148 ], [ 76.299529402461772, 12.62765011305564 ], [ 76.29954441123553, 12.627629596777087 ], [ 76.299560281235529, 12.627607899184106 ], [ 76.299575061378889, 12.627587684174134 ], [ 76.299594219081882, 12.627561486303005 ], [ 76.299613981097224, 12.627534458249293 ], [ 76.299621270615162, 12.627524492270323 ], [ 76.299635557934138, 12.627504946873175 ], [ 76.299651584189888, 12.627483021589461 ], [ 76.299669258893985, 12.627458845239815 ], [ 76.29969076621687, 12.627429425511473 ], [ 76.299706592206775, 12.627407767905874 ], [ 76.299726815819795, 12.62738009117621 ], [ 76.299747846721161, 12.627351308432912 ], [ 76.299761210557122, 12.627333016070844 ], [ 76.29975737708277, 12.627321503135031 ], [ 76.299754242802322, 12.627312087887733 ], [ 76.299750029776192, 12.627299427708033 ], [ 76.299743903384453, 12.627281040426478 ], [ 76.299738511666078, 12.627264849205844 ], [ 76.299736443999663, 12.62725755245928 ], [ 76.299732753774876, 12.627244509112568 ], [ 76.299728986836044, 12.627231222940466 ], [ 76.299725541340194, 12.62721906169295 ], [ 76.299722005854278, 12.627206580837436 ], [ 76.299717785177236, 12.627191675850014 ], [ 76.299715710019839, 12.627184353825248 ], [ 76.29971298048973, 12.627173418646162 ], [ 76.299709954016592, 12.627161287904313 ], [ 76.299705846988871, 12.627144824623784 ], [ 76.299702646714877, 12.627132002198891 ], [ 76.299700023332832, 12.627121486902224 ], [ 76.299696652069827, 12.627107982725544 ], [ 76.299693135188704, 12.627093898835216 ], [ 76.299689638957645, 12.627079893499628 ], [ 76.299685350643685, 12.62706271416171 ], [ 76.299683306096114, 12.627054525873497 ], [ 76.299679196333599, 12.627038067125872 ], [ 76.299674358442942, 12.627018702577665 ], [ 76.299669700912688, 12.62700005228238 ], [ 76.299666222609105, 12.626986132746975 ], [ 76.299661887375862, 12.626968776436051 ], [ 76.299657883831671, 12.626952751131396 ], [ 76.299653901926717, 12.626936817937949 ], [ 76.299650194396634, 12.626921986392258 ], [ 76.299646551659691, 12.626907406770718 ], [ 76.299643205852064, 12.626894019999765 ], [ 76.299637773230828, 12.626872277889856 ], [ 76.299631252694212, 12.626846203276308 ], [ 76.299627296177945, 12.626830374832284 ], [ 76.299625933800897, 12.626824923503733 ], [ 76.299623692965994, 12.626815964985676 ], [ 76.299620825365025, 12.626804484409476 ], [ 76.299617839472518, 12.626792548750279 ], [ 76.299614386555817, 12.62677873305965 ], [ 76.29961092805226, 12.626764904738929 ], [ 76.299607487359395, 12.626751139617364 ], [ 76.29960332603703, 12.626734494876816 ], [ 76.299600043181584, 12.626721359133901 ], [ 76.299596474654933, 12.62670707207322 ], [ 76.299593126037053, 12.626693674465628 ], [ 76.299587957408562, 12.62667298161521 ], [ 76.299583569600117, 12.626655420330291 ], [ 76.299579821619034, 12.626640415395176 ], [ 76.299576520846628, 12.626627194754896 ], [ 76.2995725519648, 12.626611285905803 ], [ 76.299570441607798, 12.626602824902475 ], [ 76.299568101088852, 12.626593449181426 ], [ 76.299564427171859, 12.626578708782215 ], [ 76.299561227739332, 12.626565867363906 ], [ 76.299555778777446, 12.626543985196847 ], [ 76.299553651344922, 12.62653542392291 ], [ 76.299550132349154, 12.626521282177496 ], [ 76.299546551145127, 12.626506853235732 ], [ 76.299544022439449, 12.626496671082368 ], [ 76.299540241895713, 12.626481414968895 ], [ 76.299537391611679, 12.626469898143091 ], [ 76.299533907841308, 12.626455804142221 ], [ 76.299530642133462, 12.626442598699441 ], [ 76.299527635627328, 12.626430407282333 ], [ 76.299524826492956, 12.626419017731894 ], [ 76.299518884622671, 12.62639486780494 ], [ 76.299514767768741, 12.626378093560742 ], [ 76.299513325874585, 12.626372207753091 ], [ 76.299511239182934, 12.626363692388415 ], [ 76.299507974574951, 12.626350339573754 ], [ 76.299501995181529, 12.626325867974279 ], [ 76.299501413312512, 12.626323485830229 ], [ 76.299374387248818, 12.626346045642325 ], [ 76.299217221405129, 12.626373926222268 ], [ 76.299217083230076, 12.626370808703701 ], [ 76.299214614018908, 12.626312958341408 ], [ 76.299210321735487, 12.626212370781781 ], [ 76.29920885249139, 12.626119729046792 ], [ 76.29920242289792, 12.626080471499993 ], [ 76.299166446015263, 12.625860789293219 ], [ 76.299159797292447, 12.62582042801756 ], [ 76.299156532194473, 12.625796576955215 ], [ 76.299123322235843, 12.625554007892498 ], [ 76.299080126283357, 12.625246031618563 ], [ 76.299080060351159, 12.625245553678154 ], [ 76.299045625456017, 12.624991889276513 ], [ 76.299043817803422, 12.624975362346703 ], [ 76.299045930160005, 12.624973646958857 ], [ 76.299071414787292, 12.624952900712664 ], [ 76.299117565225359, 12.624915322856372 ], [ 76.299205148978203, 12.624873536384824 ], [ 76.299303531379593, 12.624826519615191 ], [ 76.299364246867995, 12.624797457816683 ], [ 76.299391237440503, 12.624784538113978 ], [ 76.299491822160604, 12.624736318069269 ], [ 76.29949989832636, 12.624678865690459 ], [ 76.299500868734569, 12.624671960079667 ], [ 76.299519779370854, 12.624535408025491 ], [ 76.299525280869389, 12.624495681932821 ], [ 76.2995256200428, 12.624493208511165 ], [ 76.2995429312206, 12.624365876876814 ], [ 76.299543637587021, 12.624360645110043 ], [ 76.299544901968446, 12.624351248215865 ], [ 76.29955190256635, 12.624299202985052 ], [ 76.299557871684513, 12.624254548252338 ], [ 76.299673916797772, 12.624263674068031 ], [ 76.299785301811951, 12.624272224023041 ], [ 76.299941229493612, 12.624283807168197 ], [ 76.300084710298364, 12.624293977193537 ], [ 76.300211316837945, 12.624302485367002 ], [ 76.300382778447485, 12.624311904135832 ], [ 76.300384233328373, 12.624311977510715 ], [ 76.300489378592474, 12.62431668085185 ], [ 76.300603922154991, 12.624303191551375 ], [ 76.300674765265981, 12.624294847867622 ], [ 76.300675618271669, 12.624294775000054 ], [ 76.300763006901192, 12.624288438191851 ], [ 76.300763285922159, 12.624291552309742 ], [ 76.300768879265505, 12.624355480943578 ], [ 76.300776322489952, 12.624442814560235 ], [ 76.300982971392827, 12.624374826338851 ], [ 76.300988290842568, 12.624373076317992 ], [ 76.301049845749418, 12.624747475243476 ], [ 76.301140878944935, 12.624735284661536 ], [ 76.301117921077335, 12.624347442813592 ], [ 76.30111285254894, 12.624213793110817 ], [ 76.301093078596523, 12.623988313933836 ], [ 76.301083739683492, 12.6238818265838 ], [ 76.301059617974985, 12.623637046479644 ], [ 76.301056734462932, 12.623577976759666 ], [ 76.301056294329612, 12.623565206893481 ], [ 76.301005034096491, 12.623230777971065 ], [ 76.30100268469991, 12.623209992749864 ], [ 76.300996748757669, 12.623152411563083 ], [ 76.300974947298315, 12.622631318995927 ], [ 76.300969823881658, 12.622471465523249 ], [ 76.300964234960716, 12.622297094706708 ], [ 76.300959390442102, 12.622112633379146 ], [ 76.300959260641577, 12.622107896604627 ], [ 76.300958153222624, 12.62206763946574 ], [ 76.300954853434547, 12.621947669862392 ], [ 76.301258495210348, 12.621813611167584 ], [ 76.30153799815001, 12.621787658303568 ], [ 76.301763315833782, 12.621766861402548 ], [ 76.30202199447055, 12.621792603010849 ], [ 76.3020964419064, 12.621799943583895 ], [ 76.302096793732446, 12.621799977127051 ], [ 76.302202545350553, 12.621810292199914 ], [ 76.302344320848889, 12.621820841933125 ], [ 76.302438214380942, 12.621827644532869 ], [ 76.30250109749467, 12.621826215738739 ], [ 76.302743305652825, 12.621820710463657 ], [ 76.302882213233531, 12.621817182840223 ], [ 76.30311996879955, 12.621810633041155 ], [ 76.303124883004642, 12.621810495136666 ], [ 76.303476168990514, 12.621799359458768 ], [ 76.303587632883279, 12.621795342563185 ], [ 76.303604321541513, 12.621794741215592 ], [ 76.303639711435423, 12.62179340030854 ], [ 76.303696585269023, 12.621797650204931 ] ], [ [ 77.292519422147436, 12.368627351380404 ], [ 77.292487043338653, 12.369071476896394 ], [ 77.292526461117077, 12.369540909372541 ], [ 77.292403673931261, 12.370322893905882 ], [ 77.292316730424361, 12.371016030956243 ], [ 77.291691785518978, 12.371138494738743 ], [ 77.291259525609505, 12.371493798980371 ], [ 77.290621506341495, 12.371361720226883 ], [ 77.290015079083219, 12.371239625736774 ], [ 77.290198715401658, 12.370327536437356 ], [ 77.290743974788953, 12.370212930765939 ], [ 77.290772317823411, 12.36956238933495 ], [ 77.290544362178508, 12.368783055622558 ], [ 77.291815309731575, 12.368605900081143 ], [ 77.292519422147436, 12.368627351380404 ] ], [ [ 77.305587333590168, 12.360825557267139 ], [ 77.305520399794105, 12.360780778556638 ], [ 77.305477165412995, 12.36075185500537 ], [ 77.30515677635826, 12.360537515445612 ], [ 77.304804709613293, 12.360325316082573 ], [ 77.304527314573093, 12.360308538894088 ], [ 77.304489665799679, 12.359897621848125 ], [ 77.304030810020308, 12.359710235135672 ], [ 77.303752667468856, 12.359052700977937 ], [ 77.302948573115387, 12.359052220576508 ], [ 77.302697179331759, 12.359052069743557 ], [ 77.30272497471357, 12.358701026878483 ], [ 77.30276441194269, 12.358202944306813 ], [ 77.302779223730781, 12.358015869690895 ], [ 77.302806672302651, 12.357669200709038 ], [ 77.302686848203592, 12.357316360595739 ], [ 77.302491677138676, 12.35724628378817 ], [ 77.302479832232237, 12.357140893969937 ], [ 77.302470384678983, 12.357056839774367 ], [ 77.302402008205704, 12.356448479801559 ], [ 77.302649129017823, 12.356341189437094 ], [ 77.302698318218162, 12.355848247427641 ], [ 77.30303688333187, 12.355630201229443 ], [ 77.303141110550641, 12.355868410029618 ], [ 77.303306898186236, 12.355360135234495 ], [ 77.303118274451975, 12.354926586992805 ], [ 77.303118334402953, 12.353821987734097 ], [ 77.303382763590506, 12.354025368356162 ], [ 77.303613818944612, 12.354305540144203 ], [ 77.303763994516075, 12.354792013759148 ], [ 77.303748223582957, 12.354953891910545 ], [ 77.303732755394932, 12.355112659858481 ], [ 77.303526301516314, 12.355420442406714 ], [ 77.303394392914484, 12.355909303087282 ], [ 77.303470261685007, 12.356557359535204 ], [ 77.303070953390588, 12.356744074941034 ], [ 77.302936197369789, 12.356907796650535 ], [ 77.302918835655632, 12.357147034192113 ], [ 77.303029267045801, 12.357538207746943 ], [ 77.303457262106193, 12.357534585861716 ], [ 77.303469083337234, 12.35777357636815 ], [ 77.303654150310209, 12.357800700794416 ], [ 77.30400633920253, 12.358027246767973 ], [ 77.304537220412968, 12.35866351414516 ], [ 77.304622898578486, 12.358734462227195 ], [ 77.304743000491257, 12.358833916147965 ], [ 77.304882617244616, 12.359224841156786 ], [ 77.305651989847391, 12.35932352354367 ], [ 77.305640668432801, 12.359696600126663 ], [ 77.305784102148479, 12.359967947830041 ], [ 77.30598053350819, 12.360181463902871 ], [ 77.306286816427061, 12.360164522855062 ], [ 77.306295537050033, 12.360049685994383 ], [ 77.305925524827799, 12.360009785585932 ], [ 77.305919991246043, 12.359378634274089 ], [ 77.30609826788826, 12.359185851673935 ], [ 77.306975225863241, 12.358795875284088 ], [ 77.307001345995303, 12.358446583047469 ], [ 77.307199608230334, 12.358370398624855 ], [ 77.307204945328522, 12.358368348191442 ], [ 77.307668745588117, 12.358010563143175 ], [ 77.308015615706978, 12.35873923578165 ], [ 77.308115736997678, 12.358508861004227 ], [ 77.308436607217956, 12.358491794166511 ], [ 77.308312622492252, 12.357665595660002 ], [ 77.308565108363211, 12.3576156360313 ], [ 77.308734792162483, 12.358106721537204 ], [ 77.308943926813086, 12.358104947365156 ], [ 77.309131266738987, 12.358944952972571 ], [ 77.308972908269226, 12.359190167464829 ], [ 77.307823130531716, 12.359529864500102 ], [ 77.307914597698527, 12.359577445511846 ], [ 77.307982962628657, 12.359613008766528 ], [ 77.308248236662934, 12.359751003462499 ], [ 77.308147241837261, 12.360990344230316 ], [ 77.308398687212076, 12.361375536489374 ], [ 77.308407123919366, 12.362336605021909 ], [ 77.307800802916319, 12.362528239183497 ], [ 77.307347223464745, 12.362388632685617 ], [ 77.307363321893348, 12.362005951797482 ], [ 77.306696539435123, 12.361959006246193 ], [ 77.306484299809981, 12.362161640643343 ], [ 77.306496207718297, 12.362410193894444 ], [ 77.305352281614347, 12.362864596708256 ], [ 77.305330396533506, 12.362032748559308 ], [ 77.305660245072303, 12.361929535034937 ], [ 77.305613202458133, 12.361002264659577 ], [ 77.305587333590168, 12.360825557267139 ] ], [ [ 77.302289286621786, 12.354172883113122 ], [ 77.302239280003576, 12.353907323549347 ], [ 77.302208932147337, 12.353746158829122 ], [ 77.302337513536997, 12.353675209562141 ], [ 77.302461266847388, 12.353606923463094 ], [ 77.302631673607891, 12.353512895424508 ], [ 77.302746280030433, 12.35410367527353 ], [ 77.302862417046953, 12.35417442084553 ], [ 77.302842231201922, 12.354646795358434 ], [ 77.302583222778722, 12.354923940016111 ], [ 77.302664295502638, 12.355156367348172 ], [ 77.302495012634068, 12.355265390236676 ], [ 77.302289286621786, 12.354172883113122 ] ], [ [ 77.293798015158288, 12.354188527665679 ], [ 77.294044566789452, 12.354201489708801 ], [ 77.294641775057698, 12.355541367860987 ], [ 77.294752699767855, 12.356053278012711 ], [ 77.294697391675257, 12.356425296238603 ], [ 77.294828009705824, 12.356753880785416 ], [ 77.294845011994695, 12.357028097961113 ], [ 77.294851626788684, 12.357372383329828 ], [ 77.294866016005187, 12.357449564921751 ], [ 77.294303327202243, 12.357375066514425 ], [ 77.293605317351293, 12.358768472105318 ], [ 77.293291534848535, 12.358781917778375 ], [ 77.292991222271908, 12.358736674811805 ], [ 77.29309340046116, 12.359275165499962 ], [ 77.293123480667845, 12.359672629576016 ], [ 77.292481645492614, 12.35972028128467 ], [ 77.291543013328649, 12.359727808314654 ], [ 77.291113129506087, 12.361097273932565 ], [ 77.290570031265986, 12.361080914084363 ], [ 77.290575427205042, 12.360884973571688 ], [ 77.290316393747787, 12.361432777846135 ], [ 77.290308727543248, 12.361637825544006 ], [ 77.289450759226682, 12.361730885215129 ], [ 77.288966253324773, 12.361777594250997 ], [ 77.288321212911114, 12.361700304766883 ], [ 77.288198165003109, 12.36161999884124 ], [ 77.288101568861407, 12.361347327896695 ], [ 77.287887059672954, 12.360172794891509 ], [ 77.289033136937491, 12.359402842800554 ], [ 77.288977407930233, 12.359019353816221 ], [ 77.288857096319589, 12.358149072880451 ], [ 77.288601145872562, 12.356874339051309 ], [ 77.28832354723815, 12.356170199360786 ], [ 77.28742416217132, 12.354968903167558 ], [ 77.287282773160811, 12.354012425738347 ], [ 77.287523178667954, 12.353967740629189 ], [ 77.288905940793512, 12.353798644913272 ], [ 77.289040125858449, 12.353926594005946 ], [ 77.289418235085932, 12.354287129601754 ], [ 77.289463619200674, 12.354444144818666 ], [ 77.29053718402065, 12.354251954278565 ], [ 77.292348393234533, 12.35380236015564 ], [ 77.292566196036631, 12.35314115273221 ], [ 77.292986858658992, 12.353158542499811 ], [ 77.293147659418906, 12.35321045856095 ], [ 77.293488864071961, 12.35334793992946 ], [ 77.293526626381734, 12.35397578538292 ], [ 77.293532718903649, 12.354205817666729 ], [ 77.293798015158288, 12.354188527665679 ] ], [ [ 77.300412543605063, 12.319455409187709 ], [ 77.300341504680972, 12.317373984115195 ], [ 77.30002507498142, 12.316847794582987 ], [ 77.300207091006172, 12.315940858610873 ], [ 77.300318527561714, 12.315594313855511 ], [ 77.302162547725075, 12.314826367675426 ], [ 77.303007009085007, 12.315016660670175 ], [ 77.304130065997185, 12.315770484930075 ], [ 77.304146136471644, 12.315821916945243 ], [ 77.304370074386938, 12.316538592327293 ], [ 77.303757272306186, 12.317095977528071 ], [ 77.303035535563694, 12.317663959764779 ], [ 77.302919677713845, 12.317755135816224 ], [ 77.302911510337196, 12.318043423748144 ], [ 77.302411878168797, 12.318278058003855 ], [ 77.302374021156169, 12.318295835810767 ], [ 77.301801832195011, 12.318806669964214 ], [ 77.301776938226268, 12.318828894602708 ], [ 77.30122142569347, 12.320194556287312 ], [ 77.300940683016094, 12.320029407970948 ], [ 77.300795288763879, 12.31994387951549 ], [ 77.300774420481304, 12.319907552450331 ], [ 77.300621992248381, 12.319642207863856 ], [ 77.300412543605063, 12.319455409187709 ] ] ] } }
]
}
